Household_repeated_measure_Id	Household_Id	Collection date [EUPATH_0020003]	Anopheles arabiensis count, by PCR [EUPATH_0020263]	Anopheles dissected for parity count [EUPATH_0000194]	Anopheles gambiae sensu lato tested by PCR count [EUPATH_0020262]	Anopheles gambiae sensu stricto count, by PCR [EUPATH_0020264]	Anopheles nulliparous count [EUPATH_0000195]	Anopheles parous count [EUPATH_0000196]	Bloodfed Anopheles funestus count [EUPATH_0000192]	Bloodfed Anopheles gambiae count [EUPATH_0000193]	Bloodfed other Anopheles species count [EUPATH_0020082]	Collection end time [EUPATH_0020183]	Collection room number [EUPATH_0020178]	Collection start time [EUPATH_0020179]	Collection working [EUPATH_0020180]	Culex count [EUPATH_0020210]	Female Anopheles count [EUPATH_0000135]	Female Anopheles funestus count [EUPATH_0000136]	Female Anopheles gambiae count [EUPATH_0000137]	Gravid Anopheles funestus count [EUPATH_0000197]	Gravid Anopheles gambiae count [EUPATH_0000198]	Gravid or semigravid other Anopheles species count [EUPATH_0020086]	Other female Anopheles species count [EUPATH_0000200]	Unable to assess Anopheles funestus count [EUPATH_0000202]	Unable to assess Anopheles gambiae count [EUPATH_0000203]	Unable to assess other Anopheles species count [EUPATH_0020188]	Unfed Anopheles funestus count [EUPATH_0000204]	Unfed Anopheles gambiae count [EUPATH_0000205]	Unfed other Anopheles species count [EUPATH_0020197]
101008404211251	101008404	2017-10-30		0			0	0	0	0	0	12.07	1	19.000	Working	0	0	0	0	0	0	0	0	0	0	0	0	0	0
101008404211401	101008404	2017-11-14	1	3	1	0	1	2	0	0	0	13.95	1	19.000	Working	0	3	0	3	0	0	0	0	0	0	0	0	3	0
101008404211571	101008404	2017-12-01		1			0	1	0	1	0	12.28	1	19.000	Working	0	3	0	2	0	0	0	1	0	0	0	0	1	1
101008404211711	101008404	2017-12-15		0			0	0	0	0	0	13.98	1	19.000	Working	0	0	0	0	0	0	0	0	0	0	0	0	0	0
101008404211861	101008404	2017-12-30	2	1	2	0	0	1	0	0	0	13.40	1	19.000	Working	0	2	0	2	0	0	0	0	0	1	0	0	1	0
101008404212001	101008404	2018-01-13		0			0	0	0	0	0	13.63	1	19.000	Working	0	0	0	0	0	0	0	0	0	0	0	0	0	0
101008404212131	101008404	2018-01-26		0			0	0	0	0	0	13.83	1	19.000	Working	0	0	0	0	0	0	0	0	0	0	0	0	0	0
101008404212271	101008404	2018-02-09		0			0	0	0	0	0	13.75	1	19.000	Working	0	0	0	0	0	0	0	0	0	0	0	0	0	0
101008404212411	101008404	2018-02-23		0			0	0	0	0	0	13.58	1	19.000	Working	0	0	0	0	0	0	0	0	0	0	0	0	0	0
101008404212551	101008404	2018-03-09	5	1	5	0	0	1	0	1	0	12.58	1	19.000	Working	0	5	0	5	0	1	0	0	0	2	0	0	1	0
101008404212691	101008404	2018-03-23		1			1	0	0	0	0	13.70	1	19.000	Working	0	1	1	0	0	0	0	0	0	0	0	1	0	0
101008404212831	101008404	2018-04-06		0			0	0	0	1	0	13.47	1	19.000	Working	0	1	0	1	0	0	0	0	0	0	0	0	0	0
101008404212971	101008404	2018-04-20		1			1	0	0	0	0	13.62	1	19.000	Working	0	1	0	1	0	0	0	0	0	0	0	0	1	0
101008404213111	101008404	2018-05-04		20			15	5	0	0	0	13.58	1	19.000	Working	0	21	0	21	0	1	0	0	0	0	0	0	20	0
101008404213251	101008404	2018-05-18		3			0	3	0	0	0	14.22	1	19.000	Working	0	3	0	3	0	0	0	0	0	0	0	0	3	0
101008404213391	101008404	2018-06-01		11			3	8	0	1	0	12.48	1	19.000	Working	0	12	0	12	0	0	0	0	0	0	0	0	11	0
101008404213531	101008404	2018-06-15		4			2	2	0	0	0	13.53	1	19.000	Working	0	4	0	4	0	0	0	0	0	0	0	0	4	0
101008404213671	101008404	2018-06-29	1	2	1	0	1	1	0	1	0	13.60	1	19.000	Working	0	3	0	3	0	0	0	0	0	0	0	0	2	0
101008404213811	101008404	2018-07-13		1			0	1	0	0	0	13.72	1	19.000	Working	0	2	0	1	0	0	0	1	0	0	0	0	1	1
101008404213951	101008404	2018-07-27		0			0	0	0	0	0	13.68	1	19.000	Working	0	0	0	0	0	0	0	0	0	0	0	0	0	0
101008404214091	101008404	2018-08-10	1	0	1	0	0	0	0	1	0	11.83	1	19.000	Working	0	1	0	1	0	0	0	0	0	0	0	0	0	0
101008404214231	101008404	2018-08-24		0			0	0	0	0	0	13.63	1	19.000	Working	0	0	0	0	0	0	0	0	0	0	0	0	0	0
101008404214371	101008404	2018-09-07		2			0	2	0	0	0	12.07	1	19.000	Working	0	3	0	2	0	0	0	1	0	0	0	0	2	1
101008404214531	101008404	2018-09-23	2	3	2	0	1	2	0	0	0	13.67	1	19.000	Working	0	3	0	3	0	0	0	0	0	0	0	0	3	0
101008404214651	101008404	2018-10-05		0			0	0	0	0	0	13.63	1	19.000	Working	0	1	0	1	0	1	0	0	0	0	0	0	0	0
101008404214791	101008404	2018-10-19	1	3	1	0	2	1	0	0	0	13.52	1	19.000	Working	0	3	0	3	0	0	0	0	0	0	0	0	3	0
101008404214931	101008404	2018-11-02	1	0	1	0	0	0	0	0	0	10.92	1	19.000	Working	0	1	0	1	0	1	0	0	0	0	0	0	0	0
101008404215071	101008404	2018-11-16		0			0	0	0	0	0	11.83	1	19.000	Working	0	0	0	0	0	0	0	0	0	0	0	0	0	0
101008404215211	101008404	2018-11-30		0			0	0	0	0	0	13.87	1	19.000	Working	0	0	0	0	0	0	0	0	0	0	0	0	0	0
101008404215351	101008404	2018-12-14		0			0	0	0	0	0	13.70	1	19.000	Working	0	0	0	0	0	0	0	0	0	0	0	0	0	0
101008404215491	101008404	2018-12-28		0			0	0	0	0	0	13.33	1	19.000	Working	4	0	0	0	0	0	0	0	0	0	0	0	0	0
101008404215492	101008404	2018-12-28		0			0	0	0	0	0	13.33	2	19.000		4	0	0	0	0	0	0	0	0	0	0	0	0	0
101008404215631	101008404	2019-01-11		0			0	0	0	0	0	13.57	1	19.000	Working	0	0	0	0	0	0	0	0	0	0	0	0	0	0
101008404215771	101008404	2019-01-25		0			0	0	0	0	0	13.63	1	19.000	Working	0	0	0	0	0	0	0	0	0	0	0	0	0	0
101008404215911	101008404	2019-02-08		0			0	0	0	0	0	13.72	1	19.000	Working	0	0	0	0	0	0	0	0	0	0	0	0	0	0
101008404216051	101008404	2019-02-22		0			0	0	0	0	0	11.68	1	19.000	Working	0	0	0	0	0	0	0	0	0	0	0	0	0	0
101008404216191	101008404	2019-03-08	1	0	1	0	0	0	0	0	0	13.67	1	19.000	Working	0	1	0	1	0	1	0	0	0	0	0	0	0	0
101008404216331	101008404	2019-03-22		0			0	0	0	0	0	13.48	1	19.000	Working	0	0	0	0	0	0	0	0	0	0	0	0	0	0
101008404216471	101008404	2019-04-05		0			0	0	0	0	0	13.78	1	19.000	Working	0	0	0	0	0	0	0	0	0	0	0	0	0	0
101008404216611	101008404	2019-04-19	1	0	1	0	0	0	0	0	0	12.50	1	19.000	Working	0	1	0	1	0	1	0	0	0	0	0	0	0	0
101008404216751	101008404	2019-05-03		0			0	0	0	2	0	13.43	1	19.000	Working	0	2	0	2	0	0	0	0	0	0	0	0	0	0
101008404216891	101008404	2019-05-17		0			0	0	0	0	0	12.23	1	19.000	Working	0	0	0	0	0	0	0	0	0	0	0	0	0	0
101008404217031	101008404	2019-05-31	1	3	1	0	0	3	0	0	0	14.07	1	19.000	Working	0	3	0	3	0	0	0	0	0	0	0	0	3	0
101008404217171	101008404	2019-06-14		4			0	4	0	0	0	13.47	1	19.000	Working	0	4	0	4	0	0	0	0	0	0	0	0	4	0
101008404217311	101008404	2019-06-28		3			2	1	0	0	0	13.63	1	19.000	Working	0	3	0	3	0	0	0	0	0	0	0	0	3	0
101008404217451	101008404	2019-07-12		4			2	2	0	0	0	13.38	1	19.000	Working	0	4	0	4	0	0	0	0	0	0	0	0	4	0
101008404217591	101008404	2019-07-26	1	12	1	0	7	5	0	0	0	13.78	1	19.000	Working	0	14	0	14	0	2	0	0	0	0	0	0	12	0
101008404217731	101008404	2019-08-09		4			3	1	0	0	0	13.72	1	19.000	Working	0	4	0	4	0	0	0	0	0	0	0	0	4	0
101008404217871	101008404	2019-08-23		0			0	0	0	0	0	13.93	1	19.000	Working	0	0	0	0	0	0	0	0	0	0	0	0	0	0
101008404218011	101008404	2019-09-06	1	7	1	0	2	5	0	0	0	13.73	1	19.000	Working	0	7	0	7	0	0	0	0	0	0	0	0	7	0
101008404218151	101008404	2019-09-20	3	3	4	1	1	2	0	2	0	13.90	1	19.000	Working	0	5	0	5	0	0	0	0	0	0	0	0	3	0
101008404218291	101008404	2019-10-04		5			0	5	0	0	0	13.68	1	19.000	Working	0	5	0	5	0	0	0	0	0	0	0	0	5	0
101009801211251	101009801	2017-10-27		0			0	0	0	0	0	11.70	1	19.000	Working	0	0	0	0	0	0	0	0	0	0	0	0	0	0
101009801211252	101009801	2017-10-27		0			0	0	0	0	0	11.70	2	19.000	Working	0	0	0	0	0	0	0	0	0	0	0	0	0	0
101009801211401	101009801	2017-11-11		0			0	0	0	0	0	14.07	1	19.000	Working	0	0	0	0	0	0	0	0	0	0	0	0	0	0
101009801211402	101009801	2017-11-11		0			0	0	0	0	0	14.07	2	19.000	Working	0	0	0	0	0	0	0	0	0	0	0	0	0	0
101009801211571	101009801	2017-11-28		0			0	0	0	0	0	12.05	1	19.000	Working	0	0	0	0	0	0	0	0	0	0	0	0	0	0
101009801211572	101009801	2017-11-28		0			0	0	0	0	0	12.05	2	19.000	Working	0	0	0	0	0	0	0	0	0	0	0	0	0	0
101009801211711	101009801	2017-12-12		0			0	0	0	0	0	14.18	1	19.000	Working	0	0	0	0	0	0	0	0	0	0	0	0	0	0
101009801211712	101009801	2017-12-12		0			0	0	0	0	0	14.18	2	19.000	Working	0	0	0	0	0	0	0	0	0	0	0	0	0	0
101009801211861	101009801	2017-12-27		0			0	0	0	0	0	13.62	1	19.000	Working	0	0	0	0	0	0	0	0	0	0	0	0	0	0
101009801211862	101009801	2017-12-27		0			0	0	0	0	0	13.62	2	19.000	Working	0	0	0	0	0	0	0	0	0	0	0	0	0	0
101009801212001	101009801	2018-01-10	2	0	2	0	0	0	0	0	0	13.70	1	19.000	Working	0	0	0	0	0	0	0	0	0	0	0	0	0	0
101009801212002	101009801	2018-01-10		2			0	2	0	0	0	13.70	2	19.000	Working	0	2	0	2	0	0	0	0	0	0	0	0	2	0
101009801212131	101009801	2018-01-23		0			0	0	0	0	0	14.30	1	19.000	Working	0	0	0	0	0	0	0	0	0	0	0	0	0	0
101009801212132	101009801	2018-01-23		0			0	0	0	0	0	14.30	2	19.000	Working	0	0	0	0	0	0	0	0	0	0	0	0	0	0
101009801212271	101009801	2018-02-06		0			0	0	0	0	0	13.92	1	19.000	Working	0	0	0	0	0	0	0	0	0	0	0	0	0	0
101009801212272	101009801	2018-02-06		0			0	0	0	0	0	13.92	2	19.000	Working	0	0	0	0	0	0	0	0	0	0	0	0	0	0
101009801212411	101009801	2018-02-20		0			0	0	0	0	0	14.13	1	19.000	Working	0	0	0	0	0	0	0	0	0	0	0	0	0	0
101009801212412	101009801	2018-02-20		0			0	0	0	0	0	14.13	2	19.000	Working	0	0	0	0	0	0	0	0	0	0	0	0	0	0
101009801212551	101009801	2018-03-06	1	0	1	0	0	0	0	0	0	13.37	1	19.000	Working	0	0	0	0	0	0	0	0	0	0	0	0	0	0
101009801212552	101009801	2018-03-06		1			0	1	0	0	0	13.37	2	19.000	Working	0	1	0	1	0	0	0	0	0	0	0	0	1	0
101009801212691	101009801	2018-03-20		0			0	0	0	0	0	13.82	1	19.000	Working	0	0	0	0	0	0	0	0	0	0	0	0	0	0
101009801212692	101009801	2018-03-20		0			0	0	0	0	0	13.82	2	19.000	Working	0	0	0	0	0	0	0	0	0	0	0	0	0	0
101009801212831	101009801	2018-04-03		0			0	0	0	0	0	14.08	1	19.000	Working	0	0	0	0	0	0	0	0	0	0	0	0	0	0
101009801212832	101009801	2018-04-03		0			0	0	0	0	0	14.08	2	19.000	Working	0	0	0	0	0	0	0	0	0	0	0	0	0	0
101009801212971	101009801	2018-04-17		0			0	0	0	0	0	13.73	1	19.000	Working	0	0	0	0	0	0	0	0	0	0	0	0	0	0
101009801212972	101009801	2018-04-17		0			0	0	0	0	0	13.73	2	19.000	Working	0	0	0	0	0	0	0	0	0	0	0	0	0	0
101009801213111	101009801	2018-05-01		2			2	0	0	0	0	13.75	1	19.000	Working	0	2	0	2	0	0	0	0	0	0	0	0	2	0
101009801213112	101009801	2018-05-01		4			4	0	0	0	0	13.75	2	19.000	Working	0	4	0	4	0	0	0	0	0	0	0	0	4	0
101009801213251	101009801	2018-05-15		0			0	0	0	0	0	12.37	1	19.000	Working	0	0	0	0	0	0	0	0	0	0	0	0	0	0
101009801213252	101009801	2018-05-15		0			0	0	0	0	0	12.37	2	19.000	Working	0	1	0	1	0	1	0	0	0	0	0	0	0	0
101009801213391	101009801	2018-05-29		2			1	1	0	0	0	12.33	1	19.000	Working	0	2	0	2	0	0	0	0	0	0	0	0	2	0
101009801213392	101009801	2018-05-29		0			0	0	0	0	0	12.33	2	19.000	Working	0	0	0	0	0	0	0	0	0	0	0	0	0	0
101009801213531	101009801	2018-06-12		0			0	0	0	0	0	13.97	1	19.000	Working	0	0	0	0	0	0	0	0	0	0	0	0	0	0
101009801213532	101009801	2018-06-12		0			0	0	0	0	0	13.97	2	19.000	Working	0	0	0	0	0	0	0	0	0	0	0	0	0	0
101009801213671	101009801	2018-06-26	1	1	1	0	0	1	0	0	0	13.80	1	19.000	Working	0	1	0	1	0	0	0	0	0	0	0	0	1	0
101009801213672	101009801	2018-06-26		0			0	0	0	0	0	13.80	2	19.000	Working	0	0	0	0	0	0	0	0	0	0	0	0	0	0
101009801213811	101009801	2018-07-10		0			0	0	0	0	0	13.85	1	19.000	Working	0	0	0	0	0	0	0	0	0	0	0	0	0	0
101009801213812	101009801	2018-07-10		0			0	0	0	0	0	13.85	2	19.000	Working	0	0	0	0	0	0	0	0	0	0	0	0	0	0
101009801213951	101009801	2018-07-24		0			0	0	0	0	0	15.00	1	19.000	Working	0	0	0	0	0	0	0	0	0	0	0	0	0	0
101009801213952	101009801	2018-07-24		0			0	0	0	0	0	15.00	2	19.000	Working	0	0	0	0	0	0	0	0	0	0	0	0	0	0
101009801214091	101009801	2018-08-07		0			0	0	0	0	0	11.73	1	19.000	Working	0	0	0	0	0	0	0	0	0	0	0	0	0	0
101009801214092	101009801	2018-08-07		0			0	0	0	0	0	11.73	2	19.000	Working	0	0	0	0	0	0	0	0	0	0	0	0	0	0
101009801214231	101009801	2018-08-21		0			0	0	0	0	0	13.78	1	19.000	Working	0	0	0	0	0	0	0	0	0	0	0	0	0	0
101009801214232	101009801	2018-08-21		0			0	0	0	0	0	13.78	2	19.000	Working	0	0	0	0	0	0	0	0	0	0	0	0	0	0
101009801214371	101009801	2018-09-04		0			0	0	0	0	0	13.33	1	19.000	Working	0	0	0	0	0	0	0	0	0	0	0	0	0	0
101009801214372	101009801	2018-09-04		1			0	1	0	0	0	13.33	2	19.000	Working	0	1	0	1	0	0	0	0	0	0	0	0	1	0
101009801214531	101009801	2018-09-20		0			0	0	0	0	0	13.55	1	19.000	Working	0	0	0	0	0	0	0	0	0	0	0	0	0	0
101009801214532	101009801	2018-09-20		0			0	0	0	0	0	13.55	2	19.000	Working	0	0	0	0	0	0	0	0	0	0	0	0	0	0
101009801214651	101009801	2018-10-02		0			0	0	0	0	0	13.58	1	19.000	Working	0	0	0	0	0	0	0	0	0	0	0	0	0	0
101009801214652	101009801	2018-10-02		0			0	0	0	0	0	13.58	2	19.000	Working	0	0	0	0	0	0	0	0	0	0	0	0	0	0
101009801214791	101009801	2018-10-16		0			0	0	0	0	0	13.65	1	19.000	Working	0	0	0	0	0	0	0	0	0	0	0	0	0	0
101009801214792	101009801	2018-10-16		0			0	0	0	0	0	13.65	2	19.000	Working	0	0	0	0	0	0	0	0	0	0	0	0	0	0
101009801214931	101009801	2018-10-30		0			0	0	0	0	0	12.33	1	19.000	Working	0	0	0	0	0	0	0	0	0	0	0	0	0	0
101009801214932	101009801	2018-10-30		0			0	0	0	0	0	12.33	2	19.000	Working	0	0	0	0	0	0	0	0	0	0	0	0	0	0
101009801215071	101009801	2018-11-13		0			0	0	0	0	0	11.67	1	19.000	Working	0	0	0	0	0	0	0	0	0	0	0	0	0	0
101009801215072	101009801	2018-11-13		0			0	0	0	0	0	11.67	2	19.000	Working	0	0	0	0	0	0	0	0	0	0	0	0	0	0
101009801215211	101009801	2018-11-27		0			0	0	0	0	0	13.78	1	19.000	Working	0	0	0	0	0	0	0	0	0	0	0	0	0	0
101009801215212	101009801	2018-11-27		0			0	0	0	0	0	13.78	2	19.000	Working	0	0	0	0	0	0	0	0	0	0	0	0	0	0
101009801215351	101009801	2018-12-11		0			0	0	0	0	0	13.87	1	19.000	Working	0	0	0	0	0	0	0	0	0	0	0	0	0	0
101009801215352	101009801	2018-12-11		0			0	0	0	0	0	13.87	2	19.000	Working	0	0	0	0	0	0	0	0	0	0	0	0	0	0
101009801215491	101009801	2018-12-25		0			0	0	0	0	0	13.58	1	19.000	Working	0	0	0	0	0	0	0	0	0	0	0	0	0	0
101009801215492	101009801	2018-12-25		0			0	0	0	0	0	13.58	2	19.000	Working	0	0	0	0	0	0	0	0	0	0	0	0	0	0
101009801215631	101009801	2019-01-08		0			0	0	0	0	0	13.68	1	19.000	Working	0	0	0	0	0	0	0	0	0	0	0	0	0	0
101009801215632	101009801	2019-01-08		0			0	0	0	0	0	13.68	2	19.000	Working	0	0	0	0	0	0	0	0	0	0	0	0	0	0
101009801215771	101009801	2019-01-22		0			0	0	0	0	0	13.78	1	19.000	Working	0	0	0	0	0	0	0	0	0	0	0	0	0	0
101009801215772	101009801	2019-01-22		0			0	0	0	0	0	13.78	2	19.000	Working	0	0	0	0	0	0	0	0	0	0	0	0	0	0
101009801215911	101009801	2019-02-05		0			0	0	0	0	0	13.73	1	19.000	Working	0	0	0	0	0	0	0	0	0	0	0	0	0	0
101009801215912	101009801	2019-02-05		0			0	0	0	0	0	13.73	2	19.000	Working	0	0	0	0	0	0	0	0	0	0	0	0	0	0
101009801216051	101009801	2019-02-19		0			0	0	0	0	0	11.88	1	19.000	Working	0	0	0	0	0	0	0	0	0	0	0	0	0	0
101009801216052	101009801	2019-02-19		0			0	0	0	0	0	11.88	2	19.000	Working	0	0	0	0	0	0	0	0	0	0	0	0	0	0
101009801216191	101009801	2019-03-05		0			0	0	0	0	0	11.67	1	19.000	Working	0	0	0	0	0	0	0	0	0	0	0	0	0	0
101009801216192	101009801	2019-03-05		0			0	0	0	0	0	11.67	2	19.000	Working	0	0	0	0	0	0	0	0	0	0	0	0	0	0
101009801216331	101009801	2019-03-19		0			0	0	0	0	0	13.63	1	19.000	Working	0	0	0	0	0	0	0	0	0	0	0	0	0	0
101009801216332	101009801	2019-03-19		0			0	0	0	0	0	13.63	2	19.000	Working	0	0	0	0	0	0	0	0	0	0	0	0	0	0
101009801216471	101009801	2019-04-02		0			0	0	0	0	0	14.03	1	19.000	Working	0	0	0	0	0	0	0	0	0	0	0	0	0	0
101009801216472	101009801	2019-04-02		0			0	0	0	0	0	14.03	2	19.000	Working	0	0	0	0	0	0	0	0	0	0	0	0	0	0
101009801216611	101009801	2019-04-16		0			0	0	0	0	0	13.33	1	19.000	Working	0	0	0	0	0	0	0	0	0	0	0	0	0	0
101009801216612	101009801	2019-04-16		0			0	0	0	0	0	13.33	2	19.000	Working	0	0	0	0	0	0	0	0	0	0	0	0	0	0
101009801216751	101009801	2019-04-30		0			0	0	0	0	0	13.65	1	19.000	Working	0	0	0	0	0	0	0	0	0	0	0	0	0	0
101009801216752	101009801	2019-04-30		0			0	0	0	0	0	13.65	2	19.000	Working	0	0	0	0	0	0	0	0	0	0	0	0	0	0
101009801216891	101009801	2019-05-14		0			0	0	0	0	0	12.47	1	19.000	Working	0	1	0	1	0	1	0	0	0	0	0	0	0	0
101009801216892	101009801	2019-05-14		0			0	0	0	0	0	12.47	2	19.000	Working	0	0	0	0	0	0	0	0	0	0	0	0	0	0
101009801217031	101009801	2019-05-28		1			0	1	0	0	0	13.97	1	19.000	Working	0	2	0	2	0	1	0	0	0	0	0	0	1	0
101009801217032	101009801	2019-05-28		2			1	1	0	0	0	13.97	2	19.000	Working	0	3	0	3	0	1	0	0	0	0	0	0	2	0
101009801217171	101009801	2019-06-11		2			0	2	0	0	0	13.90	1	19.000	Working	0	2	0	2	0	0	0	0	0	0	0	0	2	0
101009801217172	101009801	2019-06-11		0			0	0	0	0	0	13.90	2	19.000	Working	0	0	0	0	0	0	0	0	0	0	0	0	0	0
101009801217311	101009801	2019-06-25		1			0	1	0	0	0	13.85	1	19.000	Working	0	1	0	1	0	0	0	0	0	0	0	0	1	0
101009801217312	101009801	2019-06-25		0			0	0	0	0	0	13.85	2	19.000	Working	0	0	0	0	0	0	0	0	0	0	0	0	0	0
101009801217451	101009801	2019-07-09		0			0	0	0	0	0	13.58	1	19.000	Working	0	0	0	0	0	0	0	0	0	0	0	0	0	0
101009801217452	101009801	2019-07-09		0			0	0	0	0	0	13.58	2	19.000	Working	0	0	0	0	0	0	0	0	0	0	0	0	0	0
101009801217591	101009801	2019-07-23		0			0	0	0	0	0	13.93	1	19.000	Working	0	1	0	1	0	0	0	0	0	1	0	0	0	0
101009801217592	101009801	2019-07-23		0			0	0	0	0	0	13.93	2	19.000	Working	0	0	0	0	0	0	0	0	0	0	0	0	0	0
101009801217731	101009801	2019-08-06		0			0	0	0	0	0	13.88	1	19.000	Working	0	0	0	0	0	0	0	0	0	0	0	0	0	0
101009801217732	101009801	2019-08-06		0			0	0	0	0	0	13.88	2	19.000	Working	0	0	0	0	0	0	0	0	0	0	0	0	0	0
101009801217871	101009801	2019-08-20		0			0	0	0	0	0	11.80	1	19.000	Working	0	0	0	0	0	0	0	0	0	0	0	0	0	0
101009801218011	101009801	2019-09-03		0			0	0	0	0	0	13.45	1	19.000	Working	0	0	0	0	0	0	0	0	0	0	0	0	0	0
101009801218012	101009801	2019-09-03		0			0	0	0	0	0	13.45	2	19.000	Working	0	0	0	0	0	0	0	0	0	0	0	0	0	0
101009801218151	101009801	2019-09-17		0			0	0	0	0	0	14.02	1	19.000	Working	0	0	0	0	0	0	0	0	0	0	0	0	0	0
101009801218152	101009801	2019-09-17		0			0	0	0	0	0	14.02	2	19.000	Working	0	0	0	0	0	0	0	0	0	0	0	0	0	0
101009801218291	101009801	2019-10-01		0			0	0	0	0	0	13.67	1	19.000	Working	0	0	0	0	0	0	0	0	0	0	0	0	0	0
101009801218292	101009801	2019-10-01		0			0	0	0	0	0	13.67	2	19.000	Working	0	0	0	0	0	0	0	0	0	0	0	0	0	0
102018901211261	102018901	2017-10-31		1			0	1	0	0	0	12.10	1	19.000	Working	0	1	0	1	0	0	0	0	0	0	0	0	1	0
102018901211262	102018901	2017-10-31		0			0	0	0	1	0	12.10	2	19.000	Working	0	1	0	1	0	0	0	0	0	0	0	0	0	0
102018901211441	102018901	2017-11-18		0			0	0	0	0	0	14.13	1	19.000	Working	0	0	0	0	0	0	0	0	0	0	0	0	0	0
102018901211442	102018901	2017-11-18		1			0	1	0	1	0	14.13	2	19.000	Working	0	2	0	2	0	0	0	0	0	0	0	0	1	0
102018901211581	102018901	2017-12-02	1	0	1	0	0	0	0	1	0	11.90	1	19.000	Working	0	1	0	1	0	0	0	0	0	0	0	0	0	0
102018901211582	102018901	2017-12-02		2			0	2	0	1	0	11.90	2	19.000	Working	0	3	0	3	0	0	0	0	0	0	0	0	2	0
102018901211721	102018901	2017-12-16		0			0	0	0	0	0	13.48	1	19.000	Working	0	0	0	0	0	0	0	0	0	0	0	0	0	0
102018901211722	102018901	2017-12-16		0			0	0	0	0	0	13.48	2	19.000	Working	0	0	0	0	0	0	0	0	0	0	0	0	0	0
102018901211871	102018901	2017-12-31		0			0	0	0	0	0	11.67	1	19.000	Working	0	0	0	0	0	0	0	0	0	0	0	0	0	0
102018901211872	102018901	2017-12-31		0			0	0	0	0	0	11.67	2	19.000	Working	0	0	0	0	0	0	0	0	0	0	0	0	0	0
102018901212011	102018901	2018-01-14		0			0	0	0	0	0	12.17	1	19.000	Working	0	0	0	0	0	0	0	0	0	0	0	0	0	0
102018901212012	102018901	2018-01-14		0			0	0	0	0	0	12.17	2	19.000	Working	0	0	0	0	0	0	0	0	0	0	0	0	0	0
102018901212141	102018901	2018-01-27	1	0	1	0	0	0	0	0	0	12.02	1	19.000	Working	0	0	0	0	0	0	0	0	0	0	0	0	0	0
102018901212142	102018901	2018-01-27		1			0	1	0	0	0	12.02	2	19.000	Working	0	1	0	1	0	0	0	0	0	0	0	0	1	0
102018901212281	102018901	2018-02-10		0			0	0	0	0	0	11.77	1	19.000	Working	0	0	0	0	0	0	0	0	0	0	0	0	0	0
102018901212282	102018901	2018-02-10		0			0	0	0	0	0	11.77	2	19.000	Working	0	0	0	0	0	0	0	0	0	0	0	0	0	0
102018901212421	102018901	2018-02-24		0			0	0	0	0	0	11.67	1	19.000	Working	0	0	0	0	0	0	0	0	0	0	0	0	0	0
102018901212422	102018901	2018-02-24		0			0	0	0	0	0	11.67	2	19.000	Working	0	0	0	0	0	0	0	0	0	0	0	0	0	0
102018901212561	102018901	2018-03-10		0			0	0	0	0	0	11.70	1	19.000	Working	0	0	0	0	0	0	0	0	0	0	0	0	0	0
102018901212562	102018901	2018-03-10		0			0	0	0	0	0	11.70	2	19.000	Working	0	0	0	0	0	0	0	0	0	0	0	0	0	0
102018901212701	102018901	2018-03-24		0			0	0	0	0	0	14.30	1	19.000	Working	0	0	0	0	0	0	0	0	0	0	0	0	0	0
102018901212702	102018901	2018-03-24		0			0	0	0	0	0	14.30	2	19.000	Working	0	0	0	0	0	0	0	0	0	0	0	0	0	0
102018901212841	102018901	2018-04-07	1	0	1	0	0	0	0	0	0	11.70	1	19.000	Working	0	0	0	0	0	0	0	0	0	0	0	0	0	0
102018901212842	102018901	2018-04-07		2			0	2	0	3	0	11.70	2	19.000	Working	0	5	0	5	0	0	0	0	0	0	0	0	2	0
102018901212981	102018901	2018-04-21	1	10	1	0	2	8	0	2	0	11.97	1	19.000	Working	0	13	0	13	0	1	0	0	0	0	0	0	10	0
102018901212982	102018901	2018-04-21		0			0	0	0	0	0	11.97	2	19.000	Not working	0	0	0	0	0	0	0	0	0	0	0	0	0	0
102018901213121	102018901	2018-05-05		2			0	2	0	0	0	11.83	1	19.000	Working	0	2	0	2	0	0	0	0	0	0	0	0	2	0
102018901213122	102018901	2018-05-05		6			1	5	0	0	0	11.83	2	19.000	Working	0	6	0	6	0	0	0	0	0	0	0	0	6	0
102018901213261	102018901	2018-05-19	1	8	1	0	5	3	0	2	0	13.33	1	19.000	Working	0	10	0	10	0	0	0	0	0	0	0	0	8	0
102018901213262	102018901	2018-05-19		15			4	11	0	0	0	13.33	2	19.000	Working	0	15	0	15	0	0	0	0	0	0	0	0	15	0
102018901213401	102018901	2018-06-02		3			1	2	0	0	0	12.17	1	19.000	Working	0	3	0	3	0	0	0	0	0	0	0	0	3	0
102018901213402	102018901	2018-06-02		6			2	4	0	0	0	12.17	2	19.000	Working	0	7	0	7	0	1	0	0	0	0	0	0	6	0
102018901213541	102018901	2018-06-16	3	2	3	0	0	2	0	0	0	10.97	1	19.000	Working	0	3	0	3	0	1	0	0	0	0	0	0	2	0
102018901213542	102018901	2018-06-16		10			3	7	0	0	0	10.97	2	19.000	Working	0	13	0	13	0	1	0	0	0	2	0	0	10	0
102018901213681	102018901	2018-06-30	1	0	1	0	0	0	0	0	0	12.00	1	19.000	Working	0	1	0	1	0	0	0	0	0	1	0	0	0	0
102018901213682	102018901	2018-06-30		3			1	2	0	0	0	12.00	2	19.000	Working	0	4	0	4	0	1	0	0	0	0	0	0	3	0
102018901213821	102018901	2018-07-14		0			0	0	0	0	0	11.73	1	19.000	Working	0	0	0	0	0	0	0	0	0	0	0	0	0	0
102018901213822	102018901	2018-07-14		1			0	1	0	0	0	11.73	2	19.000	Working	0	1	0	1	0	0	0	0	0	0	0	0	1	0
102018901213961	102018901	2018-07-28	1	0	1	0	0	0	0	0	0	11.73	1	19.000	Working	0	0	0	0	0	0	0	0	0	0	0	0	0	0
102018901213962	102018901	2018-07-28		1			0	1	0	0	0	11.73	2	19.000	Working	0	2	0	2	0	1	0	0	0	0	0	0	1	0
102018901214101	102018901	2018-08-11		0			0	0	0	0	0	11.67	1	19.000	Working	0	0	0	0	0	0	0	0	0	0	0	0	0	0
102018901214102	102018901	2018-08-11		0			0	0	0	0	0	11.67	2	19.000	Working	0	0	0	0	0	0	0	0	0	0	0	0	0	0
102018901214241	102018901	2018-08-25		0			0	0	0	0	0	11.90	1	19.000	Working	0	1	0	1	0	1	0	0	0	0	0	0	0	0
102018901214242	102018901	2018-08-25		4			1	3	0	1	0	11.90	2	19.000	Working	0	6	0	5	0	0	1	1	0	0	0	0	4	0
102018901214381	102018901	2018-09-08	1	0	1	0	0	0	0	0	0	11.67	1	19.000	Working	0	0	0	0	0	0	0	0	0	0	0	0	0	0
102018901214382	102018901	2018-09-08		0			0	0	0	0	0	11.67	2	19.000	Working	0	1	0	1	0	1	0	0	0	0	0	0	0	0
102018901214541	102018901	2018-09-24		0			0	0	0	0	0	11.68	1	19.000	Working	0	0	0	0	0	0	0	0	0	0	0	0	0	0
102018901214542	102018901	2018-09-24		0			0	0	0	0	0	11.68	2	19.000	Working	0	0	0	0	0	0	0	0	0	0	0	0	0	0
102018901214661	102018901	2018-10-06		0			0	0	0	0	0	11.67	1	19.000	Working	0	0	0	0	0	0	0	0	0	0	0	0	0	0
102018901214662	102018901	2018-10-06		0			0	0	0	0	0	11.67	2	19.000	Working	0	0	0	0	0	0	0	0	0	0	0	0	0	0
102018901214801	102018901	2018-10-20		0			0	0	0	0	0	11.67	1	19.000	Working	0	0	0	0	0	0	0	0	0	0	0	0	0	0
102018901214802	102018901	2018-10-20		0			0	0	0	0	0	11.67	2	19.000	Working	0	0	0	0	0	0	0	0	0	0	0	0	0	0
102018901214941	102018901	2018-11-03		6			2	4	0	0	0	12.43	1	19.000	Working	0	6	0	6	0	0	0	0	0	0	0	0	6	0
102018901214942	102018901	2018-11-03		5			1	4	0	0	0	12.43	2	19.000	Working	0	7	0	7	0	1	0	0	0	1	0	0	5	0
102018901215081	102018901	2018-11-17	1	0	1	0	0	0	0	0	0	11.67	1	19.000	Working	0	0	0	0	0	0	0	0	0	0	0	0	0	0
102018901215082	102018901	2018-11-17		1			0	1	0	0	0	11.67	2	19.000	Working	0	2	0	2	0	1	0	0	0	0	0	0	1	0
102018901215221	102018901	2018-12-01	3	0	3	0	0	0	0	1	0	11.67	1	19.000	Working	0	1	0	1	0	0	0	0	0	0	0	0	0	0
102018901215222	102018901	2018-12-01		2			1	1	0	0	0	11.67	2	19.000	Working	0	2	0	2	0	0	0	0	0	0	0	0	2	0
102018901215361	102018901	2018-12-15		0			0	0	0	0	0	11.67	1	19.000	Working	0	0	0	0	0	0	0	0	0	0	0	0	0	0
102018901215362	102018901	2018-12-15		0			0	0	0	0	0	11.67	2	19.000	Working	0	0	0	0	0	0	0	0	0	0	0	0	0	0
102018901215511	102018901	2018-12-30		0			0	0	0	0	0	11.67	1	19.000	Working	0	0	0	0	0	0	0	0	0	0	0	0	0	0
102018901215512	102018901	2018-12-30		0			0	0	0	0	0	11.67	2	19.000	Working	0	0	0	0	0	0	0	0	0	0	0	0	0	0
102018901215641	102018901	2019-01-12	1	1	1	0	0	1	0	0	0	12.50	1	19.000	Working	0	1	0	1	0	0	0	0	0	0	0	0	1	0
102018901215642	102018901	2019-01-12		0			0	0	0	0	0	12.50	2	19.000	Working	0	0	0	0	0	0	0	0	0	0	0	0	0	0
102018901215781	102018901	2019-01-26	2	0	2	0	0	0	0	0	0	12.37	1	19.000	Working	0	0	0	0	0	0	0	0	0	0	0	0	0	0
102018901215782	102018901	2019-01-26		1			0	1	0	0	0	12.37	2	19.000	Working	0	2	0	2	0	1	0	0	0	0	0	0	1	0
102018901215921	102018901	2019-02-09		0			0	0	0	0	0	11.75	1	19.000	Working	0	0	0	0	0	0	0	0	0	0	0	0	0	0
102018901215922	102018901	2019-02-09		0			0	0	0	0	0	11.75	2	19.000	Working	2	0	0	0	0	0	0	0	0	0	0	0	0	0
102018901216061	102018901	2019-02-23	5	5	5	0	1	4	0	0	0	11.85	1	19.000	Working	4	5	0	5	0	0	0	0	0	0	0	0	5	0
102018901216062	102018901	2019-02-23		0			0	0	0	0	0	11.85	2	19.000	Working	4	0	0	0	0	0	0	0	0	0	0	0	0	0
102018901216201	102018901	2019-03-09		0			0	0	0	0	0	11.67	1	19.000	Working	0	0	0	0	0	0	0	0	0	0	0	0	0	0
102018901216202	102018901	2019-03-09		0			0	0	0	0	0	11.67	2	19.000	Working	0	0	0	0	0	0	0	0	0	0	0	0	0	0
102018901216341	102018901	2019-03-23		0			0	0	0	0	0	11.82	1	19.000	Working	0	0	0	0	0	0	0	0	0	0	0	0	0	0
102018901216342	102018901	2019-03-23		0			0	0	0	0	0	11.82	2	19.000	Working	0	0	0	0	0	0	0	0	0	0	0	0	0	0
102018901216481	102018901	2019-04-06		0			0	0	0	0	0	11.67	1	19.000	Working	0	0	0	0	0	0	0	0	0	0	0	0	0	0
102018901216482	102018901	2019-04-06		0			0	0	0	0	0	11.67	2	19.000	Working	0	0	0	0	0	0	0	0	0	0	0	0	0	0
102018901216621	102018901	2019-04-20		0			0	0	0	0	0	11.73	1	19.000	Working	0	0	0	0	0	0	0	0	0	0	0	0	0	0
102018901216622	102018901	2019-04-20		0			0	0	0	0	0	11.73	2	19.000	Working	0	0	0	0	0	0	0	0	0	0	0	0	0	0
102018901216761	102018901	2019-05-04		0			0	0	0	0	0	11.73	1	19.000	Working	0	0	0	0	0	0	0	0	0	0	0	0	0	0
102018901216762	102018901	2019-05-04		0			0	0	0	0	0	11.73	2	19.000	Working	0	0	0	0	0	0	0	0	0	0	0	0	0	0
102018901216901	102018901	2019-05-18		0			0	0	0	0	0	11.73	1	19.000	Working	0	0	0	0	0	0	0	0	0	0	0	0	0	0
102018901216902	102018901	2019-05-18		0			0	0	0	0	0	11.73	2	19.000	Working	0	0	0	0	0	0	0	0	0	0	0	0	0	0
102018901217041	102018901	2019-06-01	1	9	1	0	5	4	0	0	0	11.67	1	19.000	Working	0	9	0	9	0	0	0	0	0	0	0	0	9	0
102018901217042	102018901	2019-06-01		14			5	9	0	0	0	11.67	2	19.000	Working	0	14	0	14	0	0	0	0	0	0	0	0	14	0
102018901217181	102018901	2019-06-15		0			0	0	0	0	0	11.75	1	19.000	Working	0	0	0	0	0	0	0	0	0	0	0	0	0	0
102018901217182	102018901	2019-06-15		14			9	5	0	2	0	11.75	2	19.000	Working	0	18	0	18	0	0	0	0	0	2	0	0	14	0
102018901217321	102018901	2019-06-29		4			2	2	0	1	0	11.67	1	19.000	Working	0	5	0	5	0	0	0	0	0	0	0	0	4	0
102018901217322	102018901	2019-06-29		1			1	0	0	0	0	11.67	2	19.000	Working	0	1	0	1	0	0	0	0	0	0	0	0	1	0
102018901217461	102018901	2019-07-13		0			0	0	0	0	0	11.70	1	19.000	Working	0	2	0	0	0	0	0	2	0	0	2	0	0	0
102018901217462	102018901	2019-07-13		3			1	2	0	2	0	11.70	2	19.000	Working	0	5	0	5	0	0	0	0	0	0	0	0	3	0
102018901217601	102018901	2019-07-27		0			0	0	0	0	0	11.85	1	19.000	Working	0	0	0	0	0	0	0	0	0	0	0	0	0	0
102018901217602	102018901	2019-07-27		0			0	0	0	0	0	11.85	2	19.000	Working	0	0	0	0	0	0	0	0	0	0	0	0	0	0
102018901217741	102018901	2019-08-10	1	1	1	0	0	1	0	0	0	11.70	1	19.000	Working	0	1	0	1	0	0	0	0	0	0	0	0	1	0
102018901217742	102018901	2019-08-10		1			1	0	0	0	0	11.70	2	19.000	Working	0	1	0	1	0	0	0	0	0	0	0	0	1	0
102018901217881	102018901	2019-08-24		0			0	0	0	0	0	11.73	1	19.000	Working	0	0	0	0	0	0	0	0	0	0	0	0	0	0
102018901217882	102018901	2019-08-24		0			0	0	0	0	0	11.73	2	19.000	Working	0	0	0	0	0	0	0	0	0	0	0	0	0	0
102018901218021	102018901	2019-09-07		0			0	0	0	0	0	11.70	1	19.000	Working	0	0	0	0	0	0	0	0	0	0	0	0	0	0
102018901218022	102018901	2019-09-07		0			0	0	0	0	0	11.70	2	19.000	Working	0	0	0	0	0	0	0	0	0	0	0	0	0	0
102018901218161	102018901	2019-09-21		0			0	0	0	0	0	11.90	1	19.000	Working	0	0	0	0	0	0	0	0	0	0	0	0	0	0
102018901218162	102018901	2019-09-21		0			0	0	0	0	0	11.90	2	19.000	Working	0	0	0	0	0	0	0	0	0	0	0	0	0	0
102018901218301	102018901	2019-10-05		0			0	0	0	0	0	11.72	1	19.000	Working	0	0	0	0	0	0	0	0	0	0	0	0	0	0
102018901218302	102018901	2019-10-05		0			0	0	0	0	0	11.72	2	19.000	Working	0	0	0	0	0	0	0	0	0	0	0	0	0	0
103007901211371	103007901	2017-11-11	2	1	2	0	0	1	0	1	0	12.33	1	19.000	Working	0	3	0	3	0	0	0	0	0	1	0	0	1	0
103007901211372	103007901	2017-11-11		1			1	0	0	0	0	12.33	2	19.000	Working	0	1	0	1	0	0	0	0	0	0	0	0	1	0
103007901211511	103007901	2017-11-25		3			0	3	0	2	0	11.83	1	19.000	Working	0	5	0	5	0	0	0	0	0	0	0	0	3	0
103007901211512	103007901	2017-11-25		2			1	1	0	2	0	11.83	2	19.000	Working	0	4	0	4	0	0	0	0	0	0	0	0	2	0
103007901211661	103007901	2017-12-10		0			0	0	0	0	0	12.20	1	19.000	Working	0	0	0	0	0	0	0	0	0	0	0	0	0	0
103007901211662	103007901	2017-12-10		0			0	0	0	0	0	12.20	2	19.000	Working	0	0	0	0	0	0	0	0	0	0	0	0	0	0
103007901211811	103007901	2017-12-25		0			0	0	0	0	0	12.37	1	19.000	Working	0	0	0	0	0	0	0	0	0	0	0	0	0	0
103007901211812	103007901	2017-12-25		0			0	0	0	0	0	12.37	2	19.000	Working	0	0	0	0	0	0	0	0	0	0	0	0	0	0
103007901211941	103007901	2018-01-07		0			0	0	0	0	0	11.88	1	19.000	Working	0	0	0	0	0	0	0	0	0	0	0	0	0	0
103007901211942	103007901	2018-01-07		0			0	0	0	0	0	11.88	2	19.000	Working	0	0	0	0	0	0	0	0	0	0	0	0	0	0
103007901212081	103007901	2018-01-21		0			0	0	0	0	0	11.98	1	19.000	Working	0	0	0	0	0	0	0	0	0	0	0	0	0	0
103007901212082	103007901	2018-01-21		0			0	0	0	0	0	11.98	2	19.000	Working	0	0	0	0	0	0	0	0	0	0	0	0	0	0
103007901212221	103007901	2018-02-04		0			0	0	0	0	0	12.30	1	19.000	Working	0	0	0	0	0	0	0	0	0	0	0	0	0	0
103007901212222	103007901	2018-02-04		0			0	0	0	0	0	12.30	2	19.000	Working	0	0	0	0	0	0	0	0	0	0	0	0	0	0
103007901212361	103007901	2018-02-18		0			0	0	0	0	0	13.90	1	19.000	Working	0	0	0	0	0	0	0	0	0	0	0	0	0	0
103007901212362	103007901	2018-02-18		0			0	0	0	0	0	13.90	2	19.000	Working	0	0	0	0	0	0	0	0	0	0	0	0	0	0
103007901212501	103007901	2018-03-04		0			0	0	0	0	0	12.13	1	19.000	Working	0	0	0	0	0	0	0	0	0	0	0	0	0	0
103007901212502	103007901	2018-03-04		0			0	0	0	0	0	12.13	2	19.000	Working	0	0	0	0	0	0	0	0	0	0	0	0	0	0
103007901212641	103007901	2018-03-18		0			0	0	0	0	0	12.13	1	19.000	Working	0	0	0	0	0	0	0	0	0	0	0	0	0	0
103007901212642	103007901	2018-03-18		0			0	0	0	0	0	12.13	2	19.000	Working	0	0	0	0	0	0	0	0	0	0	0	0	0	0
103007901212781	103007901	2018-04-01		0			0	0	0	0	0	12.22	1	19.000	Working	0	0	0	0	0	0	0	0	0	0	0	0	0	0
103007901212782	103007901	2018-04-01		0			0	0	0	0	0	12.22	2	19.000	Working	0	0	0	0	0	0	0	0	0	0	0	0	0	0
103007901212921	103007901	2018-04-15		1			1	0	0	0	0	12.33	1	19.000	Working	0	1	0	1	0	0	0	0	0	0	0	0	1	0
103007901212922	103007901	2018-04-15		0			0	0	0	0	0	12.33	2	19.000	Working	0	0	0	0	0	0	0	0	0	0	0	0	0	0
103007901213061	103007901	2018-04-29	3	8	3	0	2	6	0	0	0	13.58	1	19.000	Working	0	8	0	8	0	0	0	0	0	0	0	0	8	0
103007901213062	103007901	2018-04-29		14			9	5	0	0	0	13.58	2	19.000	Working	0	14	0	14	0	0	0	0	0	0	0	0	14	0
103007901213201	103007901	2018-05-13	2	9	2	0	2	7	0	4	0	13.90	1	19.000	Working	0	17	0	17	0	4	0	0	0	0	0	0	9	0
103007901213202	103007901	2018-05-13		10			6	4	0	0	0	13.90	2	19.000	Working	0	14	0	14	0	3	0	0	0	1	0	0	10	0
103007901213341	103007901	2018-05-27	1	22	1	0	7	15	0	2	0	13.33	1	19.000	Working	0	29	0	29	0	1	0	0	0	4	0	0	22	0
103007901213342	103007901	2018-05-27		17			5	12	0	0	0	13.33	2	19.000	Working	0	24	0	24	0	2	0	0	0	5	0	0	17	0
103007901213481	103007901	2018-06-10	1	14	1	0	5	9	0	2	0	13.40	1	19.000	Working	0	23	0	23	0	2	0	0	0	5	0	0	14	0
103007901213482	103007901	2018-06-10		16			7	9	0	0	0	13.40	2	19.000	Working	0	25	0	25	0	4	0	0	0	5	0	0	16	0
103007901213621	103007901	2018-06-24		0			0	0	0	0	0	12.00	1	19.000	Working	0	0	0	0	0	0	0	0	0	0	0	0	0	0
103007901213622	103007901	2018-06-24		10			3	7	0	2	0	12.00	2	19.000	Working	0	15	0	15	0	2	0	0	0	1	0	0	10	0
103007901213761	103007901	2018-07-08		4			1	3	0	2	0	13.48	1	19.000	Working	0	6	0	6	0	0	0	0	0	0	0	0	4	0
103007901213762	103007901	2018-07-08		0			0	0	0	0	0	13.48	2	19.000	Working	0	0	0	0	0	0	0	0	0	0	0	0	0	0
103007901213901	103007901	2018-07-22	1	0	1	0	0	0	0	1	0	12.37	1	19.000	Working	0	1	0	1	0	0	0	0	0	0	0	0	0	0
103007901213902	103007901	2018-07-22		3			1	2	0	2	0	12.37	2	19.000	Working	0	6	0	6	0	1	0	0	0	0	0	0	3	0
103007901214041	103007901	2018-08-05	1	16	2	1	5	11	0	1	0	12.17	1	19.000	Working	0	24	0	24	0	4	0	0	0	3	0	0	16	0
103007901214042	103007901	2018-08-05		14			6	8	0	2	0	12.17	2	19.000	Working	0	20	0	20	0	4	0	0	0	0	0	0	14	0
103007901214181	103007901	2018-08-19	1	0	1	0	0	0	0	0	0	13.37	1	19.000	Working	0	0	0	0	0	0	0	0	0	0	0	0	0	0
103007901214182	103007901	2018-08-19		1			0	1	0	0	0	13.37	2	19.000	Working	0	2	0	2	0	1	0	0	0	0	0	0	1	0
103007901214321	103007901	2018-09-02		0			0	0	0	1	0	12.22	1	19.000	Working	0	2	0	2	0	0	0	0	0	1	0	0	0	0
103007901214322	103007901	2018-09-02		3			0	3	0	0	0	12.22	2	19.000	Working	0	4	0	3	0	0	1	1	0	0	0	0	3	0
103007901214461	103007901	2018-09-16		2			0	2	0	0	0	13.33	1	19.000	Working	0	2	0	2	0	0	0	0	0	0	0	0	2	0
103007901214462	103007901	2018-09-16		1			0	1	0	0	0	13.33	2	19.000	Working	0	1	0	1	0	0	0	0	0	0	0	0	1	0
103007901214601	103007901	2018-09-30		0			0	0	0	0	0	12.08	1	19.000	Working	0	1	0	1	0	1	0	0	0	0	0	0	0	0
103007901214602	103007901	2018-09-30		1			0	1	0	0	0	12.08	2	19.000	Working	0	1	0	1	0	0	0	0	0	0	0	0	1	0
103007901214741	103007901	2018-10-14	2	10	2	0	2	8	0	1	0	12.52	1	19.000	Working	0	14	0	14	0	3	0	0	0	0	0	0	10	0
103007901214742	103007901	2018-10-14		7			2	5	0	0	0	12.52	2	19.000	Working	0	9	0	9	0	2	0	0	0	0	0	0	7	0
103007901214881	103007901	2018-10-28		0			0	0	0	0	0	12.05	1	19.000	Working	0	0	0	0	0	0	0	0	0	0	0	0	0	0
103007901214882	103007901	2018-10-28		0			0	0	0	0	0	12.05	2	19.000	Working	0	0	0	0	0	0	0	0	0	0	0	0	0	0
103007901215021	103007901	2018-11-11	5	24	5	0	17	7	0	3	0	12.33	1	19.000	Working	0	27	0	27	0	0	0	0	0	0	0	0	24	0
103007901215022	103007901	2018-11-11		34			20	14	0	0	0	12.33	2	19.000	Working	0	34	0	34	0	0	0	0	0	0	0	0	34	0
103007901215161	103007901	2018-11-25	3	1	3	0	0	1	0	0	0	13.63	1	19.000	Working	0	2	0	2	0	1	0	0	0	0	0	0	1	0
103007901215162	103007901	2018-11-25		2			0	2	0	0	0	13.63	2	19.000	Working	0	2	0	2	0	0	0	0	0	0	0	0	2	0
103007901215301	103007901	2018-12-09		0			0	0	0	0	0	12.23	1	19.000	Working	0	0	0	0	0	0	0	0	0	0	0	0	0	0
103007901215302	103007901	2018-12-09		0			0	0	0	0	0	12.23	2	19.000	Working	0	0	0	0	0	0	0	0	0	0	0	0	0	0
103007901215461	103007901	2018-12-25	1	0	1	0	0	0	0	1	0	12.38	1	19.000	Working	0	1	0	1	0	0	0	0	0	0	0	0	0	0
103007901215462	103007901	2018-12-25		0			0	0	0	0	0	12.38	2	19.000	Working	0	0	0	0	0	0	0	0	0	0	0	0	0	0
103007901215581	103007901	2019-01-06		0			0	0	0	0	0	12.53	1	19.000	Working	0	0	0	0	0	0	0	0	0	0	0	0	0	0
103007901215582	103007901	2019-01-06		0			0	0	0	0	0	12.53	2	19.000	Working	0	0	0	0	0	0	0	0	0	0	0	0	0	0
103007901215721	103007901	2019-01-20		0			0	0	0	0	0	12.43	1	19.000	Working	0	0	0	0	0	0	0	0	0	0	0	0	0	0
103007901215722	103007901	2019-01-20		0			0	0	0	0	0	12.43	2	19.000	Working	0	0	0	0	0	0	0	0	0	0	0	0	0	0
103007901215861	103007901	2019-02-03		0			0	0	0	0	0	12.40	1	19.000	Working	0	0	0	0	0	0	0	0	0	0	0	0	0	0
103007901215862	103007901	2019-02-03		0			0	0	0	0	0	12.40	2	19.000	Working	0	0	0	0	0	0	0	0	0	0	0	0	0	0
103007901216001	103007901	2019-02-17		0			0	0	0	0	0	12.28	1	19.000	Working	0	0	0	0	0	0	0	0	0	0	0	0	0	0
103007901216002	103007901	2019-02-17		0			0	0	0	0	0	12.28	2	19.000	Working	0	0	0	0	0	0	0	0	0	0	0	0	0	0
103007901216141	103007901	2019-03-03	1	0	1	0	0	0	0	0	0	12.10	1	19.000	Working	0	0	0	0	0	0	0	0	0	0	0	0	0	0
103007901216142	103007901	2019-03-03		1			0	1	0	0	0	12.10	2	19.000	Working	0	1	0	1	0	0	0	0	0	0	0	0	1	0
103007901216281	103007901	2019-03-17		0			0	0	0	0	0	12.47	1	19.000	Working	0	0	0	0	0	0	0	0	0	0	0	0	0	0
103007901216282	103007901	2019-03-17		0			0	0	0	0	0	12.47	2	19.000	Working	0	0	0	0	0	0	0	0	0	0	0	0	0	0
103007901216421	103007901	2019-03-31		0			0	0	0	0	0	11.97	1	19.000	Working	0	0	0	0	0	0	0	0	0	0	0	0	0	0
103007901216422	103007901	2019-03-31		0			0	0	0	0	0	11.97	2	19.000	Working	0	0	0	0	0	0	0	0	0	0	0	0	0	0
103007901216561	103007901	2019-04-14		0			0	0	0	0	0	13.87	1	19.000	Working	0	0	0	0	0	0	0	0	0	0	0	0	0	0
103007901216562	103007901	2019-04-14		0			0	0	0	0	0	13.87	2	19.000	Working	0	0	0	0	0	0	0	0	0	0	0	0	0	0
103007901216701	103007901	2019-04-28		0			0	0	0	0	0	13.43	1	19.000	Working	0	0	0	0	0	0	0	0	0	0	0	0	0	0
103007901216702	103007901	2019-04-28		0			0	0	0	0	0	13.43	2	19.000	Working	0	0	0	0	0	0	0	0	0	0	0	0	0	0
103007901216841	103007901	2019-05-12		0			0	0	0	0	0	12.27	1	19.000	Working	0	0	0	0	0	0	0	0	0	0	0	0	0	0
103007901216842	103007901	2019-05-12		0			0	0	0	0	0	12.27	2	19.000	Working	0	0	0	0	0	0	0	0	0	0	0	0	0	0
103007901216981	103007901	2019-05-26		2			1	1	0	0	0	11.97	1	19.000	Working	0	2	0	2	0	0	0	0	0	0	0	0	2	0
103007901216982	103007901	2019-05-26		2			0	2	0	2	0	11.97	2	19.000	Working	0	4	0	4	0	0	0	0	0	0	0	0	2	0
103007901217121	103007901	2019-06-09		15			5	10	0	2	0	13.55	1	19.000	Working	0	19	0	19	0	2	0	0	0	0	0	0	15	0
103007901217122	103007901	2019-06-09		19			7	12	0	4	0	13.55	2	19.000	Working	0	26	0	26	0	3	0	0	0	0	0	0	19	0
103007901217261	103007901	2019-06-23	2	10	2	0	6	4	0	3	0	12.30	1	19.000	Working	0	16	0	16	0	3	0	0	0	0	0	0	10	0
103007901217262	103007901	2019-06-23		6			3	3	0	0	0	12.30	2	19.000	Working	0	13	0	13	0	7	0	0	0	0	0	0	6	0
103007901217401	103007901	2019-07-07	1	9	1	0	5	4	0	0	0	12.13	1	19.000	Working	0	12	0	12	0	3	0	0	0	0	0	0	9	0
103007901217402	103007901	2019-07-07		9			6	3	0	0	0	12.13	2	19.000	Working	0	10	0	10	0	1	0	0	0	0	0	0	9	0
103007901217541	103007901	2019-07-21	1	0	1	0	0	0	0	0	0	12.53	1	19.000	Working	0	0	0	0	0	0	0	0	0	0	0	0	0	0
103007901217542	103007901	2019-07-21		20			13	7	0	0	0	12.53	2	19.000	Working	0	24	0	24	0	4	0	0	0	0	0	0	20	0
103007901217681	103007901	2019-08-04	2	6	2	0	4	2	0	0	0	12.48	1	19.000	Working	0	6	0	6	0	0	0	0	0	0	0	0	6	0
103007901217682	103007901	2019-08-04		11			7	4	0	0	0	12.48	2	19.000	Working	0	13	0	13	0	2	0	0	0	0	0	0	11	0
103007901217821	103007901	2019-08-18		1			0	1	0	0	0	12.05	1	19.000	Working	0	1	0	1	0	0	0	0	0	0	0	0	1	0
103007901217822	103007901	2019-08-18		1			0	1	0	0	0	12.05	2	19.000	Working	0	1	0	1	0	0	0	0	0	0	0	0	1	0
103007901217961	103007901	2019-09-01	2	1	2	0	0	1	0	0	0	12.17	1	19.000	Working	0	4	0	4	0	3	0	0	0	0	0	0	1	0
103007901217962	103007901	2019-09-01		0			0	0	0	0	0	12.17	2	19.000	Working	0	0	0	0	0	0	0	0	0	0	0	0	0	0
103007901218101	103007901	2019-09-15		0			0	0	0	0	0	12.40	1	19.000	Working	0	0	0	0	0	0	0	0	0	0	0	0	0	0
103007901218102	103007901	2019-09-15		0			0	0	0	0	0	12.40	2	19.000	Working	0	0	0	0	0	0	0	0	0	0	0	0	0	0
103007901218241	103007901	2019-09-29		2			0	2	0	0	0	12.40	1	19.000	Working	0	2	0	2	0	0	0	0	0	0	0	0	2	0
103007901218242	103007901	2019-09-29		0			0	0	0	0	0	12.40	2	19.000	Working	0	0	0	0	0	0	0	0	0	0	0	0	0	0
103007901218381	103007901	2019-10-13		3			1	2	0	0	0	12.63	1	19.000	Working	0	3	0	3	0	0	0	0	0	0	0	0	3	0
103007901218382	103007901	2019-10-13		2			1	1	0	0	0	12.63	2	19.000	Working	0	2	0	2	0	0	0	0	0	0	0	0	2	0
103015402211371	103015402	2017-11-10		0			0	0	0	0	0	13.67	1	19.000	Working	0	0	0	0	0	0	0	0	0	0	0	0	0	0
103015402211372	103015402	2017-11-10		0			0	0	0	0	0	13.67	2	19.000	Working	0	0	0	0	0	0	0	0	0	0	0	0	0	0
103015402211511	103015402	2017-11-24		0			0	0	0	0	0	13.38	1	19.000	Working	0	0	0	0	0	0	0	0	0	0	0	0	0	0
103015402211512	103015402	2017-11-24		0			0	0	0	1	0	13.38	2	19.000	Working	0	1	0	1	0	0	0	0	0	0	0	0	0	0
103015402211661	103015402	2017-12-09		0			0	0	0	0	0	12.18	1	19.000	Working	0	0	0	0	0	0	0	0	0	0	0	0	0	0
103015402211662	103015402	2017-12-09		0			0	0	0	0	0	12.18	2	19.000	Working	0	0	0	0	0	0	0	0	0	0	0	0	0	0
103015402211811	103015402	2017-12-24		0			0	0	0	0	0	12.48	1	19.000	Working	0	0	0	0	0	0	0	0	0	0	0	0	0	0
103015402211812	103015402	2017-12-24		0			0	0	0	0	0	12.48	2	19.000	Working	0	0	0	0	0	0	0	0	0	0	0	0	0	0
103015402211941	103015402	2018-01-06		0			0	0	0	0	0	12.22	1	19.000	Working	0	0	0	0	0	0	0	0	0	0	0	0	0	0
103015402211942	103015402	2018-01-06		0			0	0	0	0	0	12.22	2	19.000	Working	0	0	0	0	0	0	0	0	0	0	0	0	0	0
103015402212081	103015402	2018-01-20		0			0	0	0	0	0	11.83	1	19.000	Working	0	0	0	0	0	0	0	0	0	0	0	0	0	0
103015402212082	103015402	2018-01-20		0			0	0	0	0	0	11.83	2	19.000	Working	0	0	0	0	0	0	0	0	0	0	0	0	0	0
103015402212221	103015402	2018-02-03		0			0	0	0	0	0	11.87	1	19.000	Working	0	0	0	0	0	0	0	0	0	0	0	0	0	0
103015402212222	103015402	2018-02-03		0			0	0	0	0	0	11.87	2	19.000	Working	0	0	0	0	0	0	0	0	0	0	0	0	0	0
103015402212361	103015402	2018-02-17		0			0	0	0	0	0	12.27	1	19.000	Working	0	0	0	0	0	0	0	0	0	0	0	0	0	0
103015402212362	103015402	2018-02-17		0			0	0	0	0	0	12.27	2	19.000	Working	0	0	0	0	0	0	0	0	0	0	0	0	0	0
103015402212501	103015402	2018-03-03		0			0	0	0	0	0	12.27	1	19.000	Working	0	0	0	0	0	0	0	0	0	0	0	0	0	0
103015402212502	103015402	2018-03-03		0			0	0	0	0	0	12.27	2	19.000	Working	0	0	0	0	0	0	0	0	0	0	0	0	0	0
103015402212641	103015402	2018-03-17		0			0	0	0	0	0	12.28	1	19.000	Working	0	0	0	0	0	0	0	0	0	0	0	0	0	0
103015402212642	103015402	2018-03-17		0			0	0	0	0	0	12.28	2	19.000	Working	0	0	0	0	0	0	0	0	0	0	0	0	0	0
103015402212781	103015402	2018-03-31		0			0	0	0	0	0	12.40	1	19.000	Working	0	0	0	0	0	0	0	0	0	0	0	0	0	0
103015402212782	103015402	2018-03-31		0			0	0	0	0	0	12.40	2	19.000	Working	0	0	0	0	0	0	0	0	0	0	0	0	0	0
103015402212921	103015402	2018-04-14		0			0	0	0	0	0	13.37	1	19.000	Working	0	0	0	0	0	0	0	0	0	0	0	0	0	0
103015402212922	103015402	2018-04-14		0			0	0	0	0	0	13.37	2	19.000	Working	0	0	0	0	0	0	0	0	0	0	0	0	0	0
103015402213061	103015402	2018-04-28		0			0	0	0	0	0	12.60	1	19.000	Working	0	0	0	0	0	0	0	0	0	0	0	0	0	0
103015402213062	103015402	2018-04-28		1			1	0	0	0	0	12.60	2	19.000	Working	0	1	0	1	0	0	0	0	0	0	0	0	1	0
103015402213201	103015402	2018-05-12	1	4	1	0	0	4	0	2	0	14.13	1	19.000	Working	0	6	0	6	0	0	0	0	0	0	0	0	4	0
103015402213202	103015402	2018-05-12		17			8	9	0	8	0	14.13	2	19.000	Working	0	42	0	42	0	12	0	0	0	5	0	0	17	0
103015402213341	103015402	2018-05-26		12			4	8	0	0	0	12.48	1	19.000	Working	0	19	0	19	0	4	0	0	0	3	0	0	12	0
103015402213342	103015402	2018-05-26		12			3	9	0	0	0	12.48	2	19.000	Working	0	12	0	12	0	0	0	0	0	0	0	0	12	0
103015402213481	103015402	2018-06-09		0			0	0	0	0	0	12.43	1	19.000	Working	0	0	0	0	0	0	0	0	0	0	0	0	0	0
103015402213482	103015402	2018-06-09		3			3	0	0	0	0	12.43	2	19.000	Working	0	4	0	4	0	1	0	0	0	0	0	0	3	0
103015402213621	103015402	2018-06-23	1	2	1	0	0	2	0	0	0	12.17	1	19.000	Working	0	2	0	2	0	0	0	0	0	0	0	0	2	0
103015402213622	103015402	2018-06-23		0			0	0	0	0	0	12.17	2	19.000	Working	0	0	0	0	0	0	0	0	0	0	0	0	0	0
103015402213761	103015402	2018-07-07		0			0	0	0	0	0	12.12	1	19.000	Working	0	0	0	0	0	0	0	0	0	0	0	0	0	0
103015402213762	103015402	2018-07-07		0			0	0	0	0	0	12.12	2	19.000	Working	0	0	0	0	0	0	0	0	0	0	0	0	0	0
103015402213901	103015402	2018-07-21		0			0	0	0	0	0	12.03	1	19.000	Working	0	0	0	0	0	0	0	0	0	0	0	0	0	0
103015402213902	103015402	2018-07-21		0			0	0	0	0	0	12.03	2	19.000	Working	0	0	0	0	0	0	0	0	0	0	0	0	0	0
103015402214041	103015402	2018-08-04		0			0	0	0	0	0	12.25	1	19.000	Working	0	1	0	1	0	1	0	0	0	0	0	0	0	0
103015402214042	103015402	2018-08-04		0			0	0	0	0	0	12.25	2	19.000	Working	0	0	0	0	0	0	0	0	0	0	0	0	0	0
103015402214181	103015402	2018-08-18		0			0	0	0	0	0	12.17	1	19.000	Working	0	1	0	0	0	0	0	1	0	0	0	0	0	1
103015402214182	103015402	2018-08-18		0			0	0	0	0	0	12.17	2	19.000	Working	0	0	0	0	0	0	0	0	0	0	0	0	0	0
103015402214321	103015402	2018-09-01		2			0	2	0	0	0	12.45	1	19.000	Working	0	2	0	2	0	0	0	0	0	0	0	0	2	0
103015402214322	103015402	2018-09-01		0			0	0	0	0	0	12.45	2	19.000	Working	0	0	0	0	0	0	0	0	0	0	0	0	0	0
103015402214461	103015402	2018-09-15		0			0	0	0	0	0	13.35	1	19.000	Working	0	0	0	0	0	0	0	0	0	0	0	0	0	0
103015402214462	103015402	2018-09-15		0			0	0	0	0	0	13.35	2	19.000	Working	0	0	0	0	0	0	0	0	0	0	0	0	0	0
103015402214601	103015402	2018-09-29		0			0	0	0	0	0	12.30	1	19.000	Working	0	0	0	0	0	0	0	0	0	0	0	0	0	0
103015402214602	103015402	2018-09-29		0			0	0	0	0	0	12.30	2	19.000	Working	0	0	0	0	0	0	0	0	0	0	0	0	0	0
103015402214741	103015402	2018-10-13	1	1	1	0	1	0	0	0	0	12.65	1	19.000	Working	0	1	0	1	0	0	0	0	0	0	0	0	1	0
103015402214742	103015402	2018-10-13		0			0	0	0	0	0	12.65	2	19.000	Working	0	0	0	0	0	0	0	0	0	0	0	0	0	0
103015402214881	103015402	2018-10-27		0			0	0	0	0	0	12.17	1	19.000	Working	0	0	0	0	0	0	0	0	0	0	0	0	0	0
103015402214882	103015402	2018-10-27		0			0	0	0	0	0	12.17	2	19.000	Working	0	0	0	0	0	0	0	0	0	0	0	0	0	0
103015402215021	103015402	2018-11-10		0			0	0	0	0	0	13.33	1	19.000	Working	0	2	0	2	0	1	0	0	0	1	0	0	0	0
103015402215022	103015402	2018-11-10		1			1	0	0	0	0	13.33	2	19.000	Working	0	2	0	2	0	1	0	0	0	0	0	0	1	0
103015402215161	103015402	2018-11-24		0			0	0	0	0	0	12.00	1	19.000	Working	0	0	0	0	0	0	0	0	0	0	0	0	0	0
103015402215162	103015402	2018-11-24		0			0	0	0	0	0	12.00	2	19.000	Working	0	0	0	0	0	0	0	0	0	0	0	0	0	0
103015402215163	103015402	2018-11-24		0			0	0	0	0	0	12.00	3	19.000		0	0	0	0	0	0	0	0	0	0	0	0	0	0
103015402215301	103015402	2018-12-08		0			0	0	0	0	0	12.37	1	19.000	Working	0	0	0	0	0	0	0	0	0	0	0	0	0	0
103015402215302	103015402	2018-12-08		0			0	0	0	0	0	12.37	2	19.000	Working	0	0	0	0	0	0	0	0	0	0	0	0	0	0
103015402215461	103015402	2018-12-24		0			0	0	0	0	0	12.50	1	19.000	Working	0	0	0	0	0	0	0	0	0	0	0	0	0	0
103015402215462	103015402	2018-12-24		0			0	0	0	0	0	12.50	2	19.000	Working	0	0	0	0	0	0	0	0	0	0	0	0	0	0
103015402215581	103015402	2019-01-05		0			0	0	0	0	0	12.42	1	19.000	Working	0	0	0	0	0	0	0	0	0	0	0	0	0	0
103015402215582	103015402	2019-01-05		0			0	0	0	0	0	12.42	2	19.000	Working	0	0	0	0	0	0	0	0	0	0	0	0	0	0
103015402215721	103015402	2019-01-19		0			0	0	0	0	0	12.57	1	19.000	Working	0	0	0	0	0	0	0	0	0	0	0	0	0	0
103015402215722	103015402	2019-01-19		0			0	0	0	0	0	12.57	2	19.000	Working	0	0	0	0	0	0	0	0	0	0	0	0	0	0
103015402215861	103015402	2019-02-02		0			0	0	0	0	0	12.53	1	19.000	Working	0	0	0	0	0	0	0	0	0	0	0	0	0	0
103015402215862	103015402	2019-02-02		0			0	0	0	0	0	12.53	2	19.000	Working	0	0	0	0	0	0	0	0	0	0	0	0	0	0
103015402216001	103015402	2019-02-16		0			0	0	0	0	0	12.00	1	19.000	Working	0	0	0	0	0	0	0	0	0	0	0	0	0	0
103015402216002	103015402	2019-02-16		0			0	0	0	0	0	12.00	2	19.000	Working	0	0	0	0	0	0	0	0	0	0	0	0	0	0
103015402216141	103015402	2019-03-02		0			0	0	0	0	0	12.13	1	19.000	Working	0	0	0	0	0	0	0	0	0	0	0	0	0	0
103015402216142	103015402	2019-03-02		0			0	0	0	0	0	12.13	2	19.000	Working	0	0	0	0	0	0	0	0	0	0	0	0	0	0
103015402216281	103015402	2019-03-16		0			0	0	0	0	0	12.62	1	19.000	Working	0	0	0	0	0	0	0	0	0	0	0	0	0	0
103015402216282	103015402	2019-03-16		0			0	0	0	0	0	12.62	2	19.000	Working	0	0	0	0	0	0	0	0	0	0	0	0	0	0
103015402216421	103015402	2019-03-30		0			0	0	0	0	0	12.07	1	19.000	Working	0	0	0	0	0	0	0	0	0	0	0	0	0	0
103015402216422	103015402	2019-03-30		0			0	0	0	0	0	12.07	2	19.000	Working	0	0	0	0	0	0	0	0	0	0	0	0	0	0
103015402216561	103015402	2019-04-13		0			0	0	0	0	0	13.67	1	19.000	Working	0	0	0	0	0	0	0	0	0	0	0	0	0	0
103015402216562	103015402	2019-04-13		0			0	0	0	0	0	13.67	2	19.000	Working	0	0	0	0	0	0	0	0	0	0	0	0	0	0
103015402216701	103015402	2019-04-27		0			0	0	0	0	0	13.57	1	19.000	Working	0	0	0	0	0	0	0	0	0	0	0	0	0	0
103015402216702	103015402	2019-04-27		0			0	0	0	0	0	13.57	2	19.000	Working	0	0	0	0	0	0	0	0	0	0	0	0	0	0
103015402216841	103015402	2019-05-11		1			0	1	0	0	0	12.33	1	19.000	Working	0	1	0	1	0	0	0	0	0	0	0	0	1	0
103015402216842	103015402	2019-05-11		0			0	0	0	0	0	12.33	2	19.000	Working	0	0	0	0	0	0	0	0	0	0	0	0	0	0
103015402216981	103015402	2019-05-25		0			0	0	0	0	0	11.90	1	19.000	Working	0	0	0	0	0	0	0	0	0	0	0	0	0	0
103015402216982	103015402	2019-05-25		2			1	1	0	0	0	11.90	2	19.000	Working	0	2	0	2	0	0	0	0	0	0	0	0	2	0
103015402217121	103015402	2019-06-08		1			0	1	0	1	0	13.70	1	19.000	Working	0	2	0	2	0	0	0	0	0	0	0	0	1	0
103015402217122	103015402	2019-06-08		0			0	0	0	0	0	13.70	2	19.000	Working	0	0	0	0	0	0	0	0	0	0	0	0	0	0
103015402217261	103015402	2019-06-22		6			3	3	0	0	0	12.50	1	19.000	Working	0	8	0	8	0	2	0	0	0	0	0	0	6	0
103015402217262	103015402	2019-06-22		6			2	4	0	0	0	12.50	2	19.000	Working	0	7	0	7	0	1	0	0	0	0	0	0	6	0
103015402217401	103015402	2019-07-06		1			0	1	0	0	0	12.27	1	19.000	Working	0	1	0	1	0	0	0	0	0	0	0	0	1	0
103015402217402	103015402	2019-07-06		1			0	1	0	0	0	12.27	2	19.000	Working	0	1	0	1	0	0	0	0	0	0	0	0	1	0
103015402217541	103015402	2019-07-20		7			4	3	0	0	0	12.38	1	19.000	Working	0	8	0	8	0	1	0	0	0	0	0	0	7	0
103015402217542	103015402	2019-07-20		0			0	0	0	0	0	12.38	2	19.000	Working	0	0	0	0	0	0	0	0	0	0	0	0	0	0
103015402217681	103015402	2019-08-03	2	4	2	0	2	2	0	0	0	12.63	1	19.000	Working	0	4	0	4	0	0	0	0	0	0	0	0	4	0
103015402217682	103015402	2019-08-03		2			2	0	0	0	0	12.63	2	19.000	Working	0	2	0	2	0	0	0	0	0	0	0	0	2	0
103015402217821	103015402	2019-08-17		0			0	0	0	0	0	12.30	1	19.000	Working	0	0	0	0	0	0	0	0	0	0	0	0	0	0
103015402217822	103015402	2019-08-17		0			0	0	0	0	0	12.30	2	19.000	Working	0	0	0	0	0	0	0	0	0	0	0	0	0	0
103015402217961	103015402	2019-08-31		1			0	1	0	0	0	13.37	1	19.000	Working	0	2	0	1	0	0	1	1	0	0	0	0	1	0
103015402217962	103015402	2019-08-31		0			0	0	0	0	0	13.37	2	19.000	Working	0	0	0	0	0	0	0	0	0	0	0	0	0	0
103015402218111	103015402	2019-09-15	1	0	1	0	0	0	0	0	0	12.52	1	19.000	Working	0	0	0	0	0	0	0	0	0	0	0	0	0	0
103015402218112	103015402	2019-09-15		0			0	0	0	0	0	12.52	2	19.000	Working	0	1	0	1	0	0	0	0	0	1	0	0	0	0
103015402218241	103015402	2019-09-28		0			0	0	0	0	0	11.78	1	19.000	Working	0	0	0	0	0	0	0	0	0	0	0	0	0	0
103015402218242	103015402	2019-09-28		0			0	0	0	0	0	11.78	2	19.000	Working	0	0	0	0	0	0	0	0	0	0	0	0	0	0
103015402218381	103015402	2019-10-12		0			0	0	0	0	0	12.50	1	19.000	Working	0	0	0	0	0	0	0	0	0	0	0	0	0	0
103015402218382	103015402	2019-10-12		0			0	0	0	0	0	12.50	2	19.000	Working	0	0	0	0	0	0	0	0	0	0	0	0	0	0
104003801211371	104003801	2017-11-10	1	0	1	0	0	0	0	0	0	11.87	1	19.000	Working	0	0	0	0	0	0	0	0	0	0	0	0	0	0
104003801211372	104003801	2017-11-10		1			0	1	0	0	0	11.87	2	19.000	Working	0	1	0	1	0	0	0	0	0	0	0	0	1	0
104003801211373	104003801	2017-11-10		0			0	0	0	0	0	11.87	3	19.000	Working	0	0	0	0	0	0	0	0	0	0	0	0	0	0
104003801211511	104003801	2017-11-24		0			0	0	0	0	0	10.87	1	19.000	Working	0	0	0	0	0	0	0	0	0	0	0	0	0	0
104003801211512	104003801	2017-11-24		0			0	0	0	0	0	10.87	2	19.000	Working	0	0	0	0	0	0	0	0	0	0	0	0	0	0
104003801211513	104003801	2017-11-24		0			0	0	0	0	0	10.87	3	19.000	Working	0	0	0	0	0	0	0	0	0	0	0	0	0	0
104003801211661	104003801	2017-12-09		0			0	0	0	0	0	11.67	1	19.000	Working	0	0	0	0	0	0	0	0	0	0	0	0	0	0
104003801211662	104003801	2017-12-09		0			0	0	0	0	0	11.67	2	19.000	Working	0	0	0	0	0	0	0	0	0	0	0	0	0	0
104003801211663	104003801	2017-12-09		0			0	0	0	0	0	11.67	3	19.000	Working	0	0	0	0	0	0	0	0	0	0	0	0	0	0
104003801211811	104003801	2017-12-24		0			0	0	0	0	0	12.13	1	19.000	Working	0	0	0	0	0	0	0	0	0	0	0	0	0	0
104003801211812	104003801	2017-12-24		0			0	0	0	0	0	12.13	2	19.000	Working	0	0	0	0	0	0	0	0	0	0	0	0	0	0
104003801211813	104003801	2017-12-24		0			0	0	0	0	0	12.13	3	19.000	Working	0	0	0	0	0	0	0	0	0	0	0	0	0	0
104003801211941	104003801	2018-01-06		0			0	0	0	0	0	12.10	1	19.000	Working	0	0	0	0	0	0	0	0	0	0	0	0	0	0
104003801211942	104003801	2018-01-06		0			0	0	0	0	0	12.10	2	19.000	Working	0	0	0	0	0	0	0	0	0	0	0	0	0	0
104003801211943	104003801	2018-01-06		0			0	0	0	0	0	12.10	3	19.000	Working	0	0	0	0	0	0	0	0	0	0	0	0	0	0
104003801212081	104003801	2018-01-20		0			0	0	0	0	0	12.60	1	19.000	Working	0	0	0	0	0	0	0	0	0	0	0	0	0	0
104003801212082	104003801	2018-01-20		0			0	0	0	0	0	12.60	2	19.000	Working	0	0	0	0	0	0	0	0	0	0	0	0	0	0
104003801212083	104003801	2018-01-20		0			0	0	0	0	0	12.60	3	19.000	Working	0	0	0	0	0	0	0	0	0	0	0	0	0	0
104003801212221	104003801	2018-02-03		0			0	0	0	0	0	12.08	1	19.000	Working	0	0	0	0	0	0	0	0	0	0	0	0	0	0
104003801212222	104003801	2018-02-03		0			0	0	0	0	0	12.08	2	19.000	Working	0	0	0	0	0	0	0	0	0	0	0	0	0	0
104003801212223	104003801	2018-02-03		0			0	0	0	0	0	12.08	3	19.000	Working	0	0	0	0	0	0	0	0	0	0	0	0	0	0
104003801212361	104003801	2018-02-17		0			0	0	0	0	0	13.40	1	19.000	Working	0	0	0	0	0	0	0	0	0	0	0	0	0	0
104003801212362	104003801	2018-02-17		0			0	0	0	0	0	13.40	2	19.000	Working	0	0	0	0	0	0	0	0	0	0	0	0	0	0
104003801212363	104003801	2018-02-17		0			0	0	0	0	0	13.40	3	19.000	Working	0	0	0	0	0	0	0	0	0	0	0	0	0	0
104003801212501	104003801	2018-03-03		0			0	0	0	0	0	11.88	1	19.000	Working	0	0	0	0	0	0	0	0	0	0	0	0	0	0
104003801212502	104003801	2018-03-03		0			0	0	0	0	0	11.88	2	19.000	Working	0	0	0	0	0	0	0	0	0	0	0	0	0	0
104003801212503	104003801	2018-03-03		0			0	0	0	0	0	11.88	3	19.000	Working	0	0	0	0	0	0	0	0	0	0	0	0	0	0
104003801212641	104003801	2018-03-17		0			0	0	0	0	0	11.97	1	19.000	Working	0	0	0	0	0	0	0	0	0	0	0	0	0	0
104003801212642	104003801	2018-03-17		0			0	0	0	0	0	11.97	2	19.000	Working	0	0	0	0	0	0	0	0	0	0	0	0	0	0
104003801212643	104003801	2018-03-17		0			0	0	0	0	0	11.97	3	19.000	Working	0	0	0	0	0	0	0	0	0	0	0	0	0	0
104003801212781	104003801	2018-03-31		0			0	0	0	0	0	11.97	1	19.000	Working	0	0	0	0	0	0	0	0	0	0	0	0	0	0
104003801212782	104003801	2018-03-31		0			0	0	0	0	0	11.97	2	19.000	Working	0	0	0	0	0	0	0	0	0	0	0	0	0	0
104003801212783	104003801	2018-03-31		0			0	0	0	0	0	11.97	3	19.000	Working	0	0	0	0	0	0	0	0	0	0	0	0	0	0
104003801212921	104003801	2018-04-14		5			1	4	0	1	0	13.33	1	19.000	Working	0	6	0	6	0	0	0	0	0	0	0	0	5	0
104003801212922	104003801	2018-04-14		1			0	1	0	0	0	13.33	2	19.000	Working	0	3	0	3	0	0	0	0	0	2	0	0	1	0
104003801212923	104003801	2018-04-14		0			0	0	0	0	0	13.33	3	19.000	Working	0	0	0	0	0	0	0	0	0	0	0	0	0	0
104003801213061	104003801	2018-04-28		0			0	0	0	0	0	14.07	1	19.000	Working	0	0	0	0	0	0	0	0	0	0	0	0	0	0
104003801213062	104003801	2018-04-28		0			0	0	0	0	0	14.07	2	19.000	Working	0	0	0	0	0	0	0	0	0	0	0	0	0	0
104003801213063	104003801	2018-04-28		2			2	0	0	0	0	14.07	3	19.000	Working	0	2	0	2	0	0	0	0	0	0	0	0	2	0
104003801213201	104003801	2018-05-12		10			3	7	0	0	0	13.48	1	19.000	Working	0	10	0	10	0	0	0	0	0	0	0	0	10	0
104003801213202	104003801	2018-05-12		18			11	7	0	0	0	13.48	2	19.000	Working	0	29	0	29	0	5	0	0	0	6	0	0	18	0
104003801213203	104003801	2018-05-12		0			0	0	0	1	0	13.48	3	19.000	Working	0	1	0	1	0	0	0	0	0	0	0	0	0	0
104003801213341	104003801	2018-05-26	1	2	1	0	1	1	0	1	0	12.30	1	19.000	Working	0	3	0	3	0	0	0	0	0	0	0	0	2	0
104003801213342	104003801	2018-05-26		7			2	5	0	1	0	12.30	2	19.000	Working	0	8	0	8	0	0	0	0	0	0	0	0	7	0
104003801213343	104003801	2018-05-26		5			3	2	0	0	0	12.30	3	19.000	Working	0	7	0	7	0	0	0	0	0	2	0	0	5	0
104003801213481	104003801	2018-06-09	1	7	1	0	1	6	0	0	0	12.02	1	19.000	Working	0	9	0	9	0	2	0	0	0	0	0	0	7	0
104003801213482	104003801	2018-06-09		4			0	4	0	2	0	12.02	2	19.000	Working	0	7	0	7	0	1	0	0	0	0	0	0	4	0
104003801213483	104003801	2018-06-09		0			0	0	0	0	0	12.02	3	19.000		0	0	0	0	0	0	0	0	0	0	0	0	0	0
104003801213621	104003801	2018-06-23	1	4	1	0	2	2	0	1	0	11.67	1	19.000	Working	0	5	0	5	0	0	0	0	0	0	0	0	4	0
104003801213622	104003801	2018-06-23		3			0	3	0	1	0	11.67	2	19.000	Working	0	5	0	5	0	1	0	0	0	0	0	0	3	0
104003801213623	104003801	2018-06-23		0			0	0	0	0	0	11.67	3	19.000	Working	0	0	0	0	0	0	0	0	0	0	0	0	0	0
104003801213761	104003801	2018-07-07		2			0	2	0	0	0	12.43	1	19.000	Working	0	2	0	2	0	0	0	0	0	0	0	0	2	0
104003801213762	104003801	2018-07-07		0			0	0	0	0	0	12.43	2	19.000	Working	0	0	0	0	0	0	0	0	0	0	0	0	0	0
104003801213763	104003801	2018-07-07		0			0	0	0	0	0	12.43	3	19.000	Working	0	0	0	0	0	0	0	0	0	0	0	0	0	0
104003801213901	104003801	2018-07-21		0			0	0	0	0	0	12.17	1	19.000	Working	0	0	0	0	0	0	0	0	0	0	0	0	0	0
104003801213902	104003801	2018-07-21		1			0	1	0	0	0	12.17	2	19.000	Working	0	1	0	1	0	0	0	0	0	0	0	0	1	0
104003801213903	104003801	2018-07-21		0			0	0	0	0	0	12.17	3	19.000	Working	0	0	0	0	0	0	0	0	0	0	0	0	0	0
104003801214041	104003801	2018-08-04		2			0	2	0	0	0	12.03	1	19.000	Working	0	2	0	2	0	0	0	0	0	0	0	0	2	0
104003801214042	104003801	2018-08-04		1			1	0	0	0	0	12.03	2	19.000	Working	0	1	0	1	0	0	0	0	0	0	0	0	1	0
104003801214043	104003801	2018-08-04		0			0	0	0	0	0	12.03	3	19.000	Working	0	0	0	0	0	0	0	0	0	0	0	0	0	0
104003801214181	104003801	2018-08-18		0			0	0	0	0	0	12.47	1	19.000	Working	0	0	0	0	0	0	0	0	0	0	0	0	0	0
104003801214182	104003801	2018-08-18		0			0	0	0	0	0	12.47	2	19.000	Working	0	0	0	0	0	0	0	0	0	0	0	0	0	0
104003801214183	104003801	2018-08-18		0			0	0	0	0	0	12.47	3	19.000	Working	0	0	0	0	0	0	0	0	0	0	0	0	0	0
104003801214321	104003801	2018-09-01	1	3	1	0	1	2	0	0	0	11.98	1	19.000	Working	0	3	0	3	0	0	0	0	0	0	0	0	3	0
104003801214322	104003801	2018-09-01		0			0	0	0	0	0	11.98	2	19.000	Working	0	0	0	0	0	0	0	0	0	0	0	0	0	0
104003801214323	104003801	2018-09-01		0			0	0	0	0	0	11.98	3	19.000	Working	0	0	0	0	0	0	0	0	0	0	0	0	0	0
104003801214461	104003801	2018-09-15		0			0	0	0	0	0	12.62	1	19.000	Working	0	0	0	0	0	0	0	0	0	0	0	0	0	0
104003801214462	104003801	2018-09-15		0			0	0	0	0	0	12.62	2	19.000	Working	0	0	0	0	0	0	0	0	0	0	0	0	0	0
104003801214463	104003801	2018-09-15		1			0	1	0	0	0	12.62	3	19.000	Working	0	1	0	1	0	0	0	0	0	0	0	0	1	0
104003801214601	104003801	2018-09-29		0			0	0	0	0	0	11.80	1	19.000	Working	0	0	0	0	0	0	0	0	0	0	0	0	0	0
104003801214602	104003801	2018-09-29		0			0	0	0	0	0	11.80	2	19.000	Working	0	0	0	0	0	0	0	0	0	0	0	0	0	0
104003801214603	104003801	2018-09-29		0			0	0	0	0	0	11.80	3	19.000	Working	0	0	0	0	0	0	0	0	0	0	0	0	0	0
104003801214741	104003801	2018-10-13		0			0	0	0	0	0	12.27	1	19.000	Working	0	0	0	0	0	0	0	0	0	0	0	0	0	0
104003801214742	104003801	2018-10-13		0			0	0	0	0	0	12.27	2	19.000	Working	0	0	0	0	0	0	0	0	0	0	0	0	0	0
104003801214743	104003801	2018-10-13		0			0	0	0	0	0	12.27	3	19.000	Working	0	0	0	0	0	0	0	0	0	0	0	0	0	0
104003801214881	104003801	2018-10-27		0			0	0	0	0	0	12.30	1	19.000	Working	0	0	0	0	0	0	0	0	0	0	0	0	0	0
104003801214882	104003801	2018-10-27		0			0	0	0	0	0	12.30	2	19.000	Working	0	0	0	0	0	0	0	0	0	0	0	0	0	0
104003801214883	104003801	2018-10-27		0			0	0	0	0	0	12.30	3	19.000	Working	0	0	0	0	0	0	0	0	0	0	0	0	0	0
104003801215021	104003801	2018-11-10		1			0	1	0	0	0	11.98	1	19.000	Working	0	1	0	1	0	0	0	0	0	0	0	0	1	0
104003801215022	104003801	2018-11-10		0			0	0	0	0	0	11.98	2	19.000	Working	0	0	0	0	0	0	0	0	0	0	0	0	0	0
104003801215023	104003801	2018-11-10		0			0	0	0	0	0	11.98	3	19.000	Working	0	0	0	0	0	0	0	0	0	0	0	0	0	0
104003801215161	104003801	2018-11-24		0			0	0	0	0	0	12.62	1	19.000	Working	0	0	0	0	0	0	0	0	0	0	0	0	0	0
104003801215162	104003801	2018-11-24		0			0	0	0	0	0	12.62	2	19.000	Working	0	0	0	0	0	0	0	0	0	0	0	0	0	0
104003801215163	104003801	2018-11-24		0			0	0	0	0	0	12.62	3	19.000	Working	0	0	0	0	0	0	0	0	0	0	0	0	0	0
104003801215301	104003801	2018-12-08		0			0	0	0	0	0	12.00	1	19.000	Working	0	0	0	0	0	0	0	0	0	0	0	0	0	0
104003801215302	104003801	2018-12-08		0			0	0	0	0	0	12.00	2	19.000	Working	0	0	0	0	0	0	0	0	0	0	0	0	0	0
104003801215303	104003801	2018-12-08		0			0	0	0	0	0	12.00	3	19.000	Working	0	0	0	0	0	0	0	0	0	0	0	0	0	0
104003801215461	104003801	2018-12-24		0			0	0	0	0	0	12.03	1	19.000	Working	0	0	0	0	0	0	0	0	0	0	0	0	0	0
104003801215462	104003801	2018-12-24		0			0	0	0	0	0	12.03	2	19.000	Working	0	0	0	0	0	0	0	0	0	0	0	0	0	0
104003801215581	104003801	2019-01-05		0			0	0	0	0	0	11.97	1	19.000	Working	3	0	0	0	0	0	0	0	0	0	0	0	0	0
104003801215582	104003801	2019-01-05		0			0	0	0	0	0	11.97	2	19.000	Working	0	0	0	0	0	0	0	0	0	0	0	0	0	0
104003801215721	104003801	2019-01-19		0			0	0	0	0	0	12.17	1	19.000	Working	0	0	0	0	0	0	0	0	0	0	0	0	0	0
104003801215722	104003801	2019-01-19		0			0	0	0	0	0	12.17	2	19.000	Working	0	0	0	0	0	0	0	0	0	0	0	0	0	0
104003801215861	104003801	2019-02-02		0			0	0	0	0	0	12.17	1	19.000	Working	0	0	0	0	0	0	0	0	0	0	0	0	0	0
104003801215862	104003801	2019-02-02		0			0	0	0	0	0	12.17	2	19.000	Working	0	0	0	0	0	0	0	0	0	0	0	0	0	0
104003801216001	104003801	2019-02-16		0			0	0	0	0	0	12.05	1	19.000	Working	0	0	0	0	0	0	0	0	0	0	0	0	0	0
104003801216002	104003801	2019-02-16		0			0	0	0	0	0	12.05	2	19.000	Working	0	0	0	0	0	0	0	0	0	0	0	0	0	0
104003801216141	104003801	2019-03-02		0			0	0	0	0	0	11.93	1	19.000	Working	0	0	0	0	0	0	0	0	0	0	0	0	0	0
104003801216142	104003801	2019-03-02		0			0	0	0	0	0	11.93	2	19.000	Working	0	0	0	0	0	0	0	0	0	0	0	0	0	0
104003801216281	104003801	2019-03-16		0			0	0	0	0	0	12.28	1	19.000	Working	0	0	0	0	0	0	0	0	0	0	0	0	0	0
104003801216282	104003801	2019-03-16		0			0	0	0	0	0	12.28	2	19.000	Working	0	0	0	0	0	0	0	0	0	0	0	0	0	0
104003801216421	104003801	2019-03-30		0			0	0	0	0	0	11.67	1	19.000	Working	0	0	0	0	0	0	0	0	0	0	0	0	0	0
104003801216422	104003801	2019-03-30		0			0	0	0	0	0	11.67	2	19.000	Working	0	0	0	0	0	0	0	0	0	0	0	0	0	0
104003801216561	104003801	2019-04-13		0			0	0	0	0	0	13.45	1	19.000	Working	0	0	0	0	0	0	0	0	0	0	0	0	0	0
104003801216562	104003801	2019-04-13		0			0	0	0	0	0	13.45	2	19.000	Working	0	0	0	0	0	0	0	0	0	0	0	0	0	0
104003801216701	104003801	2019-04-27		2			0	2	0	0	0	12.50	1	19.000	Working	0	2	0	2	0	0	0	0	0	0	0	0	2	0
104003801216702	104003801	2019-04-27		0			0	0	0	0	0	12.50	2	19.000	Working	0	0	0	0	0	0	0	0	0	0	0	0	0	0
104003801216841	104003801	2019-05-11		0			0	0	0	0	0	12.03	1	19.000	Working	0	0	0	0	0	0	0	0	0	0	0	0	0	0
104003801216842	104003801	2019-05-11		0			0	0	0	0	0	12.03	2	19.000	Working	0	0	0	0	0	0	0	0	0	0	0	0	0	0
104003801216981	104003801	2019-05-25		3			1	2	0	1	0	12.20	1	19.000	Working	0	5	0	5	0	1	0	0	0	0	0	0	3	0
104003801216982	104003801	2019-05-25		0			0	0	0	1	0	12.20	2	19.000	Working	0	1	0	1	0	0	0	0	0	0	0	0	0	0
104003801217121	104003801	2019-06-08		1			0	1	0	0	0	13.33	1	19.000	Working	0	1	0	1	0	0	0	0	0	0	0	0	1	0
104003801217122	104003801	2019-06-08		2			0	2	0	1	0	13.33	2	19.000	Working	0	3	0	3	0	0	0	0	0	0	0	0	2	0
104003801217261	104003801	2019-06-22		5			3	2	0	0	0	12.03	1	19.000	Working	0	5	0	5	0	0	0	0	0	0	0	0	5	0
104003801217262	104003801	2019-06-22		1			0	1	0	0	0	12.03	2	19.000	Working	0	1	0	1	0	0	0	0	0	0	0	0	1	0
104003801217401	104003801	2019-07-06		6			2	4	0	0	0	11.93	1	19.000	Working	0	6	0	6	0	0	0	0	0	0	0	0	6	0
104003801217402	104003801	2019-07-06		2			0	2	0	0	0	11.93	2	19.000	Working	0	2	0	2	0	0	0	0	0	0	0	0	2	0
104003801217541	104003801	2019-07-20		0			0	0	0	0	0	13.35	1	19.000	Working	0	0	0	0	0	0	0	0	0	0	0	0	0	0
104003801217542	104003801	2019-07-20		0			0	0	0	0	0	13.35	2	19.000	Working	0	0	0	0	0	0	0	0	0	0	0	0	0	0
104003801217681	104003801	2019-08-03		0			0	0	0	0	0	12.25	1	19.000	Working	0	0	0	0	0	0	0	0	0	0	0	0	0	0
104003801217682	104003801	2019-08-03		1			0	1	0	0	0	12.25	2	19.000	Working	0	1	0	1	0	0	0	0	0	0	0	0	1	0
104003801217821	104003801	2019-08-17		0			0	0	0	0	0	11.83	1	19.000	Working	0	0	0	0	0	0	0	0	0	0	0	0	0	0
104003801217822	104003801	2019-08-17		0			0	0	0	0	0	11.83	2	19.000	Working	0	0	0	0	0	0	0	0	0	0	0	0	0	0
104003801217961	104003801	2019-08-31		0			0	0	0	0	0	11.88	1	19.000	Working	0	0	0	0	0	0	0	0	0	0	0	0	0	0
104003801217962	104003801	2019-08-31		0			0	0	0	0	0	11.88	2	19.000	Working	0	0	0	0	0	0	0	0	0	0	0	0	0	0
104003801218101	104003801	2019-09-14		0			0	0	0	0	0	12.08	1	19.000	Working	0	1	0	1	0	1	0	0	0	0	0	0	0	0
104003801218102	104003801	2019-09-14		0			0	0	0	0	0	12.08	2	19.000	Working	0	0	0	0	0	0	0	0	0	0	0	0	0	0
104003801218241	104003801	2019-09-28		0			0	0	0	0	0	12.57	1	19.000	Working	0	0	0	0	0	0	0	0	0	0	0	0	0	0
104003801218242	104003801	2019-09-28		0			0	0	0	0	0	12.57	2	19.000	Working	0	0	0	0	0	0	0	0	0	0	0	0	0	0
104003801218381	104003801	2019-10-12		0			0	0	0	0	0	13.55	1	19.000	Working	0	0	0	0	0	0	0	0	0	0	0	0	0	0
104003801218382	104003801	2019-10-12		0			0	0	0	0	0	13.55	2	19.000	Working	0	0	0	0	0	0	0	0	0	0	0	0	0	0
104009403211371	104009403	2017-11-15		0			0	0	0	0	0	12.62	1	19.000	Working	0	0	0	0	0	0	0	0	0	0	0	0	0	0
104009403211372	104009403	2017-11-15		0			0	0	0	0	0	12.62	2	19.000	Working	0	0	0	0	0	0	0	0	0	0	0	0	0	0
104009403211511	104009403	2017-11-29		0			0	0	0	0	0	11.67	1	19.000	Working	0	0	0	0	0	0	0	0	0	0	0	0	0	0
104009403211512	104009403	2017-11-29		0			0	0	0	0	0	11.67	2	19.000	Working	0	0	0	0	0	0	0	0	0	0	0	0	0	0
104009403211661	104009403	2017-12-14		0			0	0	0	0	0	12.12	1	19.000	Working	0	0	0	0	0	0	0	0	0	0	0	0	0	0
104009403211662	104009403	2017-12-14		0			0	0	0	0	0	12.12	2	19.000	Working	0	0	0	0	0	0	0	0	0	0	0	0	0	0
104009403211811	104009403	2017-12-29		0			0	0	0	0	0	12.18	1	19.000	Working	0	0	0	0	0	0	0	0	0	0	0	0	0	0
104009403211812	104009403	2017-12-29		0			0	0	0	0	0	12.18	2	19.000	Working	0	0	0	0	0	0	0	0	0	0	0	0	0	0
104009403211941	104009403	2018-01-11		0			0	0	0	0	0	11.72	1	19.000	Working	0	0	0	0	0	0	0	0	0	0	0	0	0	0
104009403211942	104009403	2018-01-11		0			0	0	0	0	0	11.72	2	19.000	Working	0	0	0	0	0	0	0	0	0	0	0	0	0	0
104009403212081	104009403	2018-01-25		0			0	0	0	0	0	13.37	1	19.000	Working	0	0	0	0	0	0	0	0	0	0	0	0	0	0
104009403212082	104009403	2018-01-25		0			0	0	0	0	0	13.37	2	19.000	Working	0	0	0	0	0	0	0	0	0	0	0	0	0	0
104009403212221	104009403	2018-02-08		0			0	0	0	0	0	13.78	1	19.000	Working	0	0	0	0	0	0	0	0	0	0	0	0	0	0
104009403212222	104009403	2018-02-08		0			0	0	0	0	0	13.78	2	19.000	Working	0	0	0	0	0	0	0	0	0	0	0	0	0	0
104009403212361	104009403	2018-02-22		0			0	0	0	0	0	13.50	1	19.000	Working	0	0	0	0	0	0	0	0	0	0	0	0	0	0
104009403212362	104009403	2018-02-22		0			0	0	0	0	0	13.50	2	19.000	Working	0	0	0	0	0	0	0	0	0	0	0	0	0	0
104009403212501	104009403	2018-03-08		0			0	0	0	0	0	11.98	1	19.000	Working	0	0	0	0	0	0	0	0	0	0	0	0	0	0
104009403212502	104009403	2018-03-08		0			0	0	0	0	0	11.98	2	19.000	Working	0	0	0	0	0	0	0	0	0	0	0	0	0	0
104009403212641	104009403	2018-03-22		0			0	0	0	0	0	11.97	1	19.000	Working	0	0	0	0	0	0	0	0	0	0	0	0	0	0
104009403212642	104009403	2018-03-22		0			0	0	0	0	0	11.97	2	19.000	Working	0	0	0	0	0	0	0	0	0	0	0	0	0	0
104009403212781	104009403	2018-04-05		0			0	0	0	0	0	12.10	1	19.000	Working	0	0	0	0	0	0	0	0	0	0	0	0	0	0
104009403212782	104009403	2018-04-05		0			0	0	0	0	0	12.10	2	19.000	Working	0	0	0	0	0	0	0	0	0	0	0	0	0	0
104009403212921	104009403	2018-04-19		0			0	0	0	1	0	12.48	1	19.000	Working	0	2	0	2	0	1	0	0	0	0	0	0	0	0
104009403212922	104009403	2018-04-19		9			6	3	0	1	0	12.48	2	19.000	Working	0	10	0	10	0	0	0	0	0	0	0	0	9	0
104009403213061	104009403	2018-05-03		1			0	1	0	0	0	13.88	1	19.000	Working	0	1	0	1	0	0	0	0	0	0	0	0	1	0
104009403213062	104009403	2018-05-03		0			0	0	0	0	0	13.88	2	19.000	Working	0	0	0	0	0	0	0	0	0	0	0	0	0	0
104009403213201	104009403	2018-05-17		4			0	4	0	0	0	13.63	1	19.000	Working	0	4	0	4	0	0	0	0	0	0	0	0	4	0
104009403213202	104009403	2018-05-17		5			2	3	0	0	0	13.63	2	19.000	Working	0	5	0	5	0	0	0	0	0	0	0	0	5	0
104009403213341	104009403	2018-05-31		6			1	5	0	0	0	12.55	1	19.000	Working	0	6	0	6	0	0	0	0	0	0	0	0	6	0
104009403213342	104009403	2018-05-31		8			3	5	0	0	0	12.55	2	19.000	Working	0	8	0	8	0	0	0	0	0	0	0	0	8	0
104009403213481	104009403	2018-06-14		9			3	6	0	0	0	12.17	1	19.000	Working	0	9	0	9	0	0	0	0	0	0	0	0	9	0
104009403213482	104009403	2018-06-14		6			2	4	0	2	0	12.17	2	19.000	Working	0	8	0	8	0	0	0	0	0	0	0	0	6	0
104009403213621	104009403	2018-06-28		0			0	0	0	0	0	11.88	1	19.000	Working	0	0	0	0	0	0	0	0	0	0	0	0	0	0
104009403213622	104009403	2018-06-28		1			0	1	0	0	0	11.88	2	19.000	Working	0	1	0	1	0	0	0	0	0	0	0	0	1	0
104009403213761	104009403	2018-07-12	1	1	1	0	0	1	0	0	0	12.57	1	19.000	Working	0	1	0	1	0	0	0	0	0	0	0	0	1	0
104009403213762	104009403	2018-07-12		0			0	0	0	0	0	12.57	2	19.000	Working	0	1	0	1	0	0	0	0	0	1	0	0	0	0
104009403213901	104009403	2018-07-26		0			0	0	0	0	0	12.37	1	19.000	Working	0	0	0	0	0	0	0	0	0	0	0	0	0	0
104009403213902	104009403	2018-07-26		0			0	0	0	0	0	12.37	2	19.000	Working	0	0	0	0	0	0	0	0	0	0	0	0	0	0
104009403214041	104009403	2018-08-09		0			0	0	0	0	0	12.12	1	19.000	Working	0	0	0	0	0	0	0	0	0	0	0	0	0	0
104009403214042	104009403	2018-08-09		0			0	0	0	0	0	12.12	2	19.000	Working	0	0	0	0	0	0	0	0	0	0	0	0	0	0
104009403214181	104009403	2018-08-23		0			0	0	0	0	0	12.60	1	19.000	Working	0	0	0	0	0	0	0	0	0	0	0	0	0	0
104009403214182	104009403	2018-08-23		0			0	0	0	0	0	12.60	2	19.000	Working	0	0	0	0	0	0	0	0	0	0	0	0	0	0
104009403214321	104009403	2018-09-06		0			0	0	0	0	0	12.08	1	19.000	Working	0	0	0	0	0	0	0	0	0	0	0	0	0	0
104009403214322	104009403	2018-09-06		0			0	0	0	0	0	12.08	2	19.000	Working	0	0	0	0	0	0	0	0	0	0	0	0	0	0
104009403214461	104009403	2018-09-20		0			0	0	0	0	0	12.43	1	19.000	Working	0	0	0	0	0	0	0	0	0	0	0	0	0	0
104009403214462	104009403	2018-09-20		0			0	0	0	0	0	12.43	2	19.000	Working	0	0	0	0	0	0	0	0	0	0	0	0	0	0
104009403214601	104009403	2018-10-04		0			0	0	0	0	0	11.95	1	19.000	Working	0	0	0	0	0	0	0	0	0	0	0	0	0	0
104009403214602	104009403	2018-10-04		0			0	0	0	0	0	11.95	2	19.000	Working	0	0	0	0	0	0	0	0	0	0	0	0	0	0
104009403214741	104009403	2018-10-18		0			0	0	0	0	0	12.38	1	19.000	Working	0	0	0	0	0	0	0	0	0	0	0	0	0	0
104009403214742	104009403	2018-10-18		0			0	0	0	0	0	12.38	2	19.000	Working	0	0	0	0	0	0	0	0	0	0	0	0	0	0
104009403214881	104009403	2018-11-01		0			0	0	0	1	0	11.85	1	19.000	Working	0	1	0	1	0	0	0	0	0	0	0	0	0	0
104009403214882	104009403	2018-11-01		0			0	0	0	0	0	11.85	2	19.000	Working	0	0	0	0	0	0	0	0	0	0	0	0	0	0
104009403215021	104009403	2018-11-15	1	5	1	0	3	2	0	0	0	12.12	1	19.000	Working	0	5	0	5	0	0	0	0	0	0	0	0	5	0
104009403215022	104009403	2018-11-15		3			1	2	0	1	0	12.12	2	19.000	Working	0	4	0	4	0	0	0	0	0	0	0	0	3	0
104009403215161	104009403	2018-11-29	1	0	1	0	0	0	0	0	0	13.63	1	19.000	Working	0	0	0	0	0	0	0	0	0	0	0	0	0	0
104009403215162	104009403	2018-11-29		1			1	0	0	0	0	13.63	2	19.000	Working	0	1	0	1	0	0	0	0	0	0	0	0	1	0
104009403215301	104009403	2018-12-13		0			0	0	0	0	0	12.12	1	19.000	Working	0	0	0	0	0	0	0	0	0	0	0	0	0	0
104009403215302	104009403	2018-12-13		0			0	0	0	0	0	12.12	2	19.000	Working	0	0	0	0	0	0	0	0	0	0	0	0	0	0
104009403215461	104009403	2018-12-29		0			0	0	0	0	0	12.18	1	19.000	Working	0	0	0	0	0	0	0	0	0	0	0	0	0	0
104009403215463	104009403	2018-12-29		0			0	0	0	0	0	12.18	3	19.000	Working	0	0	0	0	0	0	0	0	0	0	0	0	0	0
104009403215581	104009403	2019-01-10		0			0	0	0	0	0	12.08	1	19.000	Working	0	0	0	0	0	0	0	0	0	0	0	0	0	0
104009403215583	104009403	2019-01-10		0			0	0	0	0	0	12.08	3	19.000	Working	0	0	0	0	0	0	0	0	0	0	0	0	0	0
104009403215721	104009403	2019-01-24		0			0	0	0	0	0	12.27	1	19.000	Working	0	0	0	0	0	0	0	0	0	0	0	0	0	0
104009403215723	104009403	2019-01-24		0			0	0	0	0	0	12.27	3	19.000	Working	0	0	0	0	0	0	0	0	0	0	0	0	0	0
104009403215861	104009403	2019-02-07	1	1	1	0	0	1	0	0	0	12.27	1	19.000	Working	0	1	0	1	0	0	0	0	0	0	0	0	1	0
104009403215863	104009403	2019-02-07		0			0	0	0	0	0	12.27	3	19.000	Working	0	0	0	0	0	0	0	0	0	0	0	0	0	0
104009403216001	104009403	2019-02-21		0			0	0	0	0	0	12.15	1	19.000	Working	0	0	0	0	0	0	0	0	0	0	0	0	0	0
104009403216003	104009403	2019-02-21		0			0	0	0	0	0	12.15	3	19.000	Working	0	0	0	0	0	0	0	0	0	0	0	0	0	0
104009403216141	104009403	2019-03-07		0			0	0	0	0	0	12.02	1	19.000	Working	0	0	0	0	0	0	0	0	0	0	0	0	0	0
104009403216143	104009403	2019-03-07		0			0	0	0	0	0	12.02	3	19.000	Working	0	0	0	0	0	0	0	0	0	0	0	0	0	0
104009403216281	104009403	2019-03-21		0			0	0	0	0	0	12.33	1	19.000	Working	0	0	0	0	0	0	0	0	0	0	0	0	0	0
104009403216283	104009403	2019-03-21		0			0	0	0	0	0	12.33	3	19.000	Working	0	0	0	0	0	0	0	0	0	0	0	0	0	0
104009403216421	104009403	2019-04-04		0			0	0	0	0	0	11.83	1	19.000	Working	0	0	0	0	0	0	0	0	0	0	0	0	0	0
104009403216423	104009403	2019-04-04		0			0	0	0	0	0	11.83	3	19.000	Working	0	0	0	0	0	0	0	0	0	0	0	0	0	0
104009403216561	104009403	2019-04-18		0			0	0	0	0	0	12.52	1	19.000	Working	0	0	0	0	0	0	0	0	0	0	0	0	0	0
104009403216562	104009403	2019-04-18		0			0	0	0	0	0	12.52	2	19.000	Working	0	0	0	0	0	0	0	0	0	0	0	0	0	0
104009403216701	104009403	2019-05-02		0			0	0	0	0	0	12.60	1	19.000	Working	0	0	0	0	0	0	0	0	0	0	0	0	0	0
104009403216702	104009403	2019-05-02		0			0	0	0	0	0	12.60	2	19.000	Working	0	0	0	0	0	0	0	0	0	0	0	0	0	0
104009403216841	104009403	2019-05-16		0			0	0	0	0	0	12.13	1	19.000	Working	0	0	0	0	0	0	0	0	0	0	0	0	0	0
104009403216842	104009403	2019-05-16		0			0	0	0	0	0	12.13	2	19.000	Working	0	0	0	0	0	0	0	0	0	0	0	0	0	0
104009403216981	104009403	2019-05-30		0			0	0	0	0	0	12.02	1	19.000	Working	0	0	0	0	0	0	0	0	0	0	0	0	0	0
104009403216982	104009403	2019-05-30		0			0	0	0	0	0	12.02	2	19.000	Working	0	0	0	0	0	0	0	0	0	0	0	0	0	0
104009403217121	104009403	2019-06-13		2			0	2	0	0	0	13.43	1	19.000	Working	0	2	0	2	0	0	0	0	0	0	0	0	2	0
104009403217122	104009403	2019-06-13		4			1	3	0	0	0	13.43	2	19.000	Working	0	4	0	4	0	0	0	0	0	0	0	0	4	0
104009403217261	104009403	2019-06-27		7			5	2	0	0	0	12.13	1	19.000	Working	0	7	0	7	0	0	0	0	0	0	0	0	7	0
104009403217262	104009403	2019-06-27		5			4	1	0	0	0	12.13	2	19.000	Working	0	5	0	5	0	0	0	0	0	0	0	0	5	0
104009403217401	104009403	2019-07-11		1			0	1	0	0	0	12.00	1	19.000	Working	0	1	0	1	0	0	0	0	0	0	0	0	1	0
104009403217402	104009403	2019-07-11		1			0	1	0	0	0	12.00	2	19.000	Working	0	2	0	2	0	1	0	0	0	0	0	0	1	0
104009403217541	104009403	2019-07-25	1	3	1	0	1	2	0	0	0	12.60	1	19.000	Working	0	3	0	3	0	0	0	0	0	0	0	0	3	0
104009403217542	104009403	2019-07-25		3			2	1	0	0	0	12.60	2	19.000	Working	0	3	0	3	0	0	0	0	0	0	0	0	3	0
104009403217681	104009403	2019-08-08		0			0	0	0	0	0	12.35	1	19.000	Working	0	0	0	0	0	0	0	0	0	0	0	0	0	0
104009403217682	104009403	2019-08-08		0			0	0	0	0	0	12.35	2	19.000	Working	0	0	0	0	0	0	0	0	0	0	0	0	0	0
104009403217821	104009403	2019-08-22		0			0	0	0	0	0	11.92	1	19.000	Working	0	0	0	0	0	0	0	0	0	0	0	0	0	0
104009403217822	104009403	2019-08-22		0			0	0	0	0	0	11.92	2	19.000	Working	0	0	0	0	0	0	0	0	0	0	0	0	0	0
104009403217961	104009403	2019-09-05		0			0	0	0	0	0	12.03	1	19.000	Working	0	0	0	0	0	0	0	0	0	0	0	0	0	0
104009403217962	104009403	2019-09-05		0			0	0	0	0	0	12.03	2	19.000	Working	0	0	0	0	0	0	0	0	0	0	0	0	0	0
104009403218101	104009403	2019-09-19		0			0	0	0	0	0	12.20	1	19.000	Working	0	0	0	0	0	0	0	0	0	0	0	0	0	0
104009403218102	104009403	2019-09-19		0			0	0	0	0	0	12.20	2	19.000	Working	0	0	0	0	0	0	0	0	0	0	0	0	0	0
104009403218241	104009403	2019-10-03		0			0	0	0	0	0	13.40	1	19.000	Working	0	0	0	0	0	0	0	0	0	0	0	0	0	0
104009403218242	104009403	2019-10-03		0			0	0	0	0	0	13.40	2	19.000	Working	0	0	0	0	0	0	0	0	0	0	0	0	0	0
104009403218381	104009403	2019-10-17		1			0	1	0	0	0	13.42	1	19.000	Working	0	1	0	1	0	0	0	0	0	0	0	0	1	0
104009403218382	104009403	2019-10-17		0			0	0	0	0	0	13.42	2	19.000	Working	0	0	0	0	0	0	0	0	0	0	0	0	0	0
105000101211321	105000101	2017-11-06		0			0	0	0	0	0	13.82	1	19.000	Working	0	0	0	0	0	0	0	0	0	0	0	0	0	0
105000101211322	105000101	2017-11-06		0			0	0	0	0	0	13.82	2	19.000	Working	0	0	0	0	0	0	0	0	0	0	0	0	0	0
105000101211471	105000101	2017-11-21		0			0	0	0	0	0	10.67	1	19.000	Working	0	0	0	0	0	0	0	0	0	0	0	0	0	0
105000101211472	105000101	2017-11-21		0			0	0	0	0	0	10.67	2	19.000	Working	0	0	0	0	0	0	0	0	0	0	0	0	0	0
105000101211641	105000101	2017-12-08		0			0	0	0	0	0	11.67	1	19.000	Working	0	0	0	0	0	0	0	0	0	0	0	0	0	0
105000101211642	105000101	2017-12-08		0			0	0	0	0	0	11.67	2	19.000	Working	0	0	0	0	0	0	0	0	0	0	0	0	0	0
105000101211751	105000101	2017-12-19		0			0	0	0	0	0	11.88	1	19.000	Working	0	0	0	0	0	0	0	0	0	0	0	0	0	0
105000101211752	105000101	2017-12-19		0			0	0	0	0	0	11.88	2	19.000	Working	0	0	0	0	0	0	0	0	0	0	0	0	0	0
105000101211921	105000101	2018-01-05		0			0	0	0	0	0	13.35	1	19.000	Working	0	0	0	0	0	0	0	0	0	0	0	0	0	0
105000101211922	105000101	2018-01-05		0			0	0	0	0	0	13.35	2	19.000	Working	0	0	0	0	0	0	0	0	0	0	0	0	0	0
105000101212061	105000101	2018-01-19		0			0	0	0	0	0	12.20	1	19.000	Working	0	0	0	0	0	0	0	0	0	0	0	0	0	0
105000101212062	105000101	2018-01-19		0			0	0	0	0	0	12.20	2	19.000	Working	0	0	0	0	0	0	0	0	0	0	0	0	0	0
105000101212201	105000101	2018-02-02		0			0	0	0	0	0	12.27	1	19.000	Working	0	0	0	0	0	0	0	0	0	0	0	0	0	0
105000101212202	105000101	2018-02-02		0			0	0	0	0	0	12.27	2	19.000	Working	0	0	0	0	0	0	0	0	0	0	0	0	0	0
105000101212341	105000101	2018-02-16		0			0	0	0	0	0	11.75	1	19.000	Working	0	0	0	0	0	0	0	0	0	0	0	0	0	0
105000101212342	105000101	2018-02-16		0			0	0	0	0	0	11.75	2	19.000	Working	0	0	0	0	0	0	0	0	0	0	0	0	0	0
105000101212481	105000101	2018-03-02		0			0	0	0	0	0	11.78	1	19.000	Working	0	0	0	0	0	0	0	0	0	0	0	0	0	0
105000101212482	105000101	2018-03-02		0			0	0	0	0	0	11.78	2	19.000	Working	0	0	0	0	0	0	0	0	0	0	0	0	0	0
105000101212621	105000101	2018-03-16		0			0	0	0	0	0	13.40	1	19.000	Working	0	0	0	0	0	0	0	0	0	0	0	0	0	0
105000101212622	105000101	2018-03-16		0			0	0	0	0	0	13.40	2	19.000	Working	0	0	0	0	0	0	0	0	0	0	0	0	0	0
105000101212761	105000101	2018-03-30		0			0	0	0	0	0	11.83	1	19.000	Working	0	0	0	0	0	0	0	0	0	0	0	0	0	0
105000101212762	105000101	2018-03-30		0			0	0	0	0	0	11.83	2	19.000	Working	0	0	0	0	0	0	0	0	0	0	0	0	0	0
105000101212901	105000101	2018-04-13		1			1	0	0	0	0	14.13	1	19.000	Working	0	2	0	2	0	1	0	0	0	0	0	0	1	0
105000101212902	105000101	2018-04-13		1			0	1	0	0	0	14.13	2	19.000	Working	0	1	0	1	0	0	0	0	0	0	0	0	1	0
105000101213041	105000101	2018-04-27		3			1	2	0	0	0	11.75	1	19.000	Working	0	3	0	3	0	0	0	0	0	0	0	0	3	0
105000101213042	105000101	2018-04-27		2			2	0	0	0	0	11.75	2	19.000	Working	0	2	0	2	0	0	0	0	0	0	0	0	2	0
105000101213181	105000101	2018-05-11	1	10	1	0	0	10	0	0	0	11.95	1	19.000	Working	0	10	0	10	0	0	0	0	0	0	0	0	10	0
105000101213182	105000101	2018-05-11		13			5	8	0	0	0	11.95	2	19.000	Working	0	13	0	13	0	0	0	0	0	0	0	0	13	0
105000101213321	105000101	2018-05-25		6			1	5	0	0	0	12.53	1	19.000	Working	0	6	0	6	0	0	0	0	0	0	0	0	6	0
105000101213322	105000101	2018-05-25		2			0	2	0	0	0	12.53	2	19.000	Working	0	3	0	3	0	1	0	0	0	0	0	0	2	0
105000101213461	105000101	2018-06-08	1	3	1	0	1	2	0	0	0	11.67	1	19.000	Working	0	6	0	5	0	0	0	1	0	2	0	0	3	1
105000101213462	105000101	2018-06-08		5			1	4	0	0	0	11.67	2	19.000	Working	0	8	0	7	0	2	1	1	0	0	0	0	5	0
105000101213601	105000101	2018-06-22		1			0	1	0	0	0	12.65	1	19.000	Working	0	1	0	1	0	0	0	0	0	0	0	0	1	0
105000101213602	105000101	2018-06-22		2			0	2	0	0	0	12.65	2	19.000	Working	0	2	0	2	0	0	0	0	0	0	0	0	2	0
105000101213741	105000101	2018-07-06		1			0	1	0	0	0	13.50	1	19.000	Working	0	1	0	1	0	0	0	0	0	0	0	0	1	0
105000101213742	105000101	2018-07-06		0			0	0	0	0	0	13.50	2	19.000	Working	0	0	0	0	0	0	0	0	0	0	0	0	0	0
105000101213881	105000101	2018-07-20		0			0	0	0	0	0	12.33	1	19.000	Working	0	0	0	0	0	0	0	0	0	0	0	0	0	0
105000101213882	105000101	2018-07-20		0			0	0	0	0	0	12.33	2	19.000	Working	0	0	0	0	0	0	0	0	0	0	0	0	0	0
105000101214021	105000101	2018-08-03		0			0	0	0	0	0	11.95	1	19.000	Working	0	0	0	0	0	0	0	0	0	0	0	0	0	0
105000101214022	105000101	2018-08-03		0			0	0	0	0	0	11.95	2	19.000	Working	0	0	0	0	0	0	0	0	0	0	0	0	0	0
105000101214161	105000101	2018-08-17		0			0	0	0	0	0	12.62	1	19.000	Working	0	0	0	0	0	0	0	0	0	0	0	0	0	0
105000101214162	105000101	2018-08-17		0			0	0	0	0	0	12.62	2	19.000	Working	0	0	0	0	0	0	0	0	0	0	0	0	0	0
105000101214301	105000101	2018-08-31		0			0	0	0	0	0	11.83	1	19.000	Working	0	0	0	0	0	0	0	0	0	0	0	0	0	0
105000101214302	105000101	2018-08-31		0			0	0	0	0	0	11.83	2	19.000	Working	0	0	0	0	0	0	0	0	0	0	0	0	0	0
105000101214441	105000101	2018-09-14		0			0	0	0	0	0	11.70	1	19.000	Working	0	0	0	0	0	0	0	0	0	0	0	0	0	0
105000101214442	105000101	2018-09-14		0			0	0	0	0	0	11.70	2	19.000	Working	0	0	0	0	0	0	0	0	0	0	0	0	0	0
105000101214581	105000101	2018-09-28		0			0	0	0	0	0	11.67	1	19.000	Working	0	0	0	0	0	0	0	0	0	0	0	0	0	0
105000101214582	105000101	2018-09-28		0			0	0	0	0	0	11.67	2	19.000	Working	0	0	0	0	0	0	0	0	0	0	0	0	0	0
105000101214721	105000101	2018-10-12		0			0	0	0	0	0	12.38	1	19.000	Working	0	0	0	0	0	0	0	0	0	0	0	0	0	0
105000101214722	105000101	2018-10-12		0			0	0	0	0	0	12.38	2	19.000	Working	0	0	0	0	0	0	0	0	0	0	0	0	0	0
105000101214861	105000101	2018-10-26		1			0	1	0	0	0	11.83	1	19.000	Working	0	1	0	1	0	0	0	0	0	0	0	0	1	0
105000101214862	105000101	2018-10-26		0			0	0	0	0	0	11.83	2	19.000	Working	0	0	0	0	0	0	0	0	0	0	0	0	0	0
105000101215001	105000101	2018-11-09	2	1	2	0	0	1	0	0	0	13.48	1	19.000	Working	0	1	0	1	0	0	0	0	0	0	0	0	1	0
105000101215002	105000101	2018-11-09		3			0	3	0	0	0	13.48	2	19.000	Working	0	3	0	3	0	0	0	0	0	0	0	0	3	0
105000101215141	105000101	2018-11-23		0			0	0	0	0	0	12.27	1	19.000	Working	0	0	0	0	0	0	0	0	0	0	0	0	0	0
105000101215142	105000101	2018-11-23		0			0	0	0	0	0	12.27	2	19.000	Working	0	0	0	0	0	0	0	0	0	0	0	0	0	0
105000101215281	105000101	2018-12-07		0			0	0	0	0	0	13.42	1	19.000	Working	0	0	0	0	0	0	0	0	0	0	0	0	0	0
105000101215282	105000101	2018-12-07		0			0	0	0	0	0	13.42	2	19.000	Working	0	0	0	0	0	0	0	0	0	0	0	0	0	0
105000101215411	105000101	2018-12-20		0			0	0	0	0	0	11.73	1	19.000	Working	0	0	0	0	0	0	0	0	0	0	0	0	0	0
105000101215412	105000101	2018-12-20		0			0	0	0	0	0	11.73	2	19.000	Working	0	0	0	0	0	0	0	0	0	0	0	0	0	0
105000101215561	105000101	2019-01-04		0			0	0	0	0	0	12.48	1	19.000	Working	0	0	0	0	0	0	0	0	0	0	0	0	0	0
105000101215562	105000101	2019-01-04		0			0	0	0	0	0	12.48	2	19.000	Working	0	0	0	0	0	0	0	0	0	0	0	0	0	0
105000101215701	105000101	2019-01-18		0			0	0	0	0	0	11.98	1	19.000	Working	0	0	0	0	0	0	0	0	0	0	0	0	0	0
105000101215702	105000101	2019-01-18		0			0	0	0	0	0	11.98	2	19.000	Working	0	0	0	0	0	0	0	0	0	0	0	0	0	0
105000101215841	105000101	2019-02-01		0			0	0	0	0	0	13.60	1	19.000	Working	0	0	0	0	0	0	0	0	0	0	0	0	0	0
105000101215842	105000101	2019-02-01		0			0	0	0	0	0	13.60	2	19.000	Working	0	0	0	0	0	0	0	0	0	0	0	0	0	0
105000101215981	105000101	2019-02-15		0			0	0	0	0	0	11.67	1	19.000	Working	0	0	0	0	0	0	0	0	0	0	0	0	0	0
105000101215982	105000101	2019-02-15		0			0	0	0	0	0	11.67	2	19.000	Working	0	0	0	0	0	0	0	0	0	0	0	0	0	0
105000101216121	105000101	2019-03-01		0			0	0	0	0	0	13.67	1	19.000	Working	0	0	0	0	0	0	0	0	0	0	0	0	0	0
105000101216122	105000101	2019-03-01		0			0	0	0	0	0	13.67	2	19.000	Working	0	0	0	0	0	0	0	0	0	0	0	0	0	0
105000101216261	105000101	2019-03-15		0			0	0	0	0	0	13.45	1	19.000	Working	0	0	0	0	0	0	0	0	0	0	0	0	0	0
105000101216262	105000101	2019-03-15		0			0	0	0	0	0	13.45	2	19.000	Working	0	0	0	0	0	0	0	0	0	0	0	0	0	0
105000101216401	105000101	2019-03-29		0			0	0	0	0	0	12.15	1	19.000	Working	0	0	0	0	0	0	0	0	0	0	0	0	0	0
105000101216402	105000101	2019-03-29		0			0	0	0	0	0	12.15	2	19.000	Working	0	0	0	0	0	0	0	0	0	0	0	0	0	0
105000101216541	105000101	2019-04-12		0			0	0	0	0	0	13.45	1	19.000	Working	0	0	0	0	0	0	0	0	0	0	0	0	0	0
105000101216542	105000101	2019-04-12		0			0	0	0	0	0	13.45	2	19.000	Working	0	0	0	0	0	0	0	0	0	0	0	0	0	0
105000101216681	105000101	2019-04-26		0			0	0	0	1	0	13.97	1	19.000	Working	0	1	0	1	0	0	0	0	0	0	0	0	0	0
105000101216682	105000101	2019-04-26		0			0	0	0	0	0	13.97	2	19.000	Working	0	0	0	0	0	0	0	0	0	0	0	0	0	0
105000101216821	105000101	2019-05-10		0			0	0	0	0	0	11.97	1	19.000	Working	0	0	0	0	0	0	0	0	0	0	0	0	0	0
105000101216822	105000101	2019-05-10		0			0	0	0	0	0	11.97	2	19.000	Working	0	0	0	0	0	0	0	0	0	0	0	0	0	0
105000101216961	105000101	2019-05-24		0			0	0	0	0	0	11.67	1	19.000	Working	0	0	0	0	0	0	0	0	0	0	0	0	0	0
105000101216962	105000101	2019-05-24		0			0	0	0	0	0	11.67	2	19.000	Working	0	0	0	0	0	0	0	0	0	0	0	0	0	0
105000101217101	105000101	2019-06-07		6			2	4	0	1	0	12.10	1	19.000	Working	0	7	0	7	0	0	0	0	0	0	0	0	6	0
105000101217102	105000101	2019-06-07		4			2	2	0	0	0	12.10	2	19.000	Working	0	5	0	5	0	1	0	0	0	0	0	0	4	0
105000101217241	105000101	2019-06-21		0			0	0	0	0	0	11.70	1	19.000	Working	0	0	0	0	0	0	0	0	0	0	0	0	0	0
105000101217242	105000101	2019-06-21		0			0	0	0	0	0	11.70	2	19.000	Working	0	0	0	0	0	0	0	0	0	0	0	0	0	0
105000101217381	105000101	2019-07-05		0			0	0	0	0	0	11.73	1	19.000	Working	0	0	0	0	0	0	0	0	0	0	0	0	0	0
105000101217382	105000101	2019-07-05		3			3	0	0	0	0	11.73	2	19.000	Working	0	3	0	3	0	0	0	0	0	0	0	0	3	0
105000101217521	105000101	2019-07-19		0			0	0	0	0	0	13.73	1	19.000	Working	0	0	0	0	0	0	0	0	0	0	0	0	0	0
105000101217522	105000101	2019-07-19		0			0	0	0	0	0	13.73	2	19.000	Working	0	0	0	0	0	0	0	0	0	0	0	0	0	0
105000101217661	105000101	2019-08-02		0			0	0	0	0	0	12.20	1	19.000	Working	0	0	0	0	0	0	0	0	0	0	0	0	0	0
105000101217662	105000101	2019-08-02		1			1	0	0	0	0	12.20	2	19.000	Working	0	1	0	1	0	0	0	0	0	0	0	0	1	0
105000101217801	105000101	2019-08-16		0			0	0	0	0	0	11.75	1	19.000	Working	0	0	0	0	0	0	0	0	0	0	0	0	0	0
105000101217802	105000101	2019-08-16		0			0	0	0	0	0	11.75	2	19.000	Working	0	0	0	0	0	0	0	0	0	0	0	0	0	0
105000101217941	105000101	2019-08-30		0			0	0	0	1	1	11.70	1	19.000	Working	0	2	0	1	0	0	0	1	0	0	0	0	0	0
105000101217942	105000101	2019-08-30		0			0	0	0	0	0	11.70	2	19.000	Working	0	0	0	0	0	0	0	0	0	0	0	0	0	0
105000101218081	105000101	2019-09-13		0			0	0	0	0	0	12.60	1	19.000	Working	0	0	0	0	0	0	0	0	0	0	0	0	0	0
105000101218082	105000101	2019-09-13		0			0	0	0	0	0	12.60	2	19.000	Working	0	0	0	0	0	0	0	0	0	0	0	0	0	0
105000101218221	105000101	2019-09-27		0			0	0	0	1	0	12.63	1	19.000	Working	0	1	0	1	0	0	0	0	0	0	0	0	0	0
105000101218222	105000101	2019-09-27		0			0	0	0	0	0	12.63	2	19.000	Working	0	0	0	0	0	0	0	0	0	0	0	0	0	0
105000101218361	105000101	2019-10-11		1			0	1	0	0	0	11.75	1	19.000	Working	0	1	0	1	0	0	0	0	0	0	0	0	1	0
105000101218362	105000101	2019-10-11		0			0	0	0	0	0	11.75	2	19.000	Working	0	0	0	0	0	0	0	0	0	0	0	0	0	0
105006801211371	105006801	2017-11-13		0			0	0	0	0	0	12.32	1	19.000	Working	0	0	0	0	0	0	0	0	0	0	0	0	0	0
105006801211372	105006801	2017-11-13		0			0	0	0	1	0	12.32	2	19.000	Working	0	1	0	1	0	0	0	0	0	0	0	0	0	0
105006801211511	105006801	2017-11-27		1			1	0	0	0	0	12.50	1	19.000	Working	0	1	0	1	0	0	0	0	0	0	0	0	1	0
105006801211512	105006801	2017-11-27		0			0	0	0	0	0	12.50	2	19.000	Working	0	0	0	0	0	0	0	0	0	0	0	0	0	0
105006801211661	105006801	2017-12-12	1	1	1	0	1	0	0	0	0	12.03	1	19.000	Working	0	1	0	1	0	0	0	0	0	0	0	0	1	0
105006801211662	105006801	2017-12-12		0			0	0	0	1	0	12.03	2	19.000	Working	0	1	0	1	0	0	0	0	0	0	0	0	0	0
105006801211811	105006801	2017-12-27		0			0	0	0	1	0	12.63	1	19.000	Working	0	1	0	1	0	0	0	0	0	0	0	0	0	0
105006801211812	105006801	2017-12-27		0			0	0	0	0	0	12.63	2	19.000	Working	0	0	0	0	0	0	0	0	0	0	0	0	0	0
105006801211941	105006801	2018-01-09		0			0	0	0	0	0	12.07	1	19.000	Working	0	0	0	0	0	0	0	0	0	0	0	0	0	0
105006801211942	105006801	2018-01-09		0			0	0	0	0	0	12.07	2	19.000	Working	0	0	0	0	0	0	0	0	0	0	0	0	0	0
105006801212081	105006801	2018-01-23		0			0	0	0	0	0	13.55	1	19.000	Working	0	0	0	0	0	0	0	0	0	0	0	0	0	0
105006801212082	105006801	2018-01-23		0			0	0	0	0	0	13.55	2	19.000	Working	0	0	0	0	0	0	0	0	0	0	0	0	0	0
105006801212221	105006801	2018-02-06		0			0	0	0	0	0	11.68	1	19.000	Working	0	0	0	0	0	0	0	0	0	0	0	0	0	0
105006801212222	105006801	2018-02-06		0			0	0	0	0	0	11.68	2	19.000	Working	0	0	0	0	0	0	0	0	0	0	0	0	0	0
105006801212361	105006801	2018-02-20		0			0	0	0	0	0	12.32	1	19.000	Working	0	0	0	0	0	0	0	0	0	0	0	0	0	0
105006801212362	105006801	2018-02-20		0			0	0	0	0	0	12.32	2	19.000	Working	0	0	0	0	0	0	0	0	0	0	0	0	0	0
105006801212501	105006801	2018-03-06		0			0	0	0	0	0	12.38	1	19.000	Working	0	0	0	0	0	0	0	0	0	0	0	0	0	0
105006801212502	105006801	2018-03-06		0			0	0	0	0	0	12.38	2	19.000	Working	0	0	0	0	0	0	0	0	0	0	0	0	0	0
105006801212641	105006801	2018-03-20		0			0	0	0	0	0	13.97	1	19.000	Working	0	0	0	0	0	0	0	0	0	0	0	0	0	0
105006801212781	105006801	2018-04-03		0			0	0	0	0	0	12.55	1	19.000	Working	0	0	0	0	0	0	0	0	0	0	0	0	0	0
105006801212921	105006801	2018-04-17		5			3	2	0	0	0	14.15	1	19.000	Working	0	5	0	5	0	0	0	0	0	0	0	0	5	0
105006801213061	105006801	2018-05-01		3			2	1	0	0	0	12.37	1	19.000	Working	0	3	0	3	0	0	0	0	0	0	0	0	3	0
105006801213201	105006801	2018-05-15		0			0	0	0	0	0	12.13	1	19.000	Working	0	0	0	0	0	0	0	0	0	0	0	0	0	0
105006801213341	105006801	2018-05-29		8			4	4	0	0	0	13.73	1	19.000	Working	0	11	0	11	0	1	0	0	0	2	0	0	8	0
105006801213342	105006801	2018-05-29		13			4	9	0	1	0	13.73	2	19.000	Working	0	21	0	21	0	2	0	0	0	5	0	0	13	0
105006801213481	105006801	2018-06-12		14			8	6	0	0	0	13.87	1	19.000	Working	0	14	0	14	0	0	0	0	0	0	0	0	14	0
105006801213482	105006801	2018-06-12		10			5	5	0	0	0	13.87	2	19.000	Working	0	10	0	10	0	0	0	0	0	0	0	0	10	0
105006801213621	105006801	2018-06-26	4	0	4	0	0	0	0	0	0	12.33	1	19.000	Working	0	0	0	0	0	0	0	0	0	0	0	0	0	0
105006801213622	105006801	2018-06-26		12			3	9	0	0	0	12.33	2	19.000	Working	0	12	0	12	0	0	0	0	0	0	0	0	12	0
105006801213761	105006801	2018-07-10		0			0	0	0	0	0	11.78	1	19.000	Working	0	0	0	0	0	0	0	0	0	0	0	0	0	0
105006801213762	105006801	2018-07-10		1			0	1	0	0	0	11.78	2	19.000	Working	0	1	0	1	0	0	0	0	0	0	0	0	1	0
105006801213901	105006801	2018-07-24		0			0	0	0	0	0	11.97	1	19.000	Working	0	0	0	0	0	0	0	0	0	0	0	0	0	0
105006801213902	105006801	2018-07-24		1			1	0	0	0	0	11.97	2	19.000	Working	0	1	0	1	0	0	0	0	0	0	0	0	1	0
105006801214041	105006801	2018-08-07	1	4	1	0	4	0	0	0	0	13.58	1	19.000	Working	0	4	0	4	0	0	0	0	0	0	0	0	4	0
105006801214042	105006801	2018-08-07		9			6	3	0	0	0	13.58	2	19.000	Working	0	11	0	10	0	1	0	1	0	0	0	0	9	1
105006801214181	105006801	2018-08-21	1	0	1	0	0	0	0	0	0	12.20	1	19.000	Working	0	1	0	0	0	0	0	1	0	0	1	0	0	0
105006801214182	105006801	2018-08-21		1			0	1	0	0	0	12.20	2	19.000	Working	0	1	0	1	0	0	0	0	0	0	0	0	1	0
105006801214321	105006801	2018-09-04		4			1	3	0	0	0	12.60	1	19.000	Working	0	4	0	4	0	0	0	0	0	0	0	0	4	0
105006801214322	105006801	2018-09-04		3			2	1	0	0	0	12.60	2	19.000	Working	0	3	0	3	0	0	0	0	0	0	0	0	3	0
105006801214461	105006801	2018-09-18		0			0	0	0	0	0	11.67	1	19.000	Working	0	0	0	0	0	0	0	0	0	0	0	0	0	0
105006801214462	105006801	2018-09-18		0			0	0	0	0	0	11.67	2	19.000	Working	0	0	0	0	0	0	0	0	0	0	0	0	0	0
105006801214601	105006801	2018-10-02	1	2	1	0	1	1	0	0	0	12.50	1	19.000	Working	0	2	0	2	0	0	0	0	0	0	0	0	2	0
105006801214602	105006801	2018-10-02		0			0	0	0	0	0	12.50	2	19.000	Working	0	0	0	0	0	0	0	0	0	0	0	0	0	0
105006801214741	105006801	2018-10-16		0			0	0	0	0	0	13.48	1	19.000	Working	0	0	0	0	0	0	0	0	0	0	0	0	0	0
105006801214742	105006801	2018-10-16		0			0	0	0	0	0	13.48	2	19.000	Working	0	0	0	0	0	0	0	0	0	0	0	0	0	0
105006801214881	105006801	2018-10-30		0			0	0	0	0	0	12.33	1	19.000	Working	0	0	0	0	0	0	0	0	0	0	0	0	0	0
105006801214882	105006801	2018-10-30		1			0	1	0	0	0	12.33	2	19.000	Working	0	1	0	1	0	0	0	0	0	0	0	0	1	0
105006801215021	105006801	2018-11-13		0			0	0	0	0	0	13.37	1	19.000	Working	0	0	0	0	0	0	0	0	0	0	0	0	0	0
105006801215022	105006801	2018-11-13		0			0	0	0	0	0	13.37	2	19.000	Working	0	0	0	0	0	0	0	0	0	0	0	0	0	0
105006801215161	105006801	2018-11-27		0			0	0	0	0	0	12.32	1	19.000	Working	0	0	0	0	0	0	0	0	0	0	0	0	0	0
105006801215162	105006801	2018-11-27		0			0	0	0	0	0	12.32	2	19.000	Working	0	0	0	0	0	0	0	0	0	0	0	0	0	0
105006801215301	105006801	2018-12-11		0			0	0	0	0	0	12.47	1	19.000	Working	0	0	0	0	0	0	0	0	0	0	0	0	0	0
105006801215302	105006801	2018-12-11		0			0	0	0	0	0	12.47	2	19.000	Working	0	0	0	0	0	0	0	0	0	0	0	0	0	0
105006801215461	105006801	2018-12-27		0			0	0	0	0	0	13.42	1	19.000	Working	0	0	0	0	0	0	0	0	0	0	0	0	0	0
105006801215462	105006801	2018-12-27		0			0	0	0	0	0	13.42	2	19.000	Working	0	0	0	0	0	0	0	0	0	0	0	0	0	0
105006801215581	105006801	2019-01-08		0			0	0	0	0	0	12.60	1	19.000	Working	0	0	0	0	0	0	0	0	0	0	0	0	0	0
105006801215582	105006801	2019-01-08		0			0	0	0	0	0	12.60	2	19.000	Working	0	0	0	0	0	0	0	0	0	0	0	0	0	0
105006801215721	105006801	2019-01-22		0			0	0	0	0	0	13.37	1	19.000	Working	0	0	0	0	0	0	0	0	0	0	0	0	0	0
105006801215722	105006801	2019-01-22		0			0	0	0	0	0	13.37	2	19.000	Working	0	0	0	0	0	0	0	0	0	0	0	0	0	0
105006801215861	105006801	2019-02-05		0			0	0	0	0	0	12.65	1	19.000	Working	0	0	0	0	0	0	0	0	0	0	0	0	0	0
105006801215862	105006801	2019-02-05		0			0	0	0	0	0	12.65	2	19.000	Working	0	0	0	0	0	0	0	0	0	0	0	0	0	0
105006801216001	105006801	2019-02-19		0			0	0	0	0	0	13.33	1	19.000	Working	0	0	0	0	0	0	0	0	0	0	0	0	0	0
105006801216002	105006801	2019-02-19		0			0	0	0	0	0	13.33	2	19.000	Working	0	0	0	0	0	0	0	0	0	0	0	0	0	0
105006801216141	105006801	2019-03-05		0			0	0	0	0	0	12.20	1	19.000	Working	0	0	0	0	0	0	0	0	0	0	0	0	0	0
105006801216142	105006801	2019-03-05		0			0	0	0	0	0	12.20	2	19.000	Working	0	0	0	0	0	0	0	0	0	0	0	0	0	0
105006801216281	105006801	2019-03-19		0			0	0	0	0	0	13.53	1	19.000	Working	0	0	0	0	0	0	0	0	0	0	0	0	0	0
105006801216282	105006801	2019-03-19		0			0	0	0	0	0	13.53	2	19.000	Working	0	0	0	0	0	0	0	0	0	0	0	0	0	0
105006801216421	105006801	2019-04-02		0			0	0	0	0	0	12.00	1	19.000	Working	0	0	0	0	0	0	0	0	0	0	0	0	0	0
105006801216422	105006801	2019-04-02		0			0	0	0	0	0	12.00	2	19.000	Working	0	0	0	0	0	0	0	0	0	0	0	0	0	0
105006801216561	105006801	2019-04-16		0			0	0	0	0	0	12.30	1	19.000	Working	0	0	0	0	0	0	0	0	0	0	0	0	0	0
105006801216562	105006801	2019-04-16		0			0	0	0	0	0	12.30	2	19.000	Working	0	0	0	0	0	0	0	0	0	0	0	0	0	0
105006801216701	105006801	2019-04-30	1	1	1	0	0	1	0	0	0	13.77	1	19.000	Working	0	1	0	1	0	0	0	0	0	0	0	0	1	0
105006801216702	105006801	2019-04-30		0			0	0	0	0	0	13.77	2	19.000	Working	0	0	0	0	0	0	0	0	0	0	0	0	0	0
105006801216841	105006801	2019-05-14		0			0	0	0	0	0	12.48	1	19.000	Working	0	0	0	0	0	0	0	0	0	0	0	0	0	0
105006801216842	105006801	2019-05-14		1			0	1	0	0	0	12.48	2	19.000	Working	0	1	0	1	0	0	0	0	0	0	0	0	1	0
105006801216981	105006801	2019-05-28	2	2	2	0	0	2	0	0	0	11.70	1	19.000	Working	0	4	0	4	0	1	0	0	0	1	0	0	2	0
105006801216982	105006801	2019-05-28		3			2	1	0	2	0	11.70	2	19.000	Working	0	5	0	5	0	0	0	0	0	0	0	0	3	0
105006801217121	105006801	2019-06-11	1	23	1	0	8	15	0	0	0	13.85	1	19.000	Working	0	24	0	24	0	1	0	0	0	0	0	0	23	0
105006801217122	105006801	2019-06-11		10			5	5	0	0	0	13.85	2	19.000	Working	0	11	0	11	0	1	0	0	0	0	0	0	10	0
105006801217261	105006801	2019-06-25		14			4	10	0	0	0	13.58	1	19.000	Working	0	14	0	14	0	0	0	0	0	0	0	0	14	0
105006801217262	105006801	2019-06-25		8			3	5	0	0	0	13.58	2	19.000	Working	0	8	0	8	0	0	0	0	0	0	0	0	8	0
105006801217401	105006801	2019-07-09	1	12	1	0	7	5	0	0	0	12.42	1	19.000	Working	0	13	0	13	0	1	0	0	0	0	0	0	12	0
105006801217402	105006801	2019-07-09		8			5	3	0	0	0	12.42	2	19.000	Working	0	8	0	8	0	0	0	0	0	0	0	0	8	0
105006801217541	105006801	2019-07-23		0			0	0	0	0	0	11.67	1	19.000	Working	0	4	0	4	0	4	0	0	0	0	0	0	0	0
105006801217542	105006801	2019-07-23		9			4	5	0	0	0	11.67	2	19.000	Working	0	13	0	13	0	4	0	0	0	0	0	0	9	0
105006801217681	105006801	2019-08-06		1			0	1	0	0	0	13.43	1	19.000	Working	0	1	0	1	0	0	0	0	0	0	0	0	1	0
105006801217682	105006801	2019-08-06		2			1	1	0	0	0	13.43	2	19.000	Working	0	3	0	3	0	1	0	0	0	0	0	0	2	0
105006801217821	105006801	2019-08-20		1			0	1	0	0	0	12.13	1	19.000	Working	0	1	0	1	0	0	0	0	0	0	0	0	1	0
105006801217822	105006801	2019-08-20		0			0	0	0	0	0	12.13	2	19.000	Working	0	0	0	0	0	0	0	0	0	0	0	0	0	0
105006801217961	105006801	2019-09-03		1			0	1	0	0	0	13.63	1	19.000	Working	0	1	0	1	0	0	0	0	0	0	0	0	1	0
105006801217962	105006801	2019-09-03		0			0	0	0	0	0	13.63	2	19.000	Working	0	0	0	0	0	0	0	0	0	0	0	0	0	0
105006801218101	105006801	2019-09-17	1	1	1	0	0	1	0	0	0	12.37	1	19.000	Working	0	1	0	1	0	0	0	0	0	0	0	0	1	0
105006801218102	105006801	2019-09-17		2			1	1	0	0	0	12.37	2	19.000	Working	0	2	0	2	0	0	0	0	0	0	0	0	2	0
105006801218241	105006801	2019-10-01		0			0	0	0	0	0	13.62	1	19.000	Working	0	0	0	0	0	0	0	0	0	0	0	0	0	0
105006801218242	105006801	2019-10-01		0			0	0	0	0	0	13.62	2	19.000	Working	0	0	0	0	0	0	0	0	0	0	0	0	0	0
105006801218381	105006801	2019-10-15		0			0	0	0	0	0	12.42	1	19.000	Working	0	1	0	1	0	0	0	0	0	1	0	0	0	0
107002801211361	107002801	2017-11-17		0			0	0	0	0	0	14.13	1	19.000	Working	0	0	0	0	0	0	0	0	0	0	0	0	0	0
107002801211362	107002801	2017-11-17		0			0	0	0	0	0	14.13	2	19.000	Working	0	0	0	0	0	0	0	0	0	0	0	0	0	0
107002801211501	107002801	2017-12-01	1	0	1	0	0	0	0	0	0	14.08	1	19.000	Working	0	0	0	0	0	0	0	0	0	0	0	0	0	0
107002801211502	107002801	2017-12-01		1			1	0	0	0	0	14.08	2	19.000	Working	0	1	0	1	0	0	0	0	0	0	0	0	1	0
107002801211651	107002801	2017-12-16		0			0	0	0	0	0	11.73	1	19.000	Working	0	0	0	0	0	0	0	0	0	0	0	0	0	0
107002801211652	107002801	2017-12-16		0			0	0	0	0	0	11.73	2	19.000	Working	0	0	0	0	0	0	0	0	0	0	0	0	0	0
107002801211811	107002801	2018-01-01		0			0	0	0	0	0	11.67	1	19.000	Working	0	0	0	0	0	0	0	0	0	0	0	0	0	0
107002801211812	107002801	2018-01-01		0			0	0	0	0	0	11.67	2	19.000	Working	0	0	0	0	0	0	0	0	0	0	0	0	0	0
107002801211931	107002801	2018-01-13		0			0	0	0	0	0	12.52	1	19.000	Working	0	0	0	0	0	0	0	0	0	0	0	0	0	0
107002801211932	107002801	2018-01-13		0			0	0	0	0	0	12.52	2	19.000	Working	0	0	0	0	0	0	0	0	0	0	0	0	0	0
107002801212071	107002801	2018-01-27		0			0	0	0	0	0	13.53	1	19.000	Working	0	0	0	0	0	0	0	0	0	0	0	0	0	0
107002801212072	107002801	2018-01-27		0			0	0	0	0	0	13.53	2	19.000	Working	0	0	0	0	0	0	0	0	0	0	0	0	0	0
107002801212211	107002801	2018-02-10		0			0	0	0	0	0	13.73	1	19.000	Working	0	0	0	0	0	0	0	0	0	0	0	0	0	0
107002801212212	107002801	2018-02-10		0			0	0	0	0	0	13.73	2	19.000	Working	0	0	0	0	0	0	0	0	0	0	0	0	0	0
107002801212351	107002801	2018-02-24		0			0	0	0	0	0	11.80	1	19.000	Working	0	0	0	0	0	0	0	0	0	0	0	0	0	0
107002801212352	107002801	2018-02-24		0			0	0	0	0	0	11.80	2	19.000	Working	0	0	0	0	0	0	0	0	0	0	0	0	0	0
107002801212491	107002801	2018-03-10		0			0	0	0	0	0	11.95	1	19.000	Working	0	0	0	0	0	0	0	0	0	0	0	0	0	0
107002801212492	107002801	2018-03-10		0			0	0	0	0	0	11.95	2	19.000	Working	0	0	0	0	0	0	0	0	0	0	0	0	0	0
107002801212631	107002801	2018-03-24		0			0	0	0	0	0	13.57	1	19.000	Working	0	0	0	0	0	0	0	0	0	0	0	0	0	0
107002801212632	107002801	2018-03-24		0			0	0	0	0	0	13.57	2	19.000	Working	0	0	0	0	0	0	0	0	0	0	0	0	0	0
107002801212771	107002801	2018-04-07		0			0	0	0	0	0	11.70	1	19.000	Working	0	0	0	0	0	0	0	0	0	0	0	0	0	0
107002801212772	107002801	2018-04-07		0			0	0	0	0	0	11.70	2	19.000	Working	0	0	0	0	0	0	0	0	0	0	0	0	0	0
107002801212911	107002801	2018-04-21	1	1	1	0	0	1	0	0	0	12.47	1	19.000	Working	0	1	0	1	0	0	0	0	0	0	0	0	1	0
107002801212912	107002801	2018-04-21		0			0	0	0	0	0	12.47	2	19.000	Working	0	0	0	0	0	0	0	0	0	0	0	0	0	0
107002801213051	107002801	2018-05-05		0			0	0	0	0	0	12.20	1	19.000	Working	0	0	0	0	0	0	0	0	0	0	0	0	0	0
107002801213052	107002801	2018-05-05		3			3	0	0	0	0	12.20	2	19.000	Working	0	3	0	3	0	0	0	0	0	0	0	0	3	0
107002801213191	107002801	2018-05-19		2			0	2	0	0	0	11.67	1	19.000	Working	0	2	0	2	0	0	0	0	0	0	0	0	2	0
107002801213192	107002801	2018-05-19		15			6	9	0	0	0	11.67	2	19.000	Working	0	18	0	18	0	3	0	0	0	0	0	0	15	0
107002801213331	107002801	2018-06-02		2			1	1	0	0	0	13.52	1	19.000	Working	0	2	0	2	0	0	0	0	0	0	0	0	2	0
107002801213332	107002801	2018-06-02		1			1	0	0	0	0	13.52	2	19.000	Working	0	1	0	1	0	0	0	0	0	0	0	0	1	0
107002801213471	107002801	2018-06-16		0			0	0	0	0	0	12.25	1	19.000	Working	0	0	0	0	0	0	0	0	0	0	0	0	0	0
107002801213472	107002801	2018-06-16		0			0	0	0	0	0	12.25	2	19.000	Working	0	0	0	0	0	0	0	0	0	0	0	0	0	0
107002801213611	107002801	2018-06-30		0			0	0	0	0	0	11.67	1	19.000	Working	0	0	0	0	0	0	0	0	0	0	0	0	0	0
107002801213612	107002801	2018-06-30		1			1	0	0	0	0	11.67	2	19.000	Working	0	1	0	1	0	0	0	0	0	0	0	0	1	0
107002801213751	107002801	2018-07-14		0			0	0	0	0	0	11.70	1	19.000	Working	0	0	0	0	0	0	0	0	0	0	0	0	0	0
107002801213752	107002801	2018-07-14		0			0	0	0	0	0	11.70	2	19.000	Working	0	0	0	0	0	0	0	0	0	0	0	0	0	0
107002801213891	107002801	2018-07-28		0			0	0	0	0	0	12.15	1	19.000	Working	0	0	0	0	0	0	0	0	0	0	0	0	0	0
107002801213892	107002801	2018-07-28		0			0	0	0	0	0	12.15	2	19.000	Working	0	0	0	0	0	0	0	0	0	0	0	0	0	0
107002801214031	107002801	2018-08-11		0			0	0	0	0	0	13.72	1	19.000	Working	0	0	0	0	0	0	0	0	0	0	0	0	0	0
107002801214032	107002801	2018-08-11		0			0	0	0	0	0	13.72	2	19.000	Working	0	0	0	0	0	0	0	0	0	0	0	0	0	0
107002801214171	107002801	2018-08-25		0			0	0	0	0	0	12.42	1	19.000	Working	0	0	0	0	0	0	0	0	0	0	0	0	0	0
107002801214172	107002801	2018-08-25		0			0	0	0	0	0	12.42	2	19.000	Working	0	0	0	0	0	0	0	0	0	0	0	0	0	0
107002801214311	107002801	2018-09-08		0			0	0	0	0	0	13.78	1	19.000	Working	0	0	0	0	0	0	0	0	0	0	0	0	0	0
107002801214312	107002801	2018-09-08		0			0	0	0	0	0	13.78	2	19.000	Working	0	0	0	0	0	0	0	0	0	0	0	0	0	0
107002801214451	107002801	2018-09-22		0			0	0	0	0	0	13.65	1	19.000	Working	0	0	0	0	0	0	0	0	0	0	0	0	0	0
107002801214452	107002801	2018-09-22		0			0	0	0	0	0	13.65	2	19.000	Working	0	0	0	0	0	0	0	0	0	0	0	0	0	0
107002801214591	107002801	2018-10-06		0			0	0	0	0	0	15.20	1	19.000	Working	0	0	0	0	0	0	0	0	0	0	0	0	0	0
107002801214592	107002801	2018-10-06		0			0	0	0	0	0	15.20	2	19.000	Working	0	0	0	0	0	0	0	0	0	0	0	0	0	0
107002801214731	107002801	2018-10-20		0			0	0	0	0	0	12.50	1	19.000	Working	0	0	0	0	0	0	0	0	0	0	0	0	0	0
107002801214732	107002801	2018-10-20		0			0	0	0	0	0	12.50	2	19.000	Working	0	1	0	1	0	1	0	0	0	0	0	0	0	0
107002801214871	107002801	2018-11-03		0			0	0	0	0	0	13.60	1	19.000	Working	0	0	0	0	0	0	0	0	0	0	0	0	0	0
107002801214872	107002801	2018-11-03		0			0	0	0	0	0	13.60	2	19.000	Working	0	0	0	0	0	0	0	0	0	0	0	0	0	0
107002801215011	107002801	2018-11-17		0			0	0	0	0	0	11.67	1	19.000	Working	0	0	0	0	0	0	0	0	0	0	0	0	0	0
107002801215012	107002801	2018-11-17		0			0	0	0	0	0	11.67	2	19.000	Working	0	0	0	0	0	0	0	0	0	0	0	0	0	0
107002801215151	107002801	2018-12-01		0			0	0	0	0	0	11.97	1	19.000	Working	0	0	0	0	0	0	0	0	0	0	0	0	0	0
107002801215152	107002801	2018-12-01		0			0	0	0	0	0	11.97	2	19.000	Working	0	0	0	0	0	0	0	0	0	0	0	0	0	0
107002801215291	107002801	2018-12-15		0			0	0	0	0	0	11.72	1	19.000	Working	0	0	0	0	0	0	0	0	0	0	0	0	0	0
107002801215292	107002801	2018-12-15		0			0	0	0	0	0	11.72	2	19.000	Working	0	0	0	0	0	0	0	0	0	0	0	0	0	0
107002801215451	107002801	2018-12-31		0			0	0	0	0	0	13.48	1	19.000	Working	0	0	0	0	0	0	0	0	0	0	0	0	0	0
107002801215452	107002801	2018-12-31		0			0	0	0	0	0	13.48	2	19.000	Working	0	0	0	0	0	0	0	0	0	0	0	0	0	0
107002801215571	107002801	2019-01-12		0			0	0	0	0	0	13.63	1	19.000	Working	0	0	0	0	0	0	0	0	0	0	0	0	0	0
107002801215572	107002801	2019-01-12		0			0	0	0	0	0	13.63	2	19.000	Working	0	0	0	0	0	0	0	0	0	0	0	0	0	0
107002801215711	107002801	2019-01-26		0			0	0	0	0	0	13.55	1	19.000	Working	0	0	0	0	0	0	0	0	0	0	0	0	0	0
107002801215712	107002801	2019-01-26		0			0	0	0	0	0	13.55	2	19.000	Working	0	0	0	0	0	0	0	0	0	0	0	0	0	0
107002801215851	107002801	2019-02-09		0			0	0	0	0	0	13.53	1	19.000	Working	0	0	0	0	0	0	0	0	0	0	0	0	0	0
107002801215852	107002801	2019-02-09		0			0	0	0	0	0	13.53	2	19.000	Working	0	0	0	0	0	0	0	0	0	0	0	0	0	0
107002801215991	107002801	2019-02-23		0			0	0	0	0	0	12.50	1	19.000	Working	0	0	0	0	0	0	0	0	0	0	0	0	0	0
107002801215992	107002801	2019-02-23		0			0	0	0	0	0	12.50	2	19.000	Working	0	0	0	0	0	0	0	0	0	0	0	0	0	0
107002801216131	107002801	2019-03-09		0			0	0	0	0	0	12.07	1	19.000	Working	0	0	0	0	0	0	0	0	0	0	0	0	0	0
107002801216132	107002801	2019-03-09		0			0	0	0	0	0	12.07	2	19.000	Working	0	0	0	0	0	0	0	0	0	0	0	0	0	0
107002801216271	107002801	2019-03-23		0			0	0	0	0	0	12.05	1	19.000	Working	0	0	0	0	0	0	0	0	0	0	0	0	0	0
107002801216272	107002801	2019-03-23		0			0	0	0	0	0	12.05	2	19.000	Working	0	0	0	0	0	0	0	0	0	0	0	0	0	0
107002801216411	107002801	2019-04-06		0			0	0	0	0	0	12.25	1	19.000	Working	0	0	0	0	0	0	0	0	0	0	0	0	0	0
107002801216412	107002801	2019-04-06		0			0	0	0	0	0	12.25	2	19.000	Working	0	0	0	0	0	0	0	0	0	0	0	0	0	0
107002801216551	107002801	2019-04-20		0			0	0	0	0	0	12.57	1	19.000	Working	0	0	0	0	0	0	0	0	0	0	0	0	0	0
107002801216552	107002801	2019-04-20		0			0	0	0	0	0	12.57	2	19.000	Working	0	0	0	0	0	0	0	0	0	0	0	0	0	0
107002801216691	107002801	2019-05-04		0			0	0	0	0	0	13.63	1	19.000	Working	0	0	0	0	0	0	0	0	0	0	0	0	0	0
107002801216692	107002801	2019-05-04		0			0	0	0	0	0	13.63	2	19.000	Working	0	0	0	0	0	0	0	0	0	0	0	0	0	0
107002801216831	107002801	2019-05-18		0			0	0	0	0	0	12.28	1	19.000	Working	0	0	0	0	0	0	0	0	0	0	0	0	0	0
107002801216832	107002801	2019-05-18		0			0	0	0	0	0	12.28	2	19.000	Working	0	0	0	0	0	0	0	0	0	0	0	0	0	0
107002801216971	107002801	2019-06-01		0			0	0	0	0	0	11.97	1	19.000	Working	0	0	0	0	0	0	0	0	0	0	0	0	0	0
107002801216972	107002801	2019-06-01		4			1	3	0	0	0	11.97	2	19.000	Working	0	4	0	4	0	0	0	0	0	0	0	0	4	0
107002801217111	107002801	2019-06-15		0			0	0	0	0	0	11.80	1	19.000	Working	0	0	0	0	0	0	0	0	0	0	0	0	0	0
107002801217112	107002801	2019-06-15		0			0	0	0	0	0	11.80	2	19.000	Working	0	0	0	0	0	0	0	0	0	0	0	0	0	0
107002801217251	107002801	2019-06-29		0			0	0	0	0	0	11.73	1	19.000	Working	0	0	0	0	0	0	0	0	0	0	0	0	0	0
107002801217252	107002801	2019-06-29		0			0	0	0	0	0	11.73	2	19.000	Working	0	0	0	0	0	0	0	0	0	0	0	0	0	0
107002801217391	107002801	2019-07-13	1	0	1	0	0	0	0	0	0	13.40	1	19.000	Working	0	0	0	0	0	0	0	0	0	0	0	0	0	0
107002801217392	107002801	2019-07-13		2			0	2	0	0	0	13.40	2	19.000	Working	0	2	0	2	0	0	0	0	0	0	0	0	2	0
107002801217531	107002801	2019-07-27		0			0	0	0	0	0	12.07	1	19.000	Working	0	0	0	0	0	0	0	0	0	0	0	0	0	0
107002801217532	107002801	2019-07-27		0			0	0	0	0	0	12.07	2	19.000	Working	0	2	0	2	0	2	0	0	0	0	0	0	0	0
107002801217671	107002801	2019-08-10		0			0	0	0	0	0	11.80	1	19.000	Working	0	0	0	0	0	0	0	0	0	0	0	0	0	0
107002801217672	107002801	2019-08-10		0			0	0	0	0	0	11.80	2	19.000	Working	0	0	0	0	0	0	0	0	0	0	0	0	0	0
107002801217811	107002801	2019-08-24		0			0	0	0	0	0	12.28	1	19.000	Working	0	0	0	0	0	0	0	0	0	0	0	0	0	0
107002801217812	107002801	2019-08-24		0			0	0	0	0	0	12.28	2	19.000	Working	0	0	0	0	0	0	0	0	0	0	0	0	0	0
107002801217951	107002801	2019-09-07		0			0	0	0	0	0	13.67	1	19.000	Working	0	0	0	0	0	0	0	0	0	0	0	0	0	0
107002801217952	107002801	2019-09-07		0			0	0	0	0	0	13.67	2	19.000	Working	0	0	0	0	0	0	0	0	0	0	0	0	0	0
107002801218091	107002801	2019-09-21		0			0	0	0	0	0	12.53	1	19.000	Working	0	0	0	0	0	0	0	0	0	0	0	0	0	0
107002801218092	107002801	2019-09-21		0			0	0	0	0	0	12.53	2	19.000	Working	0	0	0	0	0	0	0	0	0	0	0	0	0	0
107002801218231	107002801	2019-10-05		0			0	0	0	0	0	10.90	1	19.000	Working	0	0	0	0	0	0	0	0	0	0	0	0	0	0
107002801218232	107002801	2019-10-05		0			0	0	0	0	0	10.90	2	19.000	Working	0	0	0	0	0	0	0	0	0	0	0	0	0	0
107002801218371	107002801	2019-10-19		0			0	0	0	0	0	13.40	1	19.000	Working	0	0	0	0	0	0	0	0	0	0	0	0	0	0
107002801218372	107002801	2019-10-19		0			0	0	0	0	0	13.40	2	19.000	Working	0	1	0	0	0	0	1	1	0	0	0	0	0	0
107013201211371	107013201	2017-11-10		0			0	0	0	0	0	10.92	1	19.000	Working	0	0	0	0	0	0	0	0	0	0	0	0	0	0
107013201211372	107013201	2017-11-10		0			0	0	0	0	0	10.92	2	19.000	Working	0	0	0	0	0	0	0	0	0	0	0	0	0	0
107013201211373	107013201	2017-11-10		1			0	1	0	0	0	10.92	3	19.000	Working	0	2	0	2	0	0	0	0	0	1	0	0	1	0
107013201211511	107013201	2017-11-24	1	0	1	0	0	0	0	0	0	11.83	1	19.000	Working	0	0	0	0	0	0	0	0	0	0	0	0	0	0
107013201211512	107013201	2017-11-24		0			0	0	0	0	0	11.83	2	19.000	Working	0	0	0	0	0	0	0	0	0	0	0	0	0	0
107013201211513	107013201	2017-11-24		3			0	3	0	0	0	11.83	3	19.000	Working	0	3	0	3	0	0	0	0	0	0	0	0	3	0
107013201211661	107013201	2017-12-09		0			0	0	0	0	0	12.47	1	19.000	Working	0	0	0	0	0	0	0	0	0	0	0	0	0	0
107013201211662	107013201	2017-12-09		0			0	0	0	0	0	12.47	2	19.000	Working	0	0	0	0	0	0	0	0	0	0	0	0	0	0
107013201211663	107013201	2017-12-09		0			0	0	0	0	0	12.47	3	19.000	Working	0	0	0	0	0	0	0	0	0	0	0	0	0	0
107013201211811	107013201	2017-12-24		0			0	0	0	0	0	13.33	1	19.000	Working	0	0	0	0	0	0	0	0	0	0	0	0	0	0
107013201211812	107013201	2017-12-24		0			0	0	0	0	0	13.33	2	19.000	Working	0	0	0	0	0	0	0	0	0	0	0	0	0	0
107013201211813	107013201	2017-12-24		0			0	0	0	0	0	13.33	3	19.000	Working	0	0	0	0	0	0	0	0	0	0	0	0	0	0
107013201211941	107013201	2018-01-06		0			0	0	0	0	0	12.30	1	19.000	Working	0	0	0	0	0	0	0	0	0	0	0	0	0	0
107013201211942	107013201	2018-01-06		0			0	0	0	0	0	12.30	2	19.000	Working	0	0	0	0	0	0	0	0	0	0	0	0	0	0
107013201212081	107013201	2018-01-20		0			0	0	0	0	0	12.25	1	19.000	Working	0	0	0	0	0	0	0	0	0	0	0	0	0	0
107013201212082	107013201	2018-01-20		0			0	0	0	0	0	12.25	2	19.000	Working	0	0	0	0	0	0	0	0	0	0	0	0	0	0
107013201212221	107013201	2018-02-03		0			0	0	0	0	0	13.77	1	19.000	Working	0	0	0	0	0	0	0	0	0	0	0	0	0	0
107013201212222	107013201	2018-02-03		0			0	0	0	0	0	13.77	2	19.000	Working	0	0	0	0	0	0	0	0	0	0	0	0	0	0
107013201212223	107013201	2018-02-03		0			0	0	0	0	0	13.77	3	19.000	Working	0	0	0	0	0	0	0	0	0	0	0	0	0	0
107013201212361	107013201	2018-02-17		0			0	0	0	0	0	11.80	1	19.000	Working	0	0	0	0	0	0	0	0	0	0	0	0	0	0
107013201212362	107013201	2018-02-17		0			0	0	0	0	0	11.80	2	19.000	Working	0	0	0	0	0	0	0	0	0	0	0	0	0	0
107013201212363	107013201	2018-02-17		0			0	0	0	0	0	11.80	3	19.000	Working	0	0	0	0	0	0	0	0	0	0	0	0	0	0
107013201212501	107013201	2018-03-03		0			0	0	0	0	0	11.67	1	19.000	Working	0	0	0	0	0	0	0	0	0	0	0	0	0	0
107013201212502	107013201	2018-03-03		0			0	0	0	0	0	11.67	2	19.000	Working	0	0	0	0	0	0	0	0	0	0	0	0	0	0
107013201212503	107013201	2018-03-03		0			0	0	0	0	0	11.67	3	19.000	Working	0	0	0	0	0	0	0	0	0	0	0	0	0	0
107013201212641	107013201	2018-03-17		0			0	0	0	0	0	13.42	1	19.000	Working	0	0	0	0	0	0	0	0	0	0	0	0	0	0
107013201212642	107013201	2018-03-17		0			0	0	0	0	0	13.42	2	19.000	Working	0	0	0	0	0	0	0	0	0	0	0	0	0	0
107013201212643	107013201	2018-03-17		0			0	0	0	0	0	13.42	3	19.000	Working	0	0	0	0	0	0	0	0	0	0	0	0	0	0
107013201212781	107013201	2018-03-31	1	0	1	0	0	0	0	0	0	11.75	1	19.000	Working	0	0	0	0	0	0	0	0	0	0	0	0	0	0
107013201212782	107013201	2018-03-31		0			0	0	0	0	0	11.75	2	19.000	Working	0	0	0	0	0	0	0	0	0	0	0	0	0	0
107013201212783	107013201	2018-03-31		0			0	0	0	1	0	11.75	3	19.000	Working	0	2	0	2	0	1	0	0	0	0	0	0	0	0
107013201212921	107013201	2018-04-14		1			0	1	0	0	0	11.90	1	19.000	Working	0	1	0	1	0	0	0	0	0	0	0	0	1	0
107013201212922	107013201	2018-04-14		0			0	0	0	0	0	11.90	2	19.000	Working	0	0	0	0	0	0	0	0	0	0	0	0	0	0
107013201212923	107013201	2018-04-14		0			0	0	0	0	0	11.90	3	19.000	Working	0	0	0	0	0	0	0	0	0	0	0	0	0	0
107013201213061	107013201	2018-04-28		0			0	0	0	0	0	13.70	1	19.000	Working	0	1	0	1	0	0	0	0	0	1	0	0	0	0
107013201213062	107013201	2018-04-28		0			0	0	0	0	0	13.70	2	19.000	Working	0	0	0	0	0	0	0	0	0	0	0	0	0	0
107013201213063	107013201	2018-04-28		5			2	3	0	0	0	13.70	3	19.000	Working	0	5	0	5	0	0	0	0	0	0	0	0	5	0
107013201213201	107013201	2018-05-12	1	14	1	0	5	9	0	0	0	12.22	1	19.000	Working	0	14	0	14	0	0	0	0	0	0	0	0	14	0
107013201213202	107013201	2018-05-12		17			17	0	0	0	0	12.22	2	19.000	Working	0	17	0	17	0	0	0	0	0	0	0	0	17	0
107013201213203	107013201	2018-05-12		81			42	39	0	0	0	12.22	3	19.000	Working	0	81	0	81	0	0	0	0	0	0	0	0	81	0
107013201213341	107013201	2018-05-26	2	1	2	0	0	1	0	2	0	12.00	1	19.000	Working	0	5	0	5	0	1	0	0	0	1	0	0	1	0
107013201213342	107013201	2018-05-26		3			1	2	0	1	0	12.00	2	19.000	Working	0	5	0	5	0	1	0	0	0	0	0	0	3	0
107013201213343	107013201	2018-05-26		13			5	8	0	6	0	12.00	3	19.000	Working	0	26	0	26	0	2	0	0	0	5	0	0	13	0
107013201213481	107013201	2018-06-09	2	7	2	0	2	5	0	1	0	11.83	1	19.000	Working	0	10	0	10	0	0	0	0	0	2	0	0	7	0
107013201213482	107013201	2018-06-09		2			1	1	0	0	0	11.83	2	19.000	Working	0	4	0	3	0	0	0	1	0	1	0	0	2	1
107013201213483	107013201	2018-06-09		33			12	21	0	7	0	11.83	3	19.000	Working	0	60	0	60	0	4	0	0	0	6	0	0	43	0
107013201213621	107013201	2018-06-23		0			0	0	0	0	0	11.85	1	19.000	Working	0	0	0	0	0	0	0	0	0	0	0	0	0	0
107013201213622	107013201	2018-06-23		0			0	0	0	0	0	11.85	2	19.000	Working	0	0	0	0	0	0	0	0	0	0	0	0	0	0
107013201213623	107013201	2018-06-23		5			2	3	0	0	0	11.85	3	19.000	Working	0	7	0	7	0	2	0	0	0	0	0	0	5	0
107013201213761	107013201	2018-07-07		0			0	0	0	0	0	13.68	1	19.000	Working	0	0	0	0	0	0	0	0	0	0	0	0	0	0
107013201213762	107013201	2018-07-07		2			0	2	0	0	0	13.68	2	19.000	Working	0	2	0	2	0	0	0	0	0	0	0	0	2	0
107013201213763	107013201	2018-07-07		2			1	1	0	0	0	13.68	3	19.000	Working	0	4	0	2	0	0	0	2	0	0	0	0	2	2
107013201213901	107013201	2018-07-21	1	2	1	0	1	1	0	0	0	11.97	1	19.000	Working	0	2	0	2	0	0	0	0	0	0	0	0	2	0
107013201213902	107013201	2018-07-21		0			0	0	0	0	0	11.97	2	19.000	Working	0	0	0	0	0	0	0	0	0	0	0	0	0	0
107013201213903	107013201	2018-07-21		0			0	0	0	0	0	11.97	3	19.000	Working	0	0	0	0	0	0	0	0	0	0	0	0	0	0
107013201214041	107013201	2018-08-04		0			0	0	0	0	0	11.75	1	19.000	Working	0	0	0	0	0	0	0	0	0	0	0	0	0	0
107013201214042	107013201	2018-08-04		0			0	0	0	0	0	11.75	2	19.000	Working	0	0	0	0	0	0	0	0	0	0	0	0	0	0
107013201214043	107013201	2018-08-04		2			1	1	0	0	0	11.75	3	19.000	Working	0	5	0	3	0	1	0	2	0	0	0	0	2	2
107013201214181	107013201	2018-08-18	1	3	1	0	0	3	0	0	0	12.00	1	19.000	Working	0	5	1	4	1	1	0	0	0	0	0	0	3	0
107013201214182	107013201	2018-08-18		0			0	0	0	0	0	12.00	2	19.000	Working	0	0	0	0	0	0	0	0	0	0	0	0	0	0
107013201214183	107013201	2018-08-18		0			0	0	0	0	0	12.00	3	19.000	Working	0	0	0	0	0	0	0	0	0	0	0	0	0	0
107013201214321	107013201	2018-09-01		0			0	0	0	0	0	11.67	1	19.000	Working	0	1	0	1	0	1	0	0	0	0	0	0	0	0
107013201214322	107013201	2018-09-01		0			0	0	0	0	0	11.67	2	19.000	Working	0	0	0	0	0	0	0	0	0	0	0	0	0	0
107013201214323	107013201	2018-09-01		0			0	0	0	0	0	11.67	3	19.000	Working	0	0	0	0	0	0	0	0	0	0	0	0	0	0
107013201214461	107013201	2018-09-15		1			0	1	0	0	0	11.93	1	19.000	Working	0	1	0	1	0	0	0	0	0	0	0	0	1	0
107013201214462	107013201	2018-09-15		0			0	0	0	0	0	11.93	2	19.000	Working	0	0	0	0	0	0	0	0	0	0	0	0	0	0
107013201214463	107013201	2018-09-15		0			0	0	0	0	0	11.93	3	19.000	Working	0	0	0	0	0	0	0	0	0	0	0	0	0	0
107013201214601	107013201	2018-09-29		0			0	0	0	0	0	13.40	1	19.000	Working	0	0	0	0	0	0	0	0	0	0	0	0	0	0
107013201214602	107013201	2018-09-29		0			0	0	0	0	0	13.40	2	19.000	Working	0	0	0	0	0	0	0	0	0	0	0	0	0	0
107013201214603	107013201	2018-09-29		0			0	0	0	0	0	13.40	3	19.000	Working	0	0	0	0	0	0	0	0	0	0	0	0	0	0
107013201214741	107013201	2018-10-13		0			0	0	0	0	0	11.92	1	19.000	Working	0	0	0	0	0	0	0	0	0	0	0	0	0	0
107013201214742	107013201	2018-10-13		1			0	1	0	0	0	11.92	2	19.000	Working	0	1	0	1	0	0	0	0	0	0	0	0	1	0
107013201214743	107013201	2018-10-13		2			0	2	0	0	0	11.92	3	19.000	Working	0	3	0	3	0	1	0	0	0	0	0	0	2	0
107013201214881	107013201	2018-10-27		0			0	0	0	0	0	12.58	1	19.000	Working	0	0	0	0	0	0	0	0	0	0	0	0	0	0
107013201214882	107013201	2018-10-27		0			0	0	0	0	0	12.58	2	19.000	Working	0	0	0	0	0	0	0	0	0	0	0	0	0	0
107013201214883	107013201	2018-10-27		0			0	0	0	0	0	12.58	3	19.000	Working	0	0	0	0	0	0	0	0	0	0	0	0	0	0
107013201215021	107013201	2018-11-10	3	0	3	0	0	0	0	0	0	12.53	1	19.000	Working	0	0	0	0	0	0	0	0	0	0	0	0	0	0
107013201215022	107013201	2018-11-10		2			2	0	0	3	0	12.53	2	19.000	Working	0	5	0	5	0	0	0	0	0	0	0	0	2	0
107013201215023	107013201	2018-11-10		5			0	5	0	2	0	12.53	3	19.000	Working	0	7	0	7	0	0	0	0	0	0	0	0	5	0
107013201215161	107013201	2018-11-24		0			0	0	0	0	0	12.57	1	19.000	Working	0	0	0	0	0	0	0	0	0	0	0	0	0	0
107013201215162	107013201	2018-11-24		0			0	0	0	0	0	12.57	2	19.000	Working	0	0	0	0	0	0	0	0	0	0	0	0	0	0
107013201215163	107013201	2018-11-24		0			0	0	0	0	0	12.57	3	19.000	Working	0	0	0	0	0	0	0	0	0	0	0	0	0	0
107013201215301	107013201	2018-12-08		0			0	0	0	0	0	11.67	1	19.000	Working	0	0	0	0	0	0	0	0	0	0	0	0	0	0
107013201215302	107013201	2018-12-08		0			0	0	0	0	0	11.67	2	19.000	Working	0	0	0	0	0	0	0	0	0	0	0	0	0	0
107013201215303	107013201	2018-12-08		0			0	0	0	0	0	11.67	3	19.000	Working	0	0	0	0	0	0	0	0	0	0	0	0	0	0
107013201215461	107013201	2018-12-24		0			0	0	0	0	0	11.88	1	19.000	Working	2	0	0	0	0	0	0	0	0	0	0	0	0	0
107013201215462	107013201	2018-12-24		0			0	0	0	0	0	11.88	2	19.000	Working	0	0	0	0	0	0	0	0	0	0	0	0	0	0
107013201215463	107013201	2018-12-24		0			0	0	0	0	0	11.88	3	19.000	Working	0	0	0	0	0	0	0	0	0	0	0	0	0	0
107013201215581	107013201	2019-01-05		0			0	0	0	0	0	11.78	1	19.000	Working	3	0	0	0	0	0	0	0	0	0	0	0	0	0
107013201215582	107013201	2019-01-05		0			0	0	0	0	0	11.78	2	19.000	Working	0	0	0	0	0	0	0	0	0	0	0	0	0	0
107013201215583	107013201	2019-01-05		0			0	0	0	0	0	11.78	3	19.000	Working	0	0	0	0	0	0	0	0	0	0	0	0	0	0
107013201215721	107013201	2019-01-19		0			0	0	0	0	0	11.87	1	19.000	Working	0	0	0	0	0	0	0	0	0	0	0	0	0	0
107013201215722	107013201	2019-01-19		0			0	0	0	0	0	11.87	2	19.000	Working	0	0	0	0	0	0	0	0	0	0	0	0	0	0
107013201215723	107013201	2019-01-19		0			0	0	0	0	0	11.87	3	19.000	Working	0	0	0	0	0	0	0	0	0	0	0	0	0	0
107013201215861	107013201	2019-02-02		0			0	0	0	0	0	11.90	1	19.000	Working	0	0	0	0	0	0	0	0	0	0	0	0	0	0
107013201215862	107013201	2019-02-02		0			0	0	0	0	0	11.90	2	19.000	Working	0	0	0	0	0	0	0	0	0	0	0	0	0	0
107013201215863	107013201	2019-02-02		0			0	0	0	0	0	11.90	3	19.000	Working	0	0	0	0	0	0	0	0	0	0	0	0	0	0
107013201216001	107013201	2019-02-16	1	0	1	0	0	0	0	0	0	11.73	1	19.000	Working	0	0	0	0	0	0	0	0	0	0	0	0	0	0
107013201216002	107013201	2019-02-16		0			0	0	0	0	0	11.73	2	19.000	Working	0	0	0	0	0	0	0	0	0	0	0	0	0	0
107013201216003	107013201	2019-02-16		0			0	0	0	1	0	11.73	3	19.000	Working	0	1	0	1	0	0	0	0	0	0	0	0	0	0
107013201216141	107013201	2019-03-02		0			0	0	0	0	0	11.75	1	19.000	Working	0	0	0	0	0	0	0	0	0	0	0	0	0	0
107013201216142	107013201	2019-03-02		0			0	0	0	0	0	11.75	2	19.000	Working	0	0	0	0	0	0	0	0	0	0	0	0	0	0
107013201216143	107013201	2019-03-02		0			0	0	0	0	0	11.75	3	19.000	Working	0	0	0	0	0	0	0	0	0	0	0	0	0	0
107013201216281	107013201	2019-03-16	1	0	1	0	0	0	0	0	0	11.95	1	19.000	Working	0	0	0	0	0	0	0	0	0	0	0	0	0	0
107013201216282	107013201	2019-03-16		1			0	1	0	0	0	11.95	2	19.000	Working	0	1	0	1	0	0	0	0	0	0	0	0	1	0
107013201216421	107013201	2019-03-30		0			0	0	0	0	0	11.82	1	19.000	Working	0	0	0	0	0	0	0	0	0	0	0	0	0	0
107013201216422	107013201	2019-03-30		0			0	0	0	0	0	11.82	2	19.000	Working	0	0	0	0	0	0	0	0	0	0	0	0	0	0
107013201216561	107013201	2019-04-13		0			0	0	0	0	0	12.08	1	19.000	Working	0	0	0	0	0	0	0	0	0	0	0	0	0	0
107013201216562	107013201	2019-04-13		0			0	0	0	0	0	12.08	2	19.000	Working	0	0	0	0	0	0	0	0	0	0	0	0	0	0
107013201216701	107013201	2019-04-27		0			0	0	0	0	0	12.22	1	19.000	Working	0	1	0	1	0	0	0	0	0	1	0	0	0	0
107013201216702	107013201	2019-04-27		0			0	0	0	0	0	12.22	2	19.000	Working	0	0	0	0	0	0	0	0	0	0	0	0	0	0
107013201216841	107013201	2019-05-11	1	1	1	0	0	1	0	0	0	11.88	1	19.000	Working	0	2	0	2	0	0	0	0	0	1	0	0	1	0
107013201216842	107013201	2019-05-11		0			0	0	0	0	0	11.88	2	19.000	Working	0	1	0	1	0	1	0	0	0	0	0	0	0	0
107013201216981	107013201	2019-05-25	1	0	1	0	0	0	0	0	0	13.33	1	19.000	Working	0	0	0	0	0	0	0	0	0	0	0	0	0	0
107013201216982	107013201	2019-05-25		5			2	3	0	2	0	13.33	2	19.000	Working	0	8	0	8	0	1	0	0	0	0	0	0	5	0
107013201217121	107013201	2019-06-08	1	8	1	0	5	3	0	0	0	12.38	1	19.000	Working	0	8	0	8	0	0	0	0	0	0	0	0	8	0
107013201217122	107013201	2019-06-08		28			18	10	0	2	0	12.38	2	19.000	Working	0	30	0	30	0	0	0	0	0	0	0	0	28	0
107013201217261	107013201	2019-06-22		4			3	1	0	0	0	11.83	1	19.000	Working	0	4	0	4	0	0	0	0	0	0	0	0	4	0
107013201217262	107013201	2019-06-22		2			2	0	0	0	0	11.83	2	19.000	Working	0	2	0	2	0	0	0	0	0	0	0	0	2	0
107013201217401	107013201	2019-07-06		1			0	1	0	0	0	12.62	1	19.000	Working	0	1	0	1	0	0	0	0	0	0	0	0	1	0
107013201217402	107013201	2019-07-06		2			1	1	0	0	0	12.62	2	19.000	Working	0	2	0	2	0	0	0	0	0	0	0	0	2	0
107013201217541	107013201	2019-07-20	1	4	1	0	3	1	0	0	0	11.95	1	19.000	Working	0	4	0	4	0	0	0	0	0	0	0	0	4	0
107013201217542	107013201	2019-07-20		0			0	0	0	0	0	11.95	2	19.000	Working	0	0	0	0	0	0	0	0	0	0	0	0	0	0
107013201217681	107013201	2019-08-03	2	2	2	0	1	1	0	0	0	11.98	1	19.000	Working	0	2	0	2	0	0	0	0	0	0	0	0	2	0
107013201217682	107013201	2019-08-03		1			1	0	0	0	0	11.98	2	19.000	Working	0	1	0	1	0	0	0	0	0	0	0	0	1	0
107013201217821	107013201	2019-08-17		0			0	0	0	0	0	12.03	1	19.000	Working	0	0	0	0	0	0	0	0	0	0	0	0	0	0
107013201217822	107013201	2019-08-17		0			0	0	0	0	0	12.03	2	19.000	Working	0	0	0	0	0	0	0	0	0	0	0	0	0	0
107013201217961	107013201	2019-08-31	1	0	1	0	0	0	0	0	0	11.97	1	19.000	Working	0	0	0	0	0	0	0	0	0	0	0	0	0	0
107013201217962	107013201	2019-08-31		2			1	1	0	0	0	11.97	2	19.000	Working	0	2	0	2	0	0	0	0	0	0	0	0	2	0
107013201218101	107013201	2019-09-14		0			0	0	0	0	0	13.80	1	19.000	Working	0	0	0	0	0	0	0	0	0	0	0	0	0	0
107013201218102	107013201	2019-09-14		0			0	0	0	0	0	13.80	2	19.000	Working	0	0	0	0	0	0	0	0	0	0	0	0	0	0
107013201218241	107013201	2019-09-28		0			0	0	0	0	0	14.00	1	19.000	Working	0	0	0	0	0	0	0	0	0	0	0	0	0	0
107013201218242	107013201	2019-09-28		0			0	0	0	0	0	14.00	2	19.000	Working	0	0	0	0	0	0	0	0	0	0	0	0	0	0
107013201218381	107013201	2019-10-12		0			0	0	0	0	0	12.30	1	19.000	Working	0	0	0	0	0	0	0	0	0	0	0	0	0	0
107013201218382	107013201	2019-10-12		4			3	1	0	3	0	12.30	2	19.000	Working	0	7	0	7	0	0	0	0	0	0	0	0	4	0
107017901211371	107017901	2017-11-21	1	4	1	0	1	3	0	1	0	11.92	1	19.000	Working	0	5	0	5	0	0	0	0	0	0	0	0	4	0
107017901211372	107017901	2017-11-21		1			1	0	0	1	0	11.92	2	19.000	Working	0	5	0	5	0	1	0	0	0	2	0	0	1	0
107017901211511	107017901	2017-12-05	1	4	1	0	2	2	0	0	0	12.23	1	19.000	Working	0	6	0	4	0	0	0	2	0	0	0	0	4	2
107017901211512	107017901	2017-12-05		8			2	6	0	0	0	12.23	2	19.000	Working	0	8	0	7	0	0	0	1	0	0	0	0	7	1
107017901211661	107017901	2017-12-20	2	2	2	0	0	2	0	0	0	12.23	1	19.000	Working	0	3	0	3	0	1	0	0	0	0	0	0	2	0
107017901211662	107017901	2017-12-20		3			1	2	0	0	0	12.23	2	19.000	Working	0	5	0	5	0	1	0	0	0	1	0	0	3	0
107017901211811	107017901	2018-01-04		1			1	0	0	0	0	13.45	1	19.000	Working	0	1	0	1	0	0	0	0	0	0	0	0	1	0
107017901211812	107017901	2018-01-04		0			0	0	0	0	0	13.45	2	19.000	Working	0	0	0	0	0	0	0	0	0	0	0	0	0	0
107017901211941	107017901	2018-01-17	1	0	1	0	0	0	0	0	0	12.48	1	19.000	Working	0	0	0	0	0	0	0	0	0	0	0	0	0	0
107017901211942	107017901	2018-01-17		0			0	0	0	1	0	12.48	2	19.000	Working	0	1	0	1	0	0	0	0	0	0	0	0	0	0
107017901212081	107017901	2018-01-31		0			0	0	0	0	0	12.25	1	19.000	Working	0	0	0	0	0	0	0	0	0	0	0	0	0	0
107017901212082	107017901	2018-01-31		0			0	0	0	0	0	12.25	2	19.000	Working	0	0	0	0	0	0	0	0	0	0	0	0	0	0
107017901212221	107017901	2018-02-14		0			0	0	0	0	0	13.58	1	19.000	Working	0	0	0	0	0	0	0	0	0	0	0	0	0	0
107017901212222	107017901	2018-02-14		0			0	0	0	0	0	13.58	2	19.000	Working	0	0	0	0	0	0	0	0	0	0	0	0	0	0
107017901212361	107017901	2018-02-28		0			0	0	0	0	0	11.68	1	19.000	Working	0	0	0	0	0	0	0	0	0	0	0	0	0	0
107017901212362	107017901	2018-02-28		0			0	0	0	0	0	11.68	2	19.000	Working	0	0	0	0	0	0	0	0	0	0	0	0	0	0
107017901212501	107017901	2018-03-14		0			0	0	0	0	0	12.35	1	19.000	Working	0	0	0	0	0	0	0	0	0	0	0	0	0	0
107017901212502	107017901	2018-03-14		0			0	0	0	0	0	12.35	2	19.000	Working	0	0	0	0	0	0	0	0	0	0	0	0	0	0
107017901212641	107017901	2018-03-28		0			0	0	0	0	0	11.90	1	19.000	Working	0	0	0	0	0	0	0	0	0	0	0	0	0	0
107017901212643	107017901	2018-03-28		0			0	0	0	0	0	11.90	3	19.000	Working	0	0	0	0	0	0	0	0	0	0	0	0	0	0
107017901212781	107017901	2018-04-11		0			0	0	0	0	0	11.83	1	19.000	Working	0	0	0	0	0	0	0	0	0	0	0	0	0	0
107017901212783	107017901	2018-04-11		1			1	0	0	0	0	11.83	3	19.000	Working	0	1	0	1	0	0	0	0	0	0	0	0	1	0
107017901212921	107017901	2018-04-25	3	20	3	0	7	13	0	1	0	12.27	1	19.000	Working	0	22	0	22	0	1	0	0	0	0	0	0	20	0
107017901212923	107017901	2018-04-25		0			0	0	0	0	0	12.27	3	19.000	Working	0	0	0	0	0	0	0	0	0	0	0	0	0	0
107017901213061	107017901	2018-05-09		13			7	6	0	0	0	15.00	1	19.000	Working	0	13	0	13	0	0	0	0	0	0	0	0	13	0
107017901213063	107017901	2018-05-09		5			2	3	0	1	0	15.00	3	19.000	Working	0	6	0	6	0	0	0	0	0	0	0	0	5	0
107017901213201	107017901	2018-05-23	10	50	10	0	32	18	0	3	0	12.47	1	19.000	Working	0	145	0	145	0	10	0	0	0	0	0	0	132	0
107017901213202	107017901	2018-05-23		50			29	21	0	0	0	12.47	2	19.000	Working	0	169	0	169	0	1	0	0	0	0	0	0	168	0
107017901213341	107017901	2018-06-06		17			5	12	0	0	0	11.67	1	19.000	Working	0	21	0	21	0	2	0	0	0	2	0	0	17	0
107017901213342	107017901	2018-06-06		20			7	13	0	0	0	11.67	2	19.000	Working	0	20	0	20	0	0	0	0	0	0	0	0	20	0
107017901213481	107017901	2018-06-20	1	18	1	0	5	13	0	0	0	11.75	1	19.000	Working	0	23	0	23	0	2	0	0	0	3	0	0	18	0
107017901213482	107017901	2018-06-20		21			6	15	0	0	0	11.75	2	19.000	Working	0	21	0	21	0	0	0	0	0	0	0	0	21	0
107017901213621	107017901	2018-07-04	1	7	1	0	2	5	0	0	0	11.70	1	19.000	Working	0	8	0	8	0	0	0	0	0	1	0	0	7	0
107017901213622	107017901	2018-07-04		1			1	0	0	0	0	11.70	2	19.000	Working	0	1	0	1	0	0	0	0	0	0	0	0	1	0
107017901213761	107017901	2018-07-18	1	1	1	0	0	1	0	0	0	11.70	1	19.000	Working	0	1	0	1	0	0	0	0	0	0	0	0	1	0
107017901213762	107017901	2018-07-18		2			1	1	0	0	0	11.70	2	19.000	Working	0	2	0	2	0	0	0	0	0	0	0	0	2	0
107017901213901	107017901	2018-08-01	1	1	1	0	1	0	0	0	0	12.13	1	19.000	Working	0	1	0	1	0	0	0	0	0	0	0	0	1	0
107017901213902	107017901	2018-08-01		2			0	2	0	0	0	12.13	2	19.000	Working	0	2	0	2	0	0	0	0	0	0	0	0	2	0
107017901214041	107017901	2018-08-15		2			0	2	0	0	0	11.83	1	19.000	Working	0	2	0	2	0	0	0	0	0	0	0	0	2	0
107017901214042	107017901	2018-08-15		0			0	0	0	0	0	11.83	2	19.000	Working	0	0	0	0	0	0	0	0	0	0	0	0	0	0
107017901214181	107017901	2018-08-29	4	2	4	0	0	2	0	0	0	12.00	1	19.000	Working	0	2	0	2	0	0	0	0	0	0	0	0	2	0
107017901214182	107017901	2018-08-29		3			0	3	0	0	0	12.00	2	19.000	Working	0	4	0	4	0	1	0	0	0	0	0	0	3	0
107017901214321	107017901	2018-09-12	1	3	1	0	1	2	0	0	0	11.78	1	19.000	Working	0	3	0	3	0	0	0	0	0	0	0	0	3	0
107017901214322	107017901	2018-09-12		6			2	4	0	1	0	11.78	2	19.000	Working	0	7	0	7	0	0	0	0	0	0	0	0	6	0
107017901214461	107017901	2018-09-26		0			0	0	0	0	0	12.12	1	19.000	Working	0	0	0	0	0	0	0	0	0	0	0	0	0	0
107017901214462	107017901	2018-09-26		0			0	0	0	0	0	12.12	2	19.000	Working	0	0	0	0	0	0	0	0	0	0	0	0	0	0
107017901214601	107017901	2018-10-10		0			0	0	0	0	0	13.50	1	19.000	Working	0	0	0	0	0	0	0	0	0	0	0	0	0	0
107017901214602	107017901	2018-10-10		0			0	0	0	0	0	13.50	2	19.000	Working	0	0	0	0	0	0	0	0	0	0	0	0	0	0
107017901214741	107017901	2018-10-24		0			0	0	0	0	0	12.08	1	19.000	Working	0	0	0	0	0	0	0	0	0	0	0	0	0	0
107017901214742	107017901	2018-10-24		1			0	1	0	0	0	12.08	2	19.000	Working	0	1	0	1	0	0	0	0	0	0	0	0	1	0
107017901214881	107017901	2018-11-07		0			0	0	0	0	0	11.72	1	19.000	Working	0	0	0	0	0	0	0	0	0	0	0	0	0	0
107017901214882	107017901	2018-11-07		1			0	1	0	0	0	11.72	2	19.000	Working	0	1	0	1	0	0	0	0	0	0	0	0	1	0
107017901215021	107017901	2018-11-21		6			3	3	0	0	0	11.73	1	19.000	Working	0	6	0	6	0	0	0	0	0	0	0	0	6	0
107017901215022	107017901	2018-11-21		8			3	5	0	0	0	11.73	2	19.000	Working	0	8	0	8	0	0	0	0	0	0	0	0	8	0
107017901215161	107017901	2018-12-05	3	1	3	0	0	1	0	0	0	14.12	1	19.000	Working	0	1	0	1	0	0	0	0	0	0	0	0	1	0
107017901215162	107017901	2018-12-05		2			0	2	0	0	0	14.12	2	19.000	Working	0	2	0	2	0	0	0	0	0	0	0	0	2	0
107017901215301	107017901	2018-12-19		0			0	0	0	0	0	11.82	1	19.000	Working	0	0	0	0	0	0	0	0	0	0	0	0	0	0
107017901215302	107017901	2018-12-19		0			0	0	0	0	0	11.82	2	19.000	Working	0	0	0	0	0	0	0	0	0	0	0	0	0	0
107017901215461	107017901	2019-01-04		0			0	0	0	0	0	11.75	1	19.000	Working	0	0	0	0	0	0	0	0	0	0	0	0	0	0
107017901215462	107017901	2019-01-04		0			0	0	0	0	0	11.75	2	19.000	Working	0	0	0	0	0	0	0	0	0	0	0	0	0	0
107017901215581	107017901	2019-01-16		0			0	0	0	0	0	11.67	1	19.000	Working	0	0	0	0	0	0	0	0	0	0	0	0	0	0
107017901215582	107017901	2019-01-16		0			0	0	0	0	0	11.67	2	19.000	Working	0	0	0	0	0	0	0	0	0	0	0	0	0	0
107017901215721	107017901	2019-01-30		0			0	0	0	0	0	12.00	1	19.000	Working	0	0	0	0	0	0	0	0	0	0	0	0	0	0
107017901215722	107017901	2019-01-30		0			0	0	0	0	0	12.00	2	19.000	Working	0	0	0	0	0	0	0	0	0	0	0	0	0	0
107017901215861	107017901	2019-02-13		0			0	0	0	0	0	12.00	1	19.000	Working	0	0	0	0	0	0	0	0	0	0	0	0	0	0
107017901215862	107017901	2019-02-13		0			0	0	0	0	0	12.00	2	19.000	Working	0	0	0	0	0	0	0	0	0	0	0	0	0	0
107017901216001	107017901	2019-02-27	1	0	1	0	0	0	0	0	0	11.88	1	19.000	Working	0	0	0	0	0	0	0	0	0	0	0	0	0	0
107017901216002	107017901	2019-02-27		0			0	0	0	0	0	11.88	2	19.000	Working	0	1	0	1	0	1	0	0	0	0	0	0	0	0
107017901216141	107017901	2019-03-13		0			0	0	0	0	0	11.83	1	19.000	Working	0	0	0	0	0	0	0	0	0	0	0	0	0	0
107017901216142	107017901	2019-03-13		1			0	1	0	0	0	11.83	2	19.000	Working	0	1	0	1	0	0	0	0	0	0	0	0	1	0
107017901216281	107017901	2019-03-27	1	1	1	0	0	1	0	0	0	12.05	1	19.000	Working	0	1	0	1	0	0	0	0	0	0	0	0	1	0
107017901216282	107017901	2019-03-27		0			0	0	0	0	0	12.05	2	19.000	Working	0	0	0	0	0	0	0	0	0	0	0	0	0	0
107017901216421	107017901	2019-04-10		0			0	0	0	0	0	11.67	1	19.000	Working	0	0	0	0	0	0	0	0	0	0	0	0	0	0
107017901216422	107017901	2019-04-10		0			0	0	0	0	0	11.67	2	19.000	Working	0	0	0	0	0	0	0	0	0	0	0	0	0	0
107017901216561	107017901	2019-04-24		0			0	0	0	0	0	11.95	1	19.000	Working	0	0	0	0	0	0	0	0	0	0	0	0	0	0
107017901216562	107017901	2019-04-24		0			0	0	0	0	0	11.95	2	19.000	Working	0	0	0	0	0	0	0	0	0	0	0	0	0	0
107017901216701	107017901	2019-05-08	1	0	1	0	0	0	0	0	0	12.33	1	19.000	Working	0	0	0	0	0	0	0	0	0	0	0	0	0	0
107017901216702	107017901	2019-05-08		1			1	0	0	0	0	12.33	2	19.000	Working	0	1	0	1	0	0	0	0	0	0	0	0	1	0
107017901216841	107017901	2019-05-22		0			0	0	0	0	0	11.75	1	19.000	Working	0	0	0	0	0	0	0	0	0	0	0	0	0	0
107017901216842	107017901	2019-05-22		2			0	2	0	0	0	11.75	2	19.000	Working	0	2	0	2	0	0	0	0	0	0	0	0	2	0
107017901216981	107017901	2019-06-05	7	13	7	0	8	5	0	0	0	12.42	1	19.000	Working	0	22	0	22	0	4	0	0	0	5	0	0	13	0
107017901216982	107017901	2019-06-05		17			10	7	0	0	0	12.42	2	19.000	Working	0	23	0	23	0	2	0	0	0	4	0	0	17	0
107017901217121	107017901	2019-06-19		0			0	0	0	0	0	12.50	1	19.000	Working	0	0	0	0	0	0	0	0	0	0	0	0	0	0
107017901217122	107017901	2019-06-19		0			0	0	0	0	0	12.50	2	19.000	Working	0	0	0	0	0	0	0	0	0	0	0	0	0	0
107017901217261	107017901	2019-07-03		22			4	18	0	0	0	12.63	1	19.000	Working	0	22	0	22	0	0	0	0	0	0	0	0	22	0
107017901217262	107017901	2019-07-03		0			0	0	0	0	0	12.63	2	19.000	Working	0	1	0	1	0	1	0	0	0	0	0	0	0	0
107017901217401	107017901	2019-07-17	1	5	1	0	2	3	0	0	0	11.73	1	19.000	Working	0	6	0	5	0	0	0	1	0	0	1	0	5	0
107017901217402	107017901	2019-07-17		1			0	1	0	0	0	11.73	2	19.000	Working	0	1	0	1	0	0	0	0	0	0	0	0	1	0
107017901217541	107017901	2019-07-31		0			0	0	0	0	0	11.70	1	19.000	Working	0	0	0	0	0	0	0	0	0	0	0	0	0	0
107017901217542	107017901	2019-07-31		0			0	0	0	0	0	11.70	2	19.000	Working	0	0	0	0	0	0	0	0	0	0	0	0	0	0
107017901217681	107017901	2019-08-14	1	0	1	0	0	0	0	0	0	12.10	1	19.000	Working	0	0	0	0	0	0	0	0	0	0	0	0	0	0
107017901217682	107017901	2019-08-14		6			2	4	0	0	0	12.10	2	19.000	Working	0	6	0	6	0	0	0	0	0	0	0	0	6	0
107017901217821	107017901	2019-08-28		0			0	0	0	0	0	11.83	1	19.000	Working	5	0	0	0	0	0	0	0	0	0	0	0	0	0
107017901217822	107017901	2019-08-28		0			0	0	0	0	0	11.83	2	19.000	Working	1	0	0	0	0	0	0	0	0	0	0	0	0	0
107017901217961	107017901	2019-09-11	1	3	1	0	0	3	0	0	0	11.72	1	19.000	Working	0	3	0	3	0	0	0	0	0	0	0	0	3	0
107017901217962	107017901	2019-09-11		1			0	1	0	0	0	11.72	2	19.000	Working	0	2	0	1	0	0	1	1	0	0	0	0	1	0
107017901218101	107017901	2019-09-25		0			0	0	0	0	0	13.62	1	19.000	Working	0	0	0	0	0	0	0	0	0	0	0	0	0	0
107017901218102	107017901	2019-09-25		0			0	0	0	0	0	13.62	2	19.000	Working	0	0	0	0	0	0	0	0	0	0	0	0	0	0
107017901218241	107017901	2019-10-09	1	0	1	0	0	0	0	0	0	13.82	1	19.000	Working	0	0	0	0	0	0	0	0	0	0	0	0	0	0
107017901218242	107017901	2019-10-09		1			1	0	0	0	0	13.82	2	19.000	Working	0	1	0	1	0	0	0	0	0	0	0	0	1	0
107017901218381	107017901	2019-10-23	1	0	1	0	0	0	0	0	0	12.07	1	19.000	Working	0	0	0	0	0	0	0	0	0	0	0	0	0	0
107017901218382	107017901	2019-10-23		4			1	3	0	2	0	12.07	2	19.000	Working	0	10	0	9	0	1	0	1	0	2	0	0	4	1
108001201211361	108001201	2017-11-14		0			0	0	0	0	0	14.03	1	19.000	Working	0	0	0	0	0	0	0	0	0	0	0	0	0	0
108001201211362	108001201	2017-11-14		1			1	0	0	1	0	14.03	2	19.000	Working	0	5	0	5	0	2	0	0	0	1	0	0	1	0
108001201211363	108001201	2017-11-14		2			1	1	0	0	0	14.03	3	19.000	Not working	0	2	0	2	0	1	0	0	0	0	0	0	1	0
108001201211501	108001201	2017-11-28		0			0	0	0	0	0	13.75	1	19.000	Working	0	1	0	1	0	1	0	0	0	0	0	0	0	0
108001201211502	108001201	2017-11-28		4			1	3	0	0	0	13.75	2	19.000	Working	0	5	0	4	0	0	0	1	0	0	0	0	4	1
108001201211503	108001201	2017-11-28		0			0	0	0	0	0	13.75	3	19.000	Working	0	0	0	0	0	0	0	0	0	0	0	0	0	0
108001201211651	108001201	2017-12-13		0			0	0	0	0	0	12.43	1	19.000	Working	0	0	0	0	0	0	0	0	0	0	0	0	0	0
108001201211652	108001201	2017-12-13		0			0	0	0	0	0	12.43	2	19.000	Working	0	0	0	0	0	0	0	0	0	0	0	0	0	0
108001201211653	108001201	2017-12-13		0			0	0	0	0	0	12.43	3	19.000	Working	0	0	0	0	0	0	0	0	0	0	0	0	0	0
108001201211801	108001201	2017-12-28		0			0	0	0	0	0	13.97	1	19.000	Working	0	0	0	0	0	0	0	0	0	0	0	0	0	0
108001201211802	108001201	2017-12-28		0			0	0	0	0	0	13.97	2	19.000	Working	0	0	0	0	0	0	0	0	0	0	0	0	0	0
108001201211803	108001201	2017-12-28		0			0	0	0	0	0	13.97	3	19.000	Working	0	0	0	0	0	0	0	0	0	0	0	0	0	0
108001201211931	108001201	2018-01-10		0			0	0	0	0	0	12.37	1	19.000	Working	0	0	0	0	0	0	0	0	0	0	0	0	0	0
108001201211932	108001201	2018-01-10		0			0	0	0	0	0	12.37	2	19.000	Working	0	0	0	0	0	0	0	0	0	0	0	0	0	0
108001201211933	108001201	2018-01-10		0			0	0	0	0	0	12.37	3	19.000	Working	0	0	0	0	0	0	0	0	0	0	0	0	0	0
108001201212071	108001201	2018-01-24	1	0	1	0	0	0	0	0	0	13.88	1	19.000	Working	0	1	0	1	0	1	0	0	0	0	0	0	0	0
108001201212072	108001201	2018-01-24		0			0	0	0	0	0	13.88	2	19.000	Working	0	0	0	0	0	0	0	0	0	0	0	0	0	0
108001201212073	108001201	2018-01-24		0			0	0	0	0	0	13.88	3	19.000	Working	0	0	0	0	0	0	0	0	0	0	0	0	0	0
108001201212211	108001201	2018-02-07		0			0	0	0	0	0	12.23	1	19.000	Working	0	0	0	0	0	0	0	0	0	0	0	0	0	0
108001201212212	108001201	2018-02-07		0			0	0	0	0	0	12.23	2	19.000	Working	0	0	0	0	0	0	0	0	0	0	0	0	0	0
108001201212213	108001201	2018-02-07		0			0	0	0	0	0	12.23	3	19.000	Working	0	0	0	0	0	0	0	0	0	0	0	0	0	0
108001201212351	108001201	2018-02-21	1	0	1	0	0	0	0	0	0	13.33	1	19.000	Working	0	0	0	0	0	0	0	0	0	0	0	0	0	0
108001201212352	108001201	2018-02-21		0			0	0	0	0	0	13.33	2	19.000	Working	0	0	0	0	0	0	0	0	0	0	0	0	0	0
108001201212353	108001201	2018-02-21		1			0	1	0	0	0	13.33	3	19.000	Working	0	1	0	1	0	0	0	0	0	0	0	0	1	0
108001201212491	108001201	2018-03-07	1	0	1	0	0	0	0	0	0	12.62	1	19.000	Working	0	0	0	0	0	0	0	0	0	0	0	0	0	0
108001201212492	108001201	2018-03-07		0			0	0	0	0	0	12.62	2	19.000	Working	0	0	0	0	0	0	0	0	0	0	0	0	0	0
108001201212493	108001201	2018-03-07		1			0	1	0	0	0	12.62	3	19.000	Working	0	1	0	1	0	0	0	0	0	0	0	0	1	0
108001201212631	108001201	2018-03-21	1	0	1	0	0	0	0	0	0	12.30	1	19.000	Working	0	0	0	0	0	0	0	0	0	0	0	0	0	0
108001201212632	108001201	2018-03-21		0			0	0	0	0	0	12.30	2	19.000	Working	0	0	0	0	0	0	0	0	0	0	0	0	0	0
108001201212633	108001201	2018-03-21		0			0	0	0	1	0	12.30	3	19.000	Working	0	1	0	1	0	0	0	0	0	0	0	0	0	0
108001201212771	108001201	2018-04-04		0			0	0	0	0	0	13.33	1	19.000	Working	0	0	0	0	0	0	0	0	0	0	0	0	0	0
108001201212772	108001201	2018-04-04		1			0	1	0	0	0	13.33	2	19.000	Working	0	1	0	1	0	0	0	0	0	0	0	0	1	0
108001201212773	108001201	2018-04-04		0			0	0	0	0	0	13.33	3	19.000	Working	0	0	0	0	0	0	0	0	0	0	0	0	0	0
108001201212911	108001201	2018-04-18	1	2	1	0	2	0	0	0	0	12.63	1	19.000	Working	0	2	0	2	0	0	0	0	0	0	0	0	2	0
108001201212912	108001201	2018-04-18		0			0	0	0	1	0	12.63	2	19.000	Working	0	1	0	1	0	0	0	0	0	0	0	0	0	0
108001201212913	108001201	2018-04-18		5			2	3	0	1	0	12.63	3	19.000	Working	0	6	0	6	0	0	0	0	0	0	0	0	5	0
108001201213051	108001201	2018-05-02	1	5	1	0	2	3	0	1	0	11.90	1	19.000	Working	0	6	0	6	0	0	0	0	0	0	0	0	5	0
108001201213052	108001201	2018-05-02		8			3	5	0	1	0	11.90	2	19.000	Working	0	12	0	12	0	0	0	0	0	3	0	0	8	0
108001201213053	108001201	2018-05-02		6			2	4	0	0	0	11.90	3	19.000	Working	0	7	0	7	0	0	0	0	0	1	0	0	6	0
108001201213191	108001201	2018-05-16	1	10	1	0	3	7	0	0	0	12.08	1	19.000	Working	0	10	0	10	0	0	0	0	0	0	0	0	10	0
108001201213192	108001201	2018-05-16		10			5	5	0	0	0	12.08	2	19.000	Working	0	10	0	10	0	0	0	0	0	0	0	0	10	0
108001201213193	108001201	2018-05-16		10			6	4	0	0	0	12.08	3	19.000	Working	0	10	0	10	0	0	0	0	0	0	0	0	10	0
108001201213331	108001201	2018-05-30		11			3	8	0	0	0	13.87	1	19.000	Working	0	18	0	17	0	3	0	1	0	3	0	0	11	1
108001201213332	108001201	2018-05-30		5			1	4	0	1	0	13.87	2	19.000	Working	0	7	0	7	0	1	0	0	0	0	0	0	5	0
108001201213333	108001201	2018-05-30		14			6	8	0	6	0	13.87	3	19.000	Working	0	23	0	23	0	3	0	0	0	0	0	0	14	0
108001201213471	108001201	2018-06-13		2			0	2	0	0	0	12.50	1	19.000	Working	0	2	0	2	0	0	0	0	0	0	0	0	2	0
108001201213472	108001201	2018-06-13		4			1	3	0	0	0	12.50	2	19.000	Working	0	8	0	8	0	2	0	0	0	2	0	0	4	0
108001201213473	108001201	2018-06-13		7			3	4	0	0	0	12.50	3	19.000	Working	0	7	0	7	0	0	0	0	0	0	0	0	7	0
108001201213611	108001201	2018-06-27		0			0	0	0	2	0	12.05	1	19.000	Working	0	2	0	2	0	0	0	0	0	0	0	0	0	0
108001201213612	108001201	2018-06-27		1			0	1	0	1	0	12.05	2	19.000	Working	0	2	0	2	0	0	0	0	0	0	0	0	1	0
108001201213613	108001201	2018-06-27		1			0	1	0	3	0	12.05	3	19.000	Working	0	4	0	4	0	0	0	0	0	0	0	0	1	0
108001201213751	108001201	2018-07-11		0			0	0	0	0	0	12.60	1	19.000	Working	0	0	0	0	0	0	0	0	0	0	0	0	0	0
108001201213752	108001201	2018-07-11		0			0	0	0	0	0	12.60	2	19.000	Working	0	0	0	0	0	0	0	0	0	0	0	0	0	0
108001201213753	108001201	2018-07-11		0			0	0	0	0	0	12.60	3	19.000	Working	0	0	0	0	0	0	0	0	0	0	0	0	0	0
108001201213891	108001201	2018-07-25		0			0	0	0	0	0	12.33	1	19.000	Working	0	0	0	0	0	0	0	0	0	0	0	0	0	0
108001201213892	108001201	2018-07-25		0			0	0	0	0	0	12.33	2	19.000	Working	0	0	0	0	0	0	0	0	0	0	0	0	0	0
108001201213893	108001201	2018-07-25		0			0	0	0	0	0	12.33	3	19.000		0	0	0	0	0	0	0	0	0	0	0	0	0	0
108001201214031	108001201	2018-08-08		0			0	0	0	0	0	11.83	1	19.000	Working	0	0	0	0	0	0	0	0	0	0	0	0	0	0
108001201214032	108001201	2018-08-08		0			0	0	0	0	0	11.83	2	19.000	Working	0	0	0	0	0	0	0	0	0	0	0	0	0	0
108001201214033	108001201	2018-08-08		1			0	1	0	0	0	11.83	3	19.000	Working	0	1	0	1	0	0	0	0	0	0	0	0	1	0
108001201214171	108001201	2018-08-22		0			0	0	0	0	0	13.55	1	19.000	Working	0	0	0	0	0	0	0	0	0	0	0	0	0	0
108001201214172	108001201	2018-08-22		0			0	0	0	0	0	13.55	2	19.000	Working	0	0	0	0	0	0	0	0	0	0	0	0	0	0
108001201214173	108001201	2018-08-22		0			0	0	0	0	0	13.55	3	19.000	Working	0	0	0	0	0	0	0	0	0	0	0	0	0	0
108001201214311	108001201	2018-09-05		0			0	0	0	0	0	12.52	1	19.000	Working	0	0	0	0	0	0	0	0	0	0	0	0	0	0
108001201214312	108001201	2018-09-05		1			1	0	0	0	0	12.52	2	19.000	Working	0	2	0	2	0	1	0	0	0	0	0	0	1	0
108001201214313	108001201	2018-09-05		0			0	0	0	0	0	12.52	3	19.000	Working	0	0	0	0	0	0	0	0	0	0	0	0	0	0
108001201214451	108001201	2018-09-19		0			0	0	0	0	0	11.83	1	19.000	Working	0	0	0	0	0	0	0	0	0	0	0	0	0	0
108001201214452	108001201	2018-09-19		0			0	0	0	0	0	11.83	2	19.000	Working	0	0	0	0	0	0	0	0	0	0	0	0	0	0
108001201214453	108001201	2018-09-19		0			0	0	0	0	0	11.83	3	19.000	Working	0	0	0	0	0	0	0	0	0	0	0	0	0	0
108001201214591	108001201	2018-10-03		0			0	0	0	0	0	12.03	1	19.000	Working	0	0	0	0	0	0	0	0	0	0	0	0	0	0
108001201214592	108001201	2018-10-03		1			1	0	0	0	0	12.03	2	19.000	Working	0	1	0	1	0	0	0	0	0	0	0	0	1	0
108001201214593	108001201	2018-10-03		0			0	0	0	0	0	12.03	3	19.000	Working	0	0	0	0	0	0	0	0	0	0	0	0	0	0
108001201214731	108001201	2018-10-17		0			0	0	0	0	0	12.57	1	19.000	Working	0	0	0	0	0	0	0	0	0	0	0	0	0	0
108001201214732	108001201	2018-10-17		0			0	0	0	0	0	12.57	2	19.000	Working	0	0	0	0	0	0	0	0	0	0	0	0	0	0
108001201214733	108001201	2018-10-17		1			0	1	0	0	0	12.57	3	19.000	Working	0	2	0	2	0	1	0	0	0	0	0	0	1	0
108001201214871	108001201	2018-10-31	2	0	2	0	0	0	0	0	0	11.67	1	19.000	Working	0	0	0	0	0	0	0	0	0	0	0	0	0	0
108001201214872	108001201	2018-10-31		0			0	0	0	2	0	11.67	2	19.000	Working	0	2	0	2	0	0	0	0	0	0	0	0	0	0
108001201214873	108001201	2018-10-31		0			0	0	0	0	0	11.67	3	19.000	Working	0	0	0	0	0	0	0	0	0	0	0	0	0	0
108001201215011	108001201	2018-11-14	1	0	1	0	0	0	0	0	0	12.25	1	19.000	Working	0	0	0	0	0	0	0	0	0	0	0	0	0	0
108001201215012	108001201	2018-11-14		3			1	2	0	0	0	12.25	2	19.000	Working	0	4	0	4	0	1	0	0	0	0	0	0	3	0
108001201215013	108001201	2018-11-14		0			0	0	0	0	0	12.25	3	19.000	Working	0	2	0	2	0	2	0	0	0	0	0	0	0	0
108001201215151	108001201	2018-11-28		0			0	0	0	0	0	12.43	1	19.000	Working	0	0	0	0	0	0	0	0	0	0	0	0	0	0
108001201215152	108001201	2018-11-28		0			0	0	0	0	0	12.43	2	19.000	Working	0	0	0	0	0	0	0	0	0	0	0	0	0	0
108001201215153	108001201	2018-11-28		0			0	0	0	0	0	12.43	3	19.000	Working	0	2	0	2	0	2	0	0	0	0	0	0	0	0
108001201215291	108001201	2018-12-12		0			0	0	0	0	0	11.75	1	19.000	Working	0	0	0	0	0	0	0	0	0	0	0	0	0	0
108001201215292	108001201	2018-12-12		0			0	0	0	0	0	11.75	2	19.000	Working	0	0	0	0	0	0	0	0	0	0	0	0	0	0
108001201215293	108001201	2018-12-12		0			0	0	0	0	0	11.75	3	19.000	Working	0	0	0	0	0	0	0	0	0	0	0	0	0	0
108001201215451	108001201	2018-12-28	1	0	1	0	0	0	0	0	0	11.67	1	19.000	Working	0	0	0	0	0	0	0	0	0	0	0	0	0	0
108001201215452	108001201	2018-12-28		0			0	0	0	0	0	11.67	2	19.000	Working	0	0	0	0	0	0	0	0	0	0	0	0	0	0
108001201215453	108001201	2018-12-28		1			0	1	0	0	0	11.67	3	19.000	Working	0	1	0	1	0	0	0	0	0	0	0	0	1	0
108001201215571	108001201	2019-01-09		0			0	0	0	0	0	13.33	1	19.000	Working	0	0	0	0	0	0	0	0	0	0	0	0	0	0
108001201215572	108001201	2019-01-09		0			0	0	0	0	0	13.33	2	19.000	Working	0	0	0	0	0	0	0	0	0	0	0	0	0	0
108001201215573	108001201	2019-01-09		0			0	0	0	0	0	13.33	3	19.000	Working	0	0	0	0	0	0	0	0	0	0	0	0	0	0
108001201215711	108001201	2019-01-23		0			0	0	0	0	0	12.48	1	19.000	Working	0	0	0	0	0	0	0	0	0	0	0	0	0	0
108001201215712	108001201	2019-01-23		0			0	0	0	0	0	12.48	2	19.000	Working	1	0	0	0	0	0	0	0	0	0	0	0	0	0
108001201215713	108001201	2019-01-23		0			0	0	0	0	0	12.48	3	19.000	Working	0	0	0	0	0	0	0	0	0	0	0	0	0	0
108001201215851	108001201	2019-02-06	1	0	1	0	0	0	0	1	0	11.67	1	19.000	Working	0	1	0	1	0	0	0	0	0	0	0	0	0	0
108001201215852	108001201	2019-02-06		0			0	0	0	0	0	11.67	2	19.000	Working	0	0	0	0	0	0	0	0	0	0	0	0	0	0
108001201215853	108001201	2019-02-06		0			0	0	0	0	0	11.67	3	19.000	Working	0	0	0	0	0	0	0	0	0	0	0	0	0	0
108001201215991	108001201	2019-02-20		0			0	0	0	0	0	11.67	1	19.000	Working	0	0	0	0	0	0	0	0	0	0	0	0	0	0
108001201215992	108001201	2019-02-20		0			0	0	0	0	0	11.67	2	19.000	Working	1	0	0	0	0	0	0	0	0	0	0	0	0	0
108001201215993	108001201	2019-02-20		0			0	0	0	0	0	11.67	3	19.000	Working	0	0	0	0	0	0	0	0	0	0	0	0	0	0
108001201216131	108001201	2019-03-06		0			0	0	0	0	0	12.38	1	19.000	Working	0	0	0	0	0	0	0	0	0	0	0	0	0	0
108001201216132	108001201	2019-03-06		0			0	0	0	0	0	12.38	2	19.000	Working	0	0	0	0	0	0	0	0	0	0	0	0	0	0
108001201216133	108001201	2019-03-06		0			0	0	0	0	0	12.38	3	19.000	Working	0	0	0	0	0	0	0	0	0	0	0	0	0	0
108001201216271	108001201	2019-03-20	1	0	1	0	0	0	0	0	0	11.97	1	19.000	Working	0	0	0	0	0	0	0	0	0	0	0	0	0	0
108001201216272	108001201	2019-03-20		1			1	0	0	0	0	11.97	2	19.000	Working	0	1	0	1	0	0	0	0	0	0	0	0	1	0
108001201216273	108001201	2019-03-20		0			0	0	0	0	0	11.97	3	19.000	Working	0	0	0	0	0	0	0	0	0	0	0	0	0	0
108001201216411	108001201	2019-04-03		0			0	0	0	0	0	12.10	1	19.000	Working	0	0	0	0	0	0	0	0	0	0	0	0	0	0
108001201216412	108001201	2019-04-03		0			0	0	0	0	0	12.10	2	19.000	Working	0	0	0	0	0	0	0	0	0	0	0	0	0	0
108001201216413	108001201	2019-04-03		0			0	0	0	0	0	12.10	3	19.000	Working	0	0	0	0	0	0	0	0	0	0	0	0	0	0
108001201216551	108001201	2019-04-17		0			0	0	0	0	0	13.87	1	19.000	Working	0	0	0	0	0	0	0	0	0	0	0	0	0	0
108001201216552	108001201	2019-04-17		0			0	0	0	0	0	13.87	2	19.000	Working	0	0	0	0	0	0	0	0	0	0	0	0	0	0
108001201216553	108001201	2019-04-17		0			0	0	0	0	0	13.87	3	19.000	Working	0	0	0	0	0	0	0	0	0	0	0	0	0	0
108001201216691	108001201	2019-05-01		0			0	0	0	0	0	14.12	1	19.000	Working	0	0	0	0	0	0	0	0	0	0	0	0	0	0
108001201216692	108001201	2019-05-01		0			0	0	0	0	0	14.12	2	19.000	Working	0	0	0	0	0	0	0	0	0	0	0	0	0	0
108001201216693	108001201	2019-05-01		0			0	0	0	0	0	14.12	3	19.000	Working	0	0	0	0	0	0	0	0	0	0	0	0	0	0
108001201216831	108001201	2019-05-15		0			0	0	0	0	0	13.33	1	19.000	Working	0	0	0	0	0	0	0	0	0	0	0	0	0	0
108001201216832	108001201	2019-05-15		0			0	0	0	0	0	13.33	2	19.000	Working	0	0	0	0	0	0	0	0	0	0	0	0	0	0
108001201216833	108001201	2019-05-15		0			0	0	0	0	0	13.33	3	19.000	Working	0	0	0	0	0	0	0	0	0	0	0	0	0	0
108001201216971	108001201	2019-05-29		1			0	1	0	0	0	11.95	1	19.000	Working	0	1	0	1	0	0	0	0	0	0	0	0	1	0
108001201216972	108001201	2019-05-29		1			0	1	0	0	0	11.95	2	19.000	Working	0	1	0	1	0	0	0	0	0	0	0	0	1	0
108001201216973	108001201	2019-05-29		0			0	0	0	0	0	11.95	3	19.000	Working	0	0	0	0	0	0	0	0	0	0	0	0	0	0
108001201217111	108001201	2019-06-12	1	2	1	0	0	2	0	0	0	13.62	1	19.000	Working	0	2	0	2	0	0	0	0	0	0	0	0	2	0
108001201217112	108001201	2019-06-12		3			2	1	0	0	0	13.62	2	19.000	Working	0	4	0	4	0	1	0	0	0	0	0	0	3	0
108001201217113	108001201	2019-06-12		11			6	5	0	0	0	13.62	3	19.000	Working	0	13	0	13	0	2	0	0	0	0	0	0	11	0
108001201217251	108001201	2019-06-26		3			0	3	0	1	0	11.83	1	19.000	Working	0	4	0	4	0	0	0	0	0	0	0	0	3	0
108001201217252	108001201	2019-06-26		3			1	2	0	0	0	11.83	2	19.000	Working	0	3	0	3	0	0	0	0	0	0	0	0	3	0
108001201217253	108001201	2019-06-26		4			3	1	0	0	0	11.83	3	19.000	Working	0	4	0	4	0	0	0	0	0	0	0	0	4	0
108001201217391	108001201	2019-07-10		1			0	1	0	0	0	13.57	1	19.000	Working	0	1	0	1	0	0	0	0	0	0	0	0	1	0
108001201217392	108001201	2019-07-10		7			3	4	0	0	0	13.57	2	19.000	Working	0	7	0	7	0	0	0	0	0	0	0	0	7	0
108001201217393	108001201	2019-07-10		1			1	0	0	0	0	13.57	3	19.000	Working	0	1	0	1	0	0	0	0	0	0	0	0	1	0
108001201217531	108001201	2019-07-24	1	2	1	0	0	2	0	0	0	12.25	1	19.000	Working	0	2	0	2	0	0	0	0	0	0	0	0	2	0
108001201217532	108001201	2019-07-24		0			0	0	0	0	0	12.25	2	19.000	Working	0	0	0	0	0	0	0	0	0	0	0	0	0	0
108001201217533	108001201	2019-07-24		0			0	0	0	0	0	12.25	3	19.000	Working	0	0	0	0	0	0	0	0	0	0	0	0	0	0
108001201217671	108001201	2019-08-07		0			0	0	0	0	0	13.48	1	19.000	Working	0	0	0	0	0	0	0	0	0	0	0	0	0	0
108001201217672	108001201	2019-08-07		0			0	0	0	0	0	13.48	2	19.000	Working	0	1	0	1	0	0	0	0	0	1	0	0	0	0
108001201217673	108001201	2019-08-07		0			0	0	0	0	0	13.48	3	19.000	Working	0	0	0	0	0	0	0	0	0	0	0	0	0	0
108001201217811	108001201	2019-08-21		0			0	0	0	0	0	12.50	1	19.000	Working	0	0	0	0	0	0	0	0	0	0	0	0	0	0
108001201217812	108001201	2019-08-21		0			0	0	0	0	0	12.50	2	19.000	Working	0	0	0	0	0	0	0	0	0	0	0	0	0	0
108001201217813	108001201	2019-08-21		0			0	0	0	0	0	12.50	3	19.000	Working	0	0	0	0	0	0	0	0	0	0	0	0	0	0
108001201217951	108001201	2019-09-04		0			0	0	0	0	0	13.48	1	19.000	Working	0	0	0	0	0	0	0	0	0	0	0	0	0	0
108001201217952	108001201	2019-09-04		0			0	0	0	0	0	13.48	2	19.000	Working	0	0	0	0	0	0	0	0	0	0	0	0	0	0
108001201217953	108001201	2019-09-04		0			0	0	0	0	0	13.48	3	19.000	Working	0	0	0	0	0	0	0	0	0	0	0	0	0	0
108001201218091	108001201	2019-09-18	2	0	2	0	0	0	0	0	0	12.42	1	19.000	Working	0	0	0	0	0	0	0	0	0	0	0	0	0	0
108001201218092	108001201	2019-09-18		0			0	0	0	0	0	12.42	2	19.000	Working	0	0	0	0	0	0	0	0	0	0	0	0	0	0
108001201218093	108001201	2019-09-18		2			0	2	0	0	0	12.42	3	19.000	Working	0	2	0	2	0	0	0	0	0	0	0	0	2	0
108001201218231	108001201	2019-10-02	1	0	1	0	0	0	0	0	0	12.40	1	19.000	Working	0	0	0	0	0	0	0	0	0	0	0	0	0	0
108001201218232	108001201	2019-10-02		1			0	1	0	0	0	12.40	2	19.000	Working	0	1	0	1	0	0	0	0	0	0	0	0	1	0
108001201218233	108001201	2019-10-02		0			0	0	0	0	0	12.40	3	19.000	Working	0	0	0	0	0	0	0	0	0	0	0	0	0	0
108001201218371	108001201	2019-10-16		0			0	0	0	0	0	11.90	1	19.000	Working	0	0	0	0	0	0	0	0	0	0	0	0	0	0
108001201218372	108001201	2019-10-16		1			1	0	0	0	0	11.90	2	19.000	Working	0	1	0	1	0	0	0	0	0	0	0	0	1	0
108001201218373	108001201	2019-10-16		0			0	0	0	0	0	11.90	3	19.000	Working	0	0	0	0	0	0	0	0	0	0	0	0	0	0
109004502211361	109004502	2017-11-17	1	2	1	0	0	2	0	0	0	10.87	1	19.000	Working	0	5	0	2	0	0	0	3	0	0	1	0	2	2
109004502211362	109004502	2017-11-17		1			1	0	0	0	0	10.87	2	19.000	Working	0	1	0	1	0	0	0	0	0	0	0	0	1	0
109004502211501	109004502	2017-12-01		0			0	0	0	0	0	14.22	1	19.000	Working	0	0	0	0	0	0	0	0	0	0	0	0	0	0
109004502211502	109004502	2017-12-01		0			0	0	0	0	0	14.22	2	19.000	Working	0	2	0	0	0	0	0	2	0	0	0	0	0	2
109004502211651	109004502	2017-12-16	2	0	2	0	0	0	0	2	0	11.67	1	19.000	Working	0	2	0	2	0	0	0	0	0	0	0	0	0	0
109004502211652	109004502	2017-12-16		2			0	2	0	0	0	11.67	2	19.000	Working	0	2	0	2	0	0	0	0	0	0	0	0	2	0
109004502211801	109004502	2017-12-31	1	2	1	0	0	2	0	0	0	14.07	1	19.000	Working	0	2	0	2	0	0	0	0	0	0	0	0	2	0
109004502211802	109004502	2017-12-31		1			0	1	0	0	0	14.07	2	19.000	Working	0	1	0	1	0	0	0	0	0	0	0	0	1	0
109004502211931	109004502	2018-01-13		1			1	0	0	0	0	12.53	1	19.000	Working	0	1	1	0	0	0	0	0	0	0	0	1	0	0
109004502211932	109004502	2018-01-13		0			0	0	0	0	0	12.53	2	19.000	Working	0	0	0	0	0	0	0	0	0	0	0	0	0	0
109004502212071	109004502	2018-01-27	2	2	2	0	0	2	0	0	0	12.30	1	19.000	Working	0	2	0	2	0	0	0	0	0	0	0	0	2	0
109004502212072	109004502	2018-01-27		0			0	0	0	0	0	12.30	2	19.000	Working	0	0	0	0	0	0	0	0	0	0	0	0	0	0
109004502212211	109004502	2018-02-10	1	1	1	0	1	0	0	0	0	12.27	1	19.000	Working	0	1	0	1	0	0	0	0	0	0	0	0	1	0
109004502212212	109004502	2018-02-10		0			0	0	0	0	0	12.27	2	19.000	Working	0	0	0	0	0	0	0	0	0	0	0	0	0	0
109004502212351	109004502	2018-02-24		0			0	0	0	0	0	11.75	1	19.000	Working	0	0	0	0	0	0	0	0	0	0	0	0	0	0
109004502212352	109004502	2018-02-24		0			0	0	0	0	0	11.75	2	19.000	Working	0	0	0	0	0	0	0	0	0	0	0	0	0	0
109004502212491	109004502	2018-03-10		0			0	0	0	0	0	13.33	1	19.000	Working	0	0	0	0	0	0	0	0	0	0	0	0	0	0
109004502212492	109004502	2018-03-10		0			0	0	0	0	0	13.33	2	19.000	Working	0	0	0	0	0	0	0	0	0	0	0	0	0	0
109004502212631	109004502	2018-03-24		0			0	0	0	0	0	12.10	1	19.000	Working	0	0	0	0	0	0	0	0	0	0	0	0	0	0
109004502212632	109004502	2018-03-24		0			0	0	0	0	0	12.10	2	19.000	Working	0	0	0	0	0	0	0	0	0	0	0	0	0	0
109004502212771	109004502	2018-04-07		0			0	0	0	0	0	13.47	1	19.000	Working	0	0	0	0	0	0	0	0	0	0	0	0	0	0
109004502212772	109004502	2018-04-07		0			0	0	0	0	0	13.47	2	19.000	Working	0	0	0	0	0	0	0	0	0	0	0	0	0	0
109004502212911	109004502	2018-04-21		0			0	0	0	0	0	11.95	1	19.000	Working	0	0	0	0	0	0	0	0	0	0	0	0	0	0
109004502212912	109004502	2018-04-21		1			1	0	0	0	0	11.95	2	19.000	Working	0	1	0	1	0	0	0	0	0	0	0	0	1	0
109004502213051	109004502	2018-05-05		0			0	0	0	0	0	12.18	1	19.000	Working	0	0	0	0	0	0	0	0	0	0	0	0	0	0
109004502213052	109004502	2018-05-05		0			0	0	0	0	0	12.18	2	19.000	Working	0	0	0	0	0	0	0	0	0	0	0	0	0	0
109004502213191	109004502	2018-05-19		1			1	0	0	0	0	11.97	1	19.000	Working	0	1	0	1	0	0	0	0	0	0	0	0	1	0
109004502213192	109004502	2018-05-19		9			6	3	0	0	0	11.97	2	19.000	Working	0	9	0	9	0	0	0	0	0	0	0	0	9	0
109004502213331	109004502	2018-06-02		0			0	0	0	0	0	13.42	1	19.000	Working	0	0	0	0	0	0	0	0	0	0	0	0	0	0
109004502213471	109004502	2018-06-16		1			1	0	0	0	0	13.33	1	19.000	Working	0	1	0	1	0	0	0	0	0	0	0	0	1	0
109004502213472	109004502	2018-06-16		0			0	0	0	0	0	13.33	2	19.000	Working	0	0	0	0	0	0	0	0	0	0	0	0	0	0
109004502213611	109004502	2018-06-30		0			0	0	0	0	0	12.53	1	19.000	Working	0	0	0	0	0	0	0	0	0	0	0	0	0	0
109004502213612	109004502	2018-06-30		1			0	1	0	0	0	12.53	2	19.000	Working	0	2	0	2	0	0	0	0	0	1	0	0	1	0
109004502213751	109004502	2018-07-14		0			0	0	0	0	0	13.58	1	19.000	Working	0	0	0	0	0	0	0	0	0	0	0	0	0	0
109004502213752	109004502	2018-07-14		0			0	0	0	0	0	13.58	2	19.000	Working	0	0	0	0	0	0	0	0	0	0	0	0	0	0
109004502213891	109004502	2018-07-28		0			0	0	0	0	0	13.33	1	19.000	Working	0	0	0	0	0	0	0	0	0	0	0	0	0	0
109004502213892	109004502	2018-07-28		1			0	1	0	0	0	13.33	2	19.000	Working	0	1	0	1	0	0	0	0	0	0	0	0	1	0
109004502214031	109004502	2018-08-11	1	1	1	0	0	1	0	0	0	12.32	1	19.000	Working	0	1	0	1	0	0	0	0	0	0	0	0	1	0
109004502214032	109004502	2018-08-11		0			0	0	0	0	0	12.32	2	19.000	Working	0	0	0	0	0	0	0	0	0	0	0	0	0	0
109004502214171	109004502	2018-08-25		0			0	0	0	0	0	12.25	1	19.000	Working	0	0	0	0	0	0	0	0	0	0	0	0	0	0
109004502214172	109004502	2018-08-25		0			0	0	0	0	0	12.25	2	19.000	Working	0	0	0	0	0	0	0	0	0	0	0	0	0	0
109004502214311	109004502	2018-09-08	1	1	1	0	0	1	0	0	0	13.85	1	19.000	Working	0	1	0	1	0	0	0	0	0	0	0	0	1	0
109004502214312	109004502	2018-09-08		1			0	1	0	0	0	13.85	2	19.000	Working	0	1	0	1	0	0	0	0	0	0	0	0	1	0
109004502214451	109004502	2018-09-22	1	1	1	0	0	1	0	0	0	12.20	1	19.000	Working	0	1	0	1	0	0	0	0	0	0	0	0	1	0
109004502214452	109004502	2018-09-22		0			0	0	0	0	0	12.20	2	19.000	Working	0	0	0	0	0	0	0	0	0	0	0	0	0	0
109004502214591	109004502	2018-10-06		0			0	0	0	0	0	10.95	1	19.000	Working	0	0	0	0	0	0	0	0	0	0	0	0	0	0
109004502214592	109004502	2018-10-06		0			0	0	0	0	0	10.95	2	19.000	Working	0	0	0	0	0	0	0	0	0	0	0	0	0	0
109004502214731	109004502	2018-10-20		0			0	0	0	0	0	12.40	1	19.000	Working	0	0	0	0	0	0	0	0	0	0	0	0	0	0
109004502214732	109004502	2018-10-20		2			1	1	0	0	0	12.40	2	19.000	Working	0	2	0	2	0	0	0	0	0	0	0	0	2	0
109004502214871	109004502	2018-11-03		1			1	0	0	0	0	13.58	1	19.000	Working	0	1	0	1	0	0	0	0	0	0	0	0	1	0
109004502214872	109004502	2018-11-03		0			0	0	0	0	0	13.58	2	19.000	Working	0	0	0	0	0	0	0	0	0	0	0	0	0	0
109004502215011	109004502	2018-11-17		0			0	0	0	0	0	13.58	1	19.000	Working	0	0	0	0	0	0	0	0	0	0	0	0	0	0
109004502215012	109004502	2018-11-17		0			0	0	0	0	0	13.58	2	19.000	Working	0	0	0	0	0	0	0	0	0	0	0	0	0	0
109004502215151	109004502	2018-12-01		0			0	0	0	0	0	12.42	1	19.000	Working	0	0	0	0	0	0	0	0	0	0	0	0	0	0
109004502215152	109004502	2018-12-01		0			0	0	0	0	0	12.42	2	19.000	Working	0	0	0	0	0	0	0	0	0	0	0	0	0	0
109004502215291	109004502	2018-12-15		0			0	0	0	0	0	13.45	1	19.000	Working	0	0	0	0	0	0	0	0	0	0	0	0	0	0
109004502215292	109004502	2018-12-15		0			0	0	0	0	0	13.45	2	19.000	Working	0	0	0	0	0	0	0	0	0	0	0	0	0	0
109004502215451	109004502	2018-12-31	1	0	1	0	0	0	0	0	0	13.33	1	19.000	Working	0	0	0	0	0	0	0	0	0	0	0	0	0	0
109004502215452	109004502	2018-12-31		0			0	0	0	0	0	13.33	2	19.000	Working	0	1	0	1	0	1	0	0	0	0	0	0	0	0
109004502215571	109004502	2019-01-12	2	0	2	0	0	0	0	0	0	12.50	1	19.000	Working	0	0	0	0	0	0	0	0	0	0	0	0	0	0
109004502215572	109004502	2019-01-12		2			1	1	0	0	0	12.50	2	19.000	Working	0	2	0	2	0	0	0	0	0	0	0	0	2	0
109004502215711	109004502	2019-01-26		0			0	0	0	0	0	12.30	1	19.000	Working	0	0	0	0	0	0	0	0	0	0	0	0	0	0
109004502215712	109004502	2019-01-26		0			0	0	0	0	0	12.30	2	19.000	Working	0	0	0	0	0	0	0	0	0	0	0	0	0	0
109004502215851	109004502	2019-02-09		0			0	0	0	0	0	12.60	1	19.000	Working	0	0	0	0	0	0	0	0	0	0	0	0	0	0
109004502215852	109004502	2019-02-09		0			0	0	0	0	0	12.60	2	19.000	Working	0	0	0	0	0	0	0	0	0	0	0	0	0	0
109004502215991	109004502	2019-02-23	1	0	1	0	0	0	0	0	0	11.95	1	19.000	Working	0	0	0	0	0	0	0	0	0	0	0	0	0	0
109004502215992	109004502	2019-02-23		1			1	0	0	0	0	11.95	2	19.000	Working	0	1	0	1	0	0	0	0	0	0	0	0	1	0
109004502216131	109004502	2019-03-09	2	0	2	0	0	0	0	0	0	13.57	1	19.000	Working	0	0	0	0	0	0	0	0	0	0	0	0	0	0
109004502216132	109004502	2019-03-09		2			2	0	0	0	0	13.57	2	19.000	Working	0	2	0	2	0	0	0	0	0	0	0	0	2	0
109004502216271	109004502	2019-03-23		0			0	0	0	0	0	13.97	1	19.000	Working	0	0	0	0	0	0	0	0	0	0	0	0	0	0
109004502216272	109004502	2019-03-23		0			0	0	0	0	0	13.97	2	19.000	Working	0	0	0	0	0	0	0	0	0	0	0	0	0	0
109004502216411	109004502	2019-04-06		0			0	0	0	0	0	14.03	1	19.000	Working	0	0	0	0	0	0	0	0	0	0	0	0	0	0
109004502216412	109004502	2019-04-06		0			0	0	0	0	0	14.03	2	19.000	Working	0	0	0	0	0	0	0	0	0	0	0	0	0	0
109004502216551	109004502	2019-04-20		0			0	0	0	0	0	13.53	1	19.000	Working	0	0	0	0	0	0	0	0	0	0	0	0	0	0
109004502216552	109004502	2019-04-20		0			0	0	0	0	0	13.53	2	19.000	Working	0	0	0	0	0	0	0	0	0	0	0	0	0	0
109004502216691	109004502	2019-05-04		0			0	0	0	0	0	13.45	1	19.000	Working	0	0	0	0	0	0	0	0	0	0	0	0	0	0
109004502216692	109004502	2019-05-04		0			0	0	0	0	0	13.45	2	19.000	Working	0	0	0	0	0	0	0	0	0	0	0	0	0	0
109004502216831	109004502	2019-05-18	1	0	1	0	0	0	0	0	0	12.40	1	19.000	Working	0	0	0	0	0	0	0	0	0	0	0	0	0	0
109004502216832	109004502	2019-05-18		1			0	1	0	0	0	12.40	2	19.000	Working	0	1	0	1	0	0	0	0	0	0	0	0	1	0
109004502216971	109004502	2019-06-01		4			0	4	0	0	0	11.70	1	19.000	Working	0	4	0	4	0	0	0	0	0	0	0	0	4	0
109004502217111	109004502	2019-06-15		0			0	0	0	0	0	13.37	1	19.000	Working	0	0	0	0	0	0	0	0	0	0	0	0	0	0
109004502217112	109004502	2019-06-15		0			0	0	0	0	0	13.37	2	19.000	Working	0	0	0	0	0	0	0	0	0	0	0	0	0	0
109004502217252	109004502	2019-06-29		3			2	1	0	2	0	13.60	2	19.000	Working	0	5	0	5	0	0	0	0	0	0	0	0	3	0
109004502217392	109004502	2019-07-13		0			0	0	0	0	0	11.70	2	19.000	Working	0	0	0	0	0	0	0	0	0	0	0	0	0	0
109004502217532	109004502	2019-07-27		0			0	0	0	0	0	12.03	2	19.000	Working	0	1	0	1	0	1	0	0	0	0	0	0	0	0
109004502217672	109004502	2019-08-10		1			0	1	0	0	0	12.23	2	19.000	Working	0	4	0	4	0	3	0	0	0	0	0	0	1	0
109004502217812	109004502	2019-08-24	1	1	1	0	1	0	0	0	0	13.72	2	19.000	Working	0	1	0	1	0	0	0	0	0	0	0	0	1	0
109004502217952	109004502	2019-09-07	1	2	1	0	2	0	0	0	0	14.00	2	19.000	Working	0	2	0	2	0	0	0	0	0	0	0	0	2	0
109004502218092	109004502	2019-09-21	1	1	1	0	0	1	0	0	0	11.87	2	19.000	Working	0	1	0	1	0	0	0	0	0	0	0	0	1	0
109004502218232	109004502	2019-10-05	1	1	1	0	0	1	0	0	0	11.88	2	19.000	Working	0	1	0	1	0	0	0	0	0	0	0	0	1	0
109004502218372	109004502	2019-10-19		0			0	0	0	0	0	12.32	2	19.000	Working	0	0	0	0	0	0	0	0	0	0	0	0	0	0
111007302211361	111007302	2017-11-06		4			1	3	0	0	0	13.93	1	19.000	Working	0	4	0	4	0	0	0	0	0	0	0	0	4	0
111007302211362	111007302	2017-11-06		3			3	0	0	0	0	13.93	2	19.000	Working	0	5	0	5	0	2	0	0	0	0	0	0	3	0
111007302211501	111007302	2017-11-20		2			0	2	0	0	0	13.90	1	19.000	Working	0	2	0	2	0	0	0	0	0	0	0	0	2	0
111007302211502	111007302	2017-11-20		1			0	1	0	0	0	13.90	2	19.000	Working	0	1	0	1	0	0	0	0	0	0	0	0	1	0
111007302211651	111007302	2017-12-05		0			0	0	0	0	0	12.12	1	19.000	Working	0	0	0	0	0	0	0	0	0	0	0	0	0	0
111007302211652	111007302	2017-12-05		0			0	0	0	0	0	12.12	2	19.000	Working	0	0	0	0	0	0	0	0	0	0	0	0	0	0
111007302211801	111007302	2017-12-20		0			0	0	0	0	0	12.47	1	19.000	Working	0	0	0	0	0	0	0	0	0	0	0	0	0	0
111007302211802	111007302	2017-12-20		0			0	0	0	0	0	12.47	2	19.000	Working	0	0	0	0	0	0	0	0	0	0	0	0	0	0
111007302211931	111007302	2018-01-02		0			0	0	0	0	0	13.92	1	19.000	Working	0	0	0	0	0	0	0	0	0	0	0	0	0	0
111007302211932	111007302	2018-01-02		0			0	0	0	0	0	13.92	2	19.000	Working	0	0	0	0	0	0	0	0	0	0	0	0	0	0
111007302212071	111007302	2018-01-16		0			0	0	0	0	0	12.42	1	19.000	Working	0	0	0	0	0	0	0	0	0	0	0	0	0	0
111007302212072	111007302	2018-01-16		0			0	0	0	0	0	12.42	2	19.000	Working	0	0	0	0	0	0	0	0	0	0	0	0	0	0
111007302212211	111007302	2018-01-30		0			0	0	0	0	0	12.38	1	19.000	Working	0	0	0	0	0	0	0	0	0	0	0	0	0	0
111007302212352	111007302	2018-02-13		0			0	0	0	0	0	12.43	2	19.000	Working	0	0	0	0	0	0	0	0	0	0	0	0	0	0
111007302212492	111007302	2018-02-27		0			0	0	0	0	0	12.47	2	19.000	Working	0	0	0	0	0	0	0	0	0	0	0	0	0	0
111007302212632	111007302	2018-03-13		0			0	0	0	0	0	12.37	2	19.000	Working	0	0	0	0	0	0	0	0	0	0	0	0	0	0
111007302212772	111007302	2018-03-27		0			0	0	0	0	0	13.33	2	19.000	Working	0	0	0	0	0	0	0	0	0	0	0	0	0	0
111007302212912	111007302	2018-04-10		3			0	3	0	0	0	12.42	2	19.000	Working	0	3	0	3	0	0	0	0	0	0	0	0	3	0
111007302213051	111007302	2018-04-24		0			0	0	0	0	0	12.50	1	19.000	Working	0	0	0	0	0	0	0	0	0	0	0	0	0	0
111007302213052	111007302	2018-04-24		0			0	0	0	0	0	12.50	2	19.000	Working	0	0	0	0	0	0	0	0	0	0	0	0	0	0
111007302213191	111007302	2018-05-08		4			3	1	0	2	0	13.55	1	19.000	Working	0	6	0	6	0	0	0	0	0	0	0	0	4	0
111007302213192	111007302	2018-05-08		5			1	4	0	0	0	13.55	2	19.000	Working	0	5	0	5	0	0	0	0	0	0	0	0	5	0
111007302213331	111007302	2018-05-22		0			0	0	0	0	0	13.93	1	19.000	Working	0	0	0	0	0	0	0	0	0	0	0	0	0	0
111007302213332	111007302	2018-05-22		0			0	0	0	0	0	13.93	2	19.000	Working	0	0	0	0	0	0	0	0	0	0	0	0	0	0
111007302213472	111007302	2018-06-05		6			2	4	0	0	0	14.07	2	19.000	Working	0	6	0	6	0	0	0	0	0	0	0	0	6	0
111007302213612	111007302	2018-06-19		0			0	0	0	0	0	12.27	2	19.000	Working	0	0	0	0	0	0	0	0	0	0	0	0	0	0
111007302213752	111007302	2018-07-03		0			0	0	0	0	0	11.83	2	19.000	Working	0	0	0	0	0	0	0	0	0	0	0	0	0	0
111007302213892	111007302	2018-07-17		0			0	0	0	0	0	12.50	2	19.000	Working	0	0	0	0	0	0	0	0	0	0	0	0	0	0
111007302214032	111007302	2018-07-31		0			0	0	0	0	0	12.02	2	19.000	Working	0	0	0	0	0	0	0	0	0	0	0	0	0	0
111007302214172	111007302	2018-08-14		0			0	0	0	0	0	12.42	2	19.000	Working	0	0	0	0	0	0	0	0	0	0	0	0	0	0
111007302214312	111007302	2018-08-28		1			0	1	0	0	0	13.73	2	19.000	Working	0	1	0	1	0	0	0	0	0	0	0	0	1	0
111007302214452	111007302	2018-09-11		0			0	0	0	0	0	12.07	2	19.000	Working	0	0	0	0	0	0	0	0	0	0	0	0	0	0
111007302214592	111007302	2018-09-25		0			0	0	0	0	0	11.73	2	19.000	Working	0	0	0	0	0	0	0	0	0	0	0	0	0	0
111007302214731	111007302	2018-10-09		0			0	0	0	1	0	12.03	1	19.000		0	1	0	1	0	0	0	0	0	0	0	0	0	0
111007302214732	111007302	2018-10-09										12.03	2	19.000	Working														
111007302214872	111007302	2018-10-23		0			0	0	0	0	0	11.97	2	19.000	Working	0	0	0	0	0	0	0	0	0	0	0	0	0	0
111007302215012	111007302	2018-11-06		0			0	0	0	0	0	12.05	2	19.000	Working	0	0	0	0	0	0	0	0	0	0	0	0	0	0
111007302215152	111007302	2018-11-20		0			0	0	0	0	0	11.80	2	19.000	Working	0	0	0	0	0	0	0	0	0	0	0	0	0	0
111007302215292	111007302	2018-12-04		0			0	0	0	0	0	11.90	2	19.000	Working	0	0	0	0	0	0	0	0	0	0	0	0	0	0
111007302215452	111007302	2018-12-20		0			0	0	0	0	0	11.82	2	19.000	Working	0	0	0	0	0	0	0	0	0	0	0	0	0	0
111007302215572	111007302	2019-01-01		0			0	0	0	0	0	12.52	2	19.000	Working	0	0	0	0	0	0	0	0	0	0	0	0	0	0
111007302215712	111007302	2019-01-15		0			0	0	0	0	0	12.47	2	19.000	Working	0	0	0	0	0	0	0	0	0	0	0	0	0	0
111007302215852	111007302	2019-01-29		0			0	0	0	0	0	13.63	2	19.000	Working	0	0	0	0	0	0	0	0	0	0	0	0	0	0
111007302215992	111007302	2019-02-12		0			0	0	0	0	0	13.52	2	19.000	Working	0	0	0	0	0	0	0	0	0	0	0	0	0	0
111007302216132	111007302	2019-02-26		0			0	0	0	0	0	12.55	2	19.000	Working	0	0	0	0	0	0	0	0	0	0	0	0	0	0
111007302216272	111007302	2019-03-12		0			0	0	0	0	0	11.88	2	19.000	Working	0	0	0	0	0	0	0	0	0	0	0	0	0	0
111007302216412	111007302	2019-03-26		0			0	0	0	0	0	13.83	2	19.000	Working	0	0	0	0	0	0	0	0	0	0	0	0	0	0
111007302216552	111007302	2019-04-09		0			0	0	0	0	0	12.65	2	19.000	Working	0	0	0	0	0	0	0	0	0	0	0	0	0	0
111007302216692	111007302	2019-04-23		0			0	0	0	0	0	13.57	2	19.000	Working	0	0	0	0	0	0	0	0	0	0	0	0	0	0
111007302216832	111007302	2019-05-07		0			0	0	0	0	0	12.18	2	19.000	Working	0	0	0	0	0	0	0	0	0	0	0	0	0	0
111007302216972	111007302	2019-05-21		0			0	0	0	0	0	11.72	2	19.000	Working	0	0	0	0	0	0	0	0	0	0	0	0	0	0
111007302217112	111007302	2019-06-04		0			0	0	0	0	0	12.53	2	19.000	Working	0	0	0	0	0	0	0	0	0	0	0	0	0	0
111007302217251	111007302	2019-06-18		0			0	0	0	0	0	11.97	1	19.000	Working	0	0	0	0	0	0	0	0	0	0	0	0	0	0
111007302217391	111007302	2019-07-02		0			0	0	0	0	0	12.45	1	19.000	Working	0	0	0	0	0	0	0	0	0	0	0	0	0	0
111007302217531	111007302	2019-07-16		0			0	0	0	0	0	12.07	1	19.000	Working	0	0	0	0	0	0	0	0	0	0	0	0	0	0
111007302217671	111007302	2019-07-30		0			0	0	0	0	0	12.40	1	19.000	Working	0	0	0	0	0	0	0	0	0	0	0	0	0	0
111007302217811	111007302	2019-08-13		0			0	0	0	0	0	13.58	1	19.000	Working	0	0	0	0	0	0	0	0	0	0	0	0	0	0
111007302217951	111007302	2019-08-27		0			0	0	0	0	0	14.12	1	19.000	Working	0	0	0	0	0	0	0	0	0	0	0	0	0	0
111007302218091	111007302	2019-09-10		0			0	0	0	0	0	12.17	1	19.000	Working	0	0	0	0	0	0	0	0	0	0	0	0	0	0
111007302218231	111007302	2019-09-24		0			0	0	0	0	0	12.05	1	19.000	Working	0	0	0	0	0	0	0	0	0	0	0	0	0	0
111007302218371	111007302	2019-10-08		0			0	0	0	0	0	12.12	1	19.000	Working	0	0	0	0	0	0	0	0	0	0	0	0	0	0
111007501211361	111007501	2017-11-12		0			0	0	0	0	0	0.83	1	19.000	Working	0	1	0	1	0	1	0	0	0	0	0	0	0	0
111007501211362	111007501	2017-11-12		1			0	1	0	0	0	0.83	2	19.000	Working	0	2	0	2	0	0	0	0	0	1	0	0	1	0
111007501211501	111007501	2017-11-26		0			0	0	0	0	0	13.67	1	19.000	Working	0	0	0	0	0	0	0	0	0	0	0	0	0	0
111007501211502	111007501	2017-11-26		2			0	2	0	0	0	13.67	2	19.000	Working	0	2	0	2	0	0	0	0	0	0	0	0	2	0
111007501211651	111007501	2017-12-11		0			0	0	0	0	0	11.92	1	19.000	Working	0	0	0	0	0	0	0	0	0	0	0	0	0	0
111007501211652	111007501	2017-12-11		0			0	0	0	0	0	11.92	2	19.000	Working	0	0	0	0	0	0	0	0	0	0	0	0	0	0
111007501211801	111007501	2017-12-26	2	4	2	0	2	2	0	0	0	12.43	1	19.000	Working	0	4	0	4	0	0	0	0	0	0	0	0	4	0
111007501211802	111007501	2017-12-26		1			1	0	0	0	0	12.43	2	19.000	Working	0	1	0	1	0	0	0	0	0	0	0	0	1	0
111007501211931	111007501	2018-01-08		0			0	0	0	0	0	14.03	1	19.000	Working	0	0	0	0	0	0	0	0	0	0	0	0	0	0
111007501211932	111007501	2018-01-08		0			0	0	0	0	0	14.03	2	19.000	Working	0	0	0	0	0	0	0	0	0	0	0	0	0	0
111007501212071	111007501	2018-01-22		0			0	0	0	0	0	12.33	1	19.000	Working	0	0	0	0	0	0	0	0	0	0	0	0	0	0
111007501212072	111007501	2018-01-22		0			0	0	0	0	0	12.33	2	19.000	Working	0	0	0	0	0	0	0	0	0	0	0	0	0	0
111007501212211	111007501	2018-02-05		0			0	0	0	0	0	12.28	1	19.000	Working	0	0	0	0	0	0	0	0	0	0	0	0	0	0
111007501212212	111007501	2018-02-05		0			0	0	0	0	0	12.28	2	19.000	Working	0	0	0	0	0	0	0	0	0	0	0	0	0	0
111007501212351	111007501	2018-02-19		0			0	0	0	0	0	12.47	1	19.000	Working	0	0	0	0	0	0	0	0	0	0	0	0	0	0
111007501212352	111007501	2018-02-19		0			0	0	0	0	0	12.47	2	19.000	Working	0	0	0	0	0	0	0	0	0	0	0	0	0	0
111007501212491	111007501	2018-03-05	1	0	1	0	0	0	0	0	0	12.62	1	19.000	Working	0	1	0	1	0	1	0	0	0	0	0	0	0	0
111007501212492	111007501	2018-03-05		0			0	0	0	0	0	12.62	2	19.000	Working	0	0	0	0	0	0	0	0	0	0	0	0	0	0
111007501212631	111007501	2018-03-19		0			0	0	0	0	0	12.27	1	19.000	Working	0	0	0	0	0	0	0	0	0	0	0	0	0	0
111007501212632	111007501	2018-03-19		0			0	0	0	0	0	12.27	2	19.000	Working	0	0	0	0	0	0	0	0	0	0	0	0	0	0
111007501212771	111007501	2018-04-02	2	0	2	0	0	0	0	0	0	13.42	1	19.000	Working	0	0	0	0	0	0	0	0	0	0	0	0	0	0
111007501212772	111007501	2018-04-02		1			0	1	0	1	0	13.42	2	19.000	Working	0	3	0	3	0	1	0	0	0	0	0	0	1	0
111007501212911	111007501	2018-04-16	2	12	2	0	3	9	0	0	0	14.12	1	19.000	Working	0	15	0	15	0	3	0	0	0	0	0	0	12	0
111007501212912	111007501	2018-04-16		0			0	0	0	0	0	14.12	2	19.000	Working	0	1	0	1	0	1	0	0	0	0	0	0	0	0
111007501213051	111007501	2018-04-30		6			2	4	0	0	0	12.47	1	19.000	Working	0	6	0	6	0	0	0	0	0	0	0	0	6	0
111007501213052	111007501	2018-04-30		1			1	0	0	0	0	12.47	2	19.000	Working	0	1	0	1	0	0	0	0	0	0	0	0	1	0
111007501213191	111007501	2018-05-14	1	56	1	0	34	22	0	0	0	13.78	1	19.000	Working	0	56	0	56	0	0	0	0	0	0	0	0	56	0
111007501213192	111007501	2018-05-14		3			0	3	0	0	0	13.78	2	19.000	Working	0	3	0	3	0	0	0	0	0	0	0	0	3	0
111007501213331	111007501	2018-05-28	2	32	2	0	21	11	0	0	0	13.60	1	19.000	Working	0	32	0	32	0	0	0	0	0	0	0	0	32	0
111007501213332	111007501	2018-05-28		5			4	1	0	0	0	13.60	2	19.000	Working	0	7	0	7	0	0	0	0	0	2	0	0	5	0
111007501213471	111007501	2018-06-11	1	20	1	0	14	6	0	0	0	13.85	1	19.000	Working	0	20	0	20	0	0	0	0	0	0	0	0	20	0
111007501213472	111007501	2018-06-11		4			2	2	0	2	0	13.85	2	19.000	Working	0	6	0	6	0	0	0	0	0	0	0	0	4	0
111007501213611	111007501	2018-06-25		1			0	1	0	0	0	12.20	1	19.000	Working	0	1	0	1	0	0	0	0	0	0	0	0	1	0
111007501213612	111007501	2018-06-25		1			0	1	1	0	0	12.20	2	19.000	Working	0	2	1	1	0	1	0	0	0	0	0	0	0	0
111007501213751	111007501	2018-07-09	2	2	2	0	0	2	0	0	0	13.43	1	19.000	Working	0	4	0	3	0	1	0	1	0	0	0	0	2	1
111007501213752	111007501	2018-07-09		1			1	0	0	0	0	13.43	2	19.000	Working	0	1	0	1	0	0	0	0	0	0	0	0	1	0
111007501213891	111007501	2018-07-23		1			0	1	0	0	0	12.07	1	19.000	Working	0	1	0	1	0	0	0	0	0	0	0	0	1	0
111007501213892	111007501	2018-07-23		0			0	0	0	0	0	12.07	2	19.000	Working	0	0	0	0	0	0	0	0	0	0	0	0	0	0
111007501214031	111007501	2018-08-06		1			1	0	0	0	0	12.12	1	19.000	Working	0	1	0	1	0	0	0	0	0	0	0	0	1	0
111007501214032	111007501	2018-08-06		0			0	0	0	0	0	12.12	2	19.000	Working	0	0	0	0	0	0	0	0	0	0	0	0	0	0
111007501214171	111007501	2018-08-20		0			0	0	0	0	0	12.60	1	19.000	Working	0	3	0	2	0	2	0	1	0	0	0	0	0	1
111007501214172	111007501	2018-08-20		0			0	0	0	0	0	12.60	2	19.000	Working	0	0	0	0	0	0	0	0	0	0	0	0	0	0
111007501214311	111007501	2018-09-03		0			0	0	0	0	0	13.55	1	19.000	Working	0	0	0	0	0	0	0	0	0	0	0	0	0	0
111007501214312	111007501	2018-09-03		1			1	0	0	1	0	13.55	2	19.000	Working	0	2	0	2	0	0	0	0	0	0	0	0	1	0
111007501214451	111007501	2018-09-17		0			0	0	0	1	0	12.02	1	19.000	Working	0	1	0	1	0	0	0	0	0	0	0	0	0	0
111007501214452	111007501	2018-09-17		0			0	0	0	0	0	12.02	2	19.000	Working	0	0	0	0	0	0	0	0	0	0	0	0	0	0
111007501214591	111007501	2018-10-01		0			0	0	0	0	0	11.83	1	19.000	Working	0	0	0	0	0	0	0	0	0	0	0	0	0	0
111007501214592	111007501	2018-10-01		0			0	0	0	0	0	11.83	2	19.000	Working	0	0	0	0	0	0	0	0	0	0	0	0	0	0
111007501214731	111007501	2018-10-15		1			1	0	0	0	0	12.08	1	19.000	Working	0	1	0	1	0	0	0	0	0	0	0	0	1	0
111007501214732	111007501	2018-10-15		0			0	0	0	0	0	12.08	2	19.000	Working	0	0	0	0	0	0	0	0	0	0	0	0	0	0
111007501214871	111007501	2018-10-29		1			1	0	0	0	0	11.92	1	19.000	Working	0	1	0	1	0	0	0	0	0	0	0	0	1	0
111007501214872	111007501	2018-10-29		0			0	0	0	0	0	11.92	2	19.000	Working	0	0	0	0	0	0	0	0	0	0	0	0	0	0
111007501215011	111007501	2018-11-12		5			2	3	0	0	0	12.08	1	19.000	Working	0	5	0	5	0	0	0	0	0	0	0	0	5	0
111007501215012	111007501	2018-11-12		2			0	2	0	0	0	12.08	2	19.000	Working	0	5	0	5	0	3	0	0	0	0	0	0	2	0
111007501215151	111007501	2018-11-26		0			0	0	0	0	0	12.20	1	19.000	Working	0	0	0	0	0	0	0	0	0	0	0	0	0	0
111007501215152	111007501	2018-11-26		0			0	0	0	0	0	12.20	2	19.000	Working	0	0	0	0	0	0	0	0	0	0	0	0	0	0
111007501215291	111007501	2018-12-10		0			0	0	0	0	0	11.97	1	19.000	Working	0	0	0	0	0	0	0	0	0	0	0	0	0	0
111007501215292	111007501	2018-12-10		0			0	0	0	0	0	11.97	2	19.000	Working	0	0	0	0	0	0	0	0	0	0	0	0	0	0
111007501215451	111007501	2018-12-26		0			0	0	0	0	0	11.87	1	19.000	Working	0	0	0	0	0	0	0	0	0	0	0	0	0	0
111007501215452	111007501	2018-12-26		0			0	0	0	0	0	11.87	2	19.000	Working	0	0	0	0	0	0	0	0	0	0	0	0	0	0
111007501215571	111007501	2019-01-07		0			0	0	0	0	0	12.42	1	19.000	Working	0	0	0	0	0	0	0	0	0	0	0	0	0	0
111007501215572	111007501	2019-01-07		0			0	0	0	0	0	12.42	2	19.000	Working	0	0	0	0	0	0	0	0	0	0	0	0	0	0
111007501215711	111007501	2019-01-21		0			0	0	0	0	0	12.62	1	19.000	Working	0	0	0	0	0	0	0	0	0	0	0	0	0	0
111007501215713	111007501	2019-01-21		0			0	0	0	0	0	12.62	3	19.000	Working	0	0	0	0	0	0	0	0	0	0	0	0	0	0
111007501215851	111007501	2019-02-04	1	0	1	0	0	0	0	0	0	13.70	1	19.000	Working	0	0	0	0	0	0	0	0	0	0	0	0	0	0
111007501215853	111007501	2019-02-04		1			0	1	0	0	0	13.70	3	19.000	Working	0	1	0	1	0	0	0	0	0	0	0	0	1	0
111007501215991	111007501	2019-02-18		0			0	0	0	0	0	13.55	1	19.000	Working	0	0	0	0	0	0	0	0	0	0	0	0	0	0
111007501215993	111007501	2019-02-18		0			0	0	0	0	0	13.55	3	19.000	Working	0	0	0	0	0	0	0	0	0	0	0	0	0	0
111007501216111	111007501	2019-03-02		0			0	0	0	0	0	13.40	1	19.000	Working	0	0	0	0	0	0	0	0	0	0	0	0	0	0
111007501216113	111007501	2019-03-02		0			0	0	0	0	0	13.40	3	19.000	Working	0	0	0	0	0	0	0	0	0	0	0	0	0	0
111007501216271	111007501	2019-03-18		0			0	0	0	0	0	11.93	1	19.000	Working	0	0	0	0	0	0	0	0	0	0	0	0	0	0
111007501216273	111007501	2019-03-18		0			0	0	0	0	0	11.93	3	19.000	Working	0	0	0	0	0	0	0	0	0	0	0	0	0	0
111007501216411	111007501	2019-04-01		0			0	0	0	0	0	13.73	1	19.000	Working	0	0	0	0	0	0	0	0	0	0	0	0	0	0
111007501216413	111007501	2019-04-01		0			0	0	0	0	0	13.73	3	19.000	Working	0	0	0	0	0	0	0	0	0	0	0	0	0	0
111007501216551	111007501	2019-04-15		0			0	0	0	0	0	12.53	1	19.000	Working	0	0	0	0	0	0	0	0	0	0	0	0	0	0
111007501216553	111007501	2019-04-15		0			0	0	0	0	0	12.53	3	19.000	Working	0	0	0	0	0	0	0	0	0	0	0	0	0	0
111007501216691	111007501	2019-04-29		0			0	0	0	0	0	13.67	1	19.000	Working	0	0	0	0	0	0	0	0	0	0	0	0	0	0
111007501216693	111007501	2019-04-29		0			0	0	0	0	0	13.67	3	19.000	Working	0	0	0	0	0	0	0	0	0	0	0	0	0	0
111007501216831	111007501	2019-05-13		0			0	0	0	0	0	12.58	1	19.000	Working	0	0	0	0	0	0	0	0	0	0	0	0	0	0
111007501216833	111007501	2019-05-13		0			0	0	0	0	0	12.58	3	19.000	Working	0	0	0	0	0	0	0	0	0	0	0	0	0	0
111007501216971	111007501	2019-05-27	1	1	1	0	1	0	0	0	0	11.77	1	19.000	Working	0	1	0	1	0	0	0	0	0	0	0	0	1	0
111007501216973	111007501	2019-05-27		2			1	1	0	0	0	11.77	3	19.000	Working	0	2	0	2	0	0	0	0	0	0	0	0	2	0
111007501217111	111007501	2019-06-10		4			2	2	0	3	0	12.43	1	19.000	Working	0	10	0	10	0	1	0	0	0	2	0	0	4	0
111007501217113	111007501	2019-06-10		1			0	1	0	0	0	12.43	3	19.000	Working	0	1	0	1	0	0	0	0	0	0	0	0	1	0
111007501217251	111007501	2019-06-24		0			0	0	0	0	0	11.92	1	19.000	Working	0	0	0	0	0	0	0	0	0	0	0	0	0	0
111007501217252	111007501	2019-06-24		7			4	3	0	2	0	11.92	2	19.000		0	11	0	11	0	0	0	0	0	2	0	0	7	0
111007501217253	111007501	2019-06-24										11.92	3	19.000	Working														
111007501217391	111007501	2019-07-08	1	1	1	0	1	0	0	0	0	12.53	1	19.000	Working	0	1	0	1	0	0	0	0	0	0	0	0	1	0
111007501217393	111007501	2019-07-08		5			3	2	0	0	0	12.53	3	19.000	Working	0	6	0	6	0	1	0	0	0	0	0	0	5	0
111007501217531	111007501	2019-07-22		0			0	0	0	0	0	12.10	1	19.000	Working	0	0	0	0	0	0	0	0	0	0	0	0	0	0
111007501217532	111007501	2019-07-22		0			0	0	0	0	0	12.10	2	19.000	Working	0	0	0	0	0	0	0	0	0	0	0	0	0	0
111007501217671	111007501	2019-08-05	1	2	1	0	1	1	0	0	0	12.58	1	19.000	Working	0	2	0	2	0	0	0	0	0	0	0	0	2	0
111007501217673	111007501	2019-08-05		2			2	0	0	0	0	12.58	3	19.000	Working	0	3	0	3	0	1	0	0	0	0	0	0	2	0
111007501217811	111007501	2019-08-19		1			1	0	0	0	0	11.80	1	19.000	Working	3	1	0	1	0	0	0	0	0	0	0	0	1	0
111007501217813	111007501	2019-08-19		0			0	0	0	0	0	11.80	3	19.000	Working	2	0	0	0	0	0	0	0	0	0	0	0	0	0
111007501217951	111007501	2019-09-02		0			0	0	0	0	0	13.63	1	19.000	Working	0	0	0	0	0	0	0	0	0	0	0	0	0	0
111007501217953	111007501	2019-09-02		1			1	0	0	0	0	13.63	3	19.000	Working	0	1	0	1	0	0	0	0	0	0	0	0	1	0
111007501218091	111007501	2019-09-16	1	3	1	0	2	1	0	0	0	12.30	1	19.000	Working	0	3	0	3	0	0	0	0	0	0	0	0	3	0
111007501218093	111007501	2019-09-16		0			0	0	0	0	0	12.30	3	19.000	Working	0	0	0	0	0	0	0	0	0	0	0	0	0	0
111007501218231	111007501	2019-09-30		0			0	0	0	0	0	12.22	1	19.000	Working	0	0	0	0	0	0	0	0	0	0	0	0	0	0
111007501218233	111007501	2019-09-30		0			0	0	0	0	0	12.22	3	19.000	Working	0	0	0	0	0	0	0	0	0	0	0	0	0	0
111007501218371	111007501	2019-10-14		3			2	1	0	0	0	12.03	1	19.000	Working	0	3	0	3	0	0	0	0	0	0	0	0	3	0
111007501218373	111007501	2019-10-14		0			0	0	0	0	0	12.03	3	19.000	Working	0	1	0	1	0	0	0	0	0	1	0	0	0	0
112000801211251	112000801	2017-11-05		0			0	0	0	0	0	12.00	1	19.000	Working	0	0	0	0	0	0	0	0	0	0	0	0	0	0
112000801211252	112000801	2017-11-05		0			0	0	0	0	0	12.00	2	19.000	Working	0	0	0	0	0	0	0	0	0	0	0	0	0	0
112000801211401	112000801	2017-11-20		0			0	0	0	0	0	14.05	1	19.000	Working	0	0	0	0	0	0	0	0	0	0	0	0	0	0
112000801211402	112000801	2017-11-20		0			0	0	0	0	0	14.05	2	19.000	Working	0	0	0	0	0	0	0	0	0	0	0	0	0	0
112000801211571	112000801	2017-12-07		0			0	0	0	0	0	11.95	1	19.000	Working	0	0	0	0	0	0	0	0	0	0	0	0	0	0
112000801211572	112000801	2017-12-07		0			0	0	0	0	0	11.95	2	19.000	Working	0	0	0	0	0	0	0	0	0	0	0	0	0	0
112000801211711	112000801	2017-12-21		0			0	0	0	0	0	13.62	1	19.000	Working	0	0	0	0	0	0	0	0	0	0	0	0	0	0
112000801211712	112000801	2017-12-21		0			0	0	0	0	0	13.62	2	19.000	Working	0	0	0	0	0	0	0	0	0	0	0	0	0	0
112000801211861	112000801	2018-01-05		0			0	0	0	0	0	12.38	1	19.000	Working	0	0	0	0	0	0	0	0	0	0	0	0	0	0
112000801211862	112000801	2018-01-05		0			0	0	0	0	0	12.38	2	19.000	Working	0	0	0	0	0	0	0	0	0	0	0	0	0	0
112000801212001	112000801	2018-01-19		0			0	0	0	0	0	12.15	1	19.000	Working	0	0	0	0	0	0	0	0	0	0	0	0	0	0
112000801212002	112000801	2018-01-19		0			0	0	0	0	0	12.15	2	19.000	Working	0	0	0	0	0	0	0	0	0	0	0	0	0	0
112000801212131	112000801	2018-02-01		0			0	0	0	0	0	13.63	1	19.000	Working	0	0	0	0	0	0	0	0	0	0	0	0	0	0
112000801212132	112000801	2018-02-01		0			0	0	0	0	0	13.63	2	19.000	Working	0	0	0	0	0	0	0	0	0	0	0	0	0	0
112000801212271	112000801	2018-02-15		0			0	0	0	0	0	13.47	1	19.000	Working	0	0	0	0	0	0	0	0	0	0	0	0	0	0
112000801212272	112000801	2018-02-15		0			0	0	0	0	0	13.47	2	19.000	Working	0	0	0	0	0	0	0	0	0	0	0	0	0	0
112000801212411	112000801	2018-03-01		0			0	0	0	0	0	13.48	1	19.000	Working	0	0	0	0	0	0	0	0	0	0	0	0	0	0
112000801212412	112000801	2018-03-01		0			0	0	0	0	0	13.48	2	19.000	Working	0	0	0	0	0	0	0	0	0	0	0	0	0	0
112000801212551	112000801	2018-03-15		0			0	0	0	0	0	13.38	1	19.000	Working	0	0	0	0	0	0	0	0	0	0	0	0	0	0
112000801212552	112000801	2018-03-15		0			0	0	0	0	0	13.38	2	19.000	Working	0	0	0	0	0	0	0	0	0	0	0	0	0	0
112000801212691	112000801	2018-03-29		0			0	0	0	0	0	13.45	1	19.000	Working	0	0	0	0	0	0	0	0	0	0	0	0	0	0
112000801212692	112000801	2018-03-29		0			0	0	0	0	0	13.45	2	19.000	Working	0	0	0	0	0	0	0	0	0	0	0	0	0	0
112000801212831	112000801	2018-04-12		0			0	0	0	0	0	12.00	1	19.000	Working	0	0	0	0	0	0	0	0	0	0	0	0	0	0
112000801212832	112000801	2018-04-12		0			0	0	0	0	0	12.00	2	19.000	Working	0	0	0	0	0	0	0	0	0	0	0	0	0	0
112000801212971	112000801	2018-04-26		1			1	0	0	0	0	12.53	1	19.000	Working	0	1	0	1	0	0	0	0	0	0	0	0	1	0
112000801212972	112000801	2018-04-26		1			0	1	0	0	0	12.53	2	19.000	Working	0	1	0	1	0	0	0	0	0	0	0	0	1	0
112000801213111	112000801	2018-05-10		15			9	6	0	0	0	12.63	1	19.000	Working	0	15	0	15	0	0	0	0	0	0	0	0	15	0
112000801213112	112000801	2018-05-10		7			2	5	0	0	0	12.63	2	19.000	Working	0	7	0	7	0	0	0	0	0	0	0	0	7	0
112000801213251	112000801	2018-05-24		9			4	5	0	0	0	13.90	1	19.000	Working	0	9	0	9	0	0	0	0	0	0	0	0	9	0
112000801213252	112000801	2018-05-24		10			2	8	0	0	0	13.90	2	19.000	Working	0	10	0	10	0	0	0	0	0	0	0	0	10	0
112000801213391	112000801	2018-06-07		2			0	2	0	0	0	12.03	1	19.000	Working	0	2	0	2	0	0	0	0	0	0	0	0	2	0
112000801213392	112000801	2018-06-07		0			0	0	0	1	0	12.03	2	19.000	Working	0	1	0	1	0	0	0	0	0	0	0	0	0	0
112000801213531	112000801	2018-06-21		0			0	0	0	0	0	11.95	1	19.000	Working	0	0	0	0	0	0	0	0	0	0	0	0	0	0
112000801213532	112000801	2018-06-21		0			0	0	0	0	0	11.95	2	19.000	Working	0	0	0	0	0	0	0	0	0	0	0	0	0	0
112000801213671	112000801	2018-07-05	1	2	1	0	0	2	0	0	0	12.62	1	19.000	Working	0	2	0	2	0	0	0	0	0	0	0	0	2	0
112000801213672	112000801	2018-07-05		1			1	0	0	0	0	12.62	2	19.000	Working	0	1	0	1	0	0	0	0	0	0	0	0	1	0
112000801213811	112000801	2018-07-19		0			0	0	0	0	0	12.62	1	19.000	Working	0	0	0	0	0	0	0	0	0	0	0	0	0	0
112000801213812	112000801	2018-07-19		1			0	1	0	0	0	12.62	2	19.000	Working	0	1	0	1	0	0	0	0	0	0	0	0	1	0
112000801213951	112000801	2018-08-02		0			0	0	0	0	0	13.42	1	19.000	Working	0	0	0	0	0	0	0	0	0	0	0	0	0	0
112000801213952	112000801	2018-08-02		0			0	0	0	0	0	13.42	2	19.000	Working	0	0	0	0	0	0	0	0	0	0	0	0	0	0
112000801214091	112000801	2018-08-16		0			0	0	0	0	0	12.42	1	19.000	Working	0	0	0	0	0	0	0	0	0	0	0	0	0	0
112000801214092	112000801	2018-08-16		0			0	0	0	0	0	12.42	2	19.000	Working	0	0	0	0	0	0	0	0	0	0	0	0	0	0
112000801214231	112000801	2018-08-30		0			0	0	0	0	0	12.58	1	19.000	Working	0	0	0	0	0	0	0	0	0	0	0	0	0	0
112000801214232	112000801	2018-08-30		1			0	1	0	0	0	12.58	2	19.000	Working	0	1	0	1	0	0	0	0	0	0	0	0	1	0
112000801214371	112000801	2018-09-13		0			0	0	0	0	0	12.08	1	19.000	Working	0	0	0	0	0	0	0	0	0	0	0	0	0	0
112000801214372	112000801	2018-09-13		0			0	0	0	0	0	12.08	2	19.000	Working	0	0	0	0	0	0	0	0	0	0	0	0	0	0
112000801214531	112000801	2018-09-29		0			0	0	0	0	0	11.98	1	19.000	Working	0	0	0	0	0	0	0	0	0	0	0	0	0	0
112000801214532	112000801	2018-09-29		0			0	0	0	0	0	11.98	2	19.000	Working	0	0	0	0	0	0	0	0	0	0	0	0	0	0
112000801214651	112000801	2018-10-11		0			0	0	0	0	0	12.18	1	19.000	Working	0	0	0	0	0	0	0	0	0	0	0	0	0	0
112000801214652	112000801	2018-10-11		0			0	0	0	0	0	12.18	2	19.000	Working	0	0	0	0	0	0	0	0	0	0	0	0	0	0
112000801214791	112000801	2018-10-25		0			0	0	0	0	0	12.57	1	19.000	Working	0	0	0	0	0	0	0	0	0	0	0	0	0	0
112000801214792	112000801	2018-10-25		0			0	0	0	0	0	12.57	2	19.000	Working	0	0	0	0	0	0	0	0	0	0	0	0	0	0
112000801214931	112000801	2018-11-08		0			0	0	0	0	0	12.23	1	19.000	Working	0	0	0	0	0	0	0	0	0	0	0	0	0	0
112000801214932	112000801	2018-11-08		0			0	0	0	0	0	12.23	2	19.000	Working	0	0	0	0	0	0	0	0	0	0	0	0	0	0
112000801215071	112000801	2018-11-22		0			0	0	0	0	0	13.85	1	19.000	Working	0	0	0	0	0	0	0	0	0	0	0	0	0	0
112000801215072	112000801	2018-11-22		0			0	0	0	0	0	13.85	2	19.000	Working	0	0	0	0	0	0	0	0	0	0	0	0	0	0
112000801215211	112000801	2018-12-06		0			0	0	0	0	0	13.45	1	19.000	Working	0	0	0	0	0	0	0	0	0	0	0	0	0	0
112000801215212	112000801	2018-12-06		0			0	0	0	0	0	13.45	2	19.000	Working	0	0	0	0	0	0	0	0	0	0	0	0	0	0
112000801215351	112000801	2018-12-20		0			0	0	0	0	0	12.60	1	19.000	Working	0	0	0	0	0	0	0	0	0	0	0	0	0	0
112000801215352	112000801	2018-12-20		0			0	0	0	0	0	12.60	2	19.000	Working	0	0	0	0	0	0	0	0	0	0	0	0	0	0
112000801215491	112000801	2019-01-03		0			0	0	0	0	0	13.60	1	19.000	Working	0	0	0	0	0	0	0	0	0	0	0	0	0	0
112000801215492	112000801	2019-01-03		0			0	0	0	0	0	13.60	2	19.000	Working	0	0	0	0	0	0	0	0	0	0	0	0	0	0
112000801215631	112000801	2019-01-17		0			0	0	0	0	0	12.60	1	19.000	Working	0	0	0	0	0	0	0	0	0	0	0	0	0	0
112000801215632	112000801	2019-01-17		0			0	0	0	0	0	12.60	2	19.000	Working	0	0	0	0	0	0	0	0	0	0	0	0	0	0
112000801215771	112000801	2019-01-31		0			0	0	0	0	0	12.50	1	19.000	Working	0	0	0	0	0	0	0	0	0	0	0	0	0	0
112000801215772	112000801	2019-01-31		0			0	0	0	0	0	12.50	2	19.000	Working	0	0	0	0	0	0	0	0	0	0	0	0	0	0
112000801215911	112000801	2019-02-14		0			0	0	0	0	0	13.62	1	19.000	Working	0	0	0	0	0	0	0	0	0	0	0	0	0	0
112000801215912	112000801	2019-02-14		0			0	0	0	0	0	13.62	2	19.000	Working	0	0	0	0	0	0	0	0	0	0	0	0	0	0
112000801216051	112000801	2019-02-28		0			0	0	0	0	0	13.55	1	19.000	Working	0	0	0	0	0	0	0	0	0	0	0	0	0	0
112000801216052	112000801	2019-02-28		0			0	0	0	0	0	13.55	2	19.000	Working	0	0	0	0	0	0	0	0	0	0	0	0	0	0
112000801216191	112000801	2019-03-14		0			0	0	0	0	0	12.57	1	19.000	Working	0	0	0	0	0	0	0	0	0	0	0	0	0	0
112000801216192	112000801	2019-03-14		0			0	0	0	0	0	12.57	2	19.000	Working	0	0	0	0	0	0	0	0	0	0	0	0	0	0
112000801216331	112000801	2019-03-28		0			0	0	0	0	0	12.52	1	19.000	Working	0	0	0	0	0	0	0	0	0	0	0	0	0	0
112000801216332	112000801	2019-03-28		0			0	0	0	0	0	12.52	2	19.000	Working	0	0	0	0	0	0	0	0	0	0	0	0	0	0
112000801216471	112000801	2019-04-11		0			0	0	0	0	0	13.57	1	19.000	Working	0	0	0	0	0	0	0	0	0	0	0	0	0	0
112000801216472	112000801	2019-04-11		0			0	0	0	0	0	13.57	2	19.000	Working	0	0	0	0	0	0	0	0	0	0	0	0	0	0
112000801216611	112000801	2019-04-25		0			0	0	0	0	0	12.20	1	19.000	Working	0	0	0	0	0	0	0	0	0	0	0	0	0	0
112000801216612	112000801	2019-04-25		0			0	0	0	0	0	12.20	2	19.000	Working	0	0	0	0	0	0	0	0	0	0	0	0	0	0
112000801216751	112000801	2019-05-09		0			0	0	0	0	0	12.43	1	19.000	Working	0	0	0	0	0	0	0	0	0	0	0	0	0	0
112000801216752	112000801	2019-05-09		0			0	0	0	0	0	12.43	2	19.000	Working	0	0	0	0	0	0	0	0	0	0	0	0	0	0
112000801216891	112000801	2019-05-23	1	0	1	0	0	0	0	0	0	12.53	1	19.000	Working	0	0	0	0	0	0	0	0	0	0	0	0	0	0
112000801216892	112000801	2019-05-23		0			0	0	0	0	0	12.53	2	19.000	Working	0	1	0	1	0	0	0	0	0	1	0	0	0	0
112000801217031	112000801	2019-06-06		3			0	3	0	1	0	13.57	1	19.000	Working	0	5	0	4	0	0	1	1	0	0	0	0	3	0
112000801217032	112000801	2019-06-06		0			0	0	0	0	0	13.57	2	19.000	Working	0	0	0	0	0	0	0	0	0	0	0	0	0	0
112000801217171	112000801	2019-06-20		1			1	0	0	0	0	12.52	1	19.000	Working	0	5	0	5	0	4	0	0	0	0	0	0	1	0
112000801217172	112000801	2019-06-20		1			1	0	0	0	0	12.52	2	19.000	Working	0	2	0	2	0	1	0	0	0	0	0	0	1	0
112000801217311	112000801	2019-07-04		0			0	0	0	0	0	12.65	1	19.000	Working	0	0	0	0	0	0	0	0	0	0	0	0	0	0
112000801217312	112000801	2019-07-04		0			0	0	0	0	0	12.65	2	19.000	Working	0	0	0	0	0	0	0	0	0	0	0	0	0	0
112000801217451	112000801	2019-07-18		1			0	1	0	0	0	12.37	1	19.000	Working	0	2	0	2	0	1	0	0	0	0	0	0	1	0
112000801217452	112000801	2019-07-18		0			0	0	0	0	0	12.37	2	19.000	Working	0	0	0	0	0	0	0	0	0	0	0	0	0	0
112000801217591	112000801	2019-08-01		0			0	0	0	0	0	12.57	1	19.000	Working	0	0	0	0	0	0	0	0	0	0	0	0	0	0
112000801217592	112000801	2019-08-01		0			0	0	0	0	0	12.57	2	19.000	Working	0	0	0	0	0	0	0	0	0	0	0	0	0	0
112000801217731	112000801	2019-08-15		1			0	1	0	0	0	12.62	1	19.000	Working	0	1	0	1	0	0	0	0	0	0	0	0	1	0
112000801217732	112000801	2019-08-15		0			0	0	0	0	0	12.62	2	19.000	Working	0	0	0	0	0	0	0	0	0	0	0	0	0	0
112000801217871	112000801	2019-08-29		0			0	0	0	0	0	13.40	1	19.000	Working	0	0	0	0	0	0	0	0	0	0	0	0	0	0
112000801217872	112000801	2019-08-29		0			0	0	0	0	0	13.40	2	19.000	Working	0	0	0	0	0	0	0	0	0	0	0	0	0	0
112000801218011	112000801	2019-09-12		0			0	0	0	0	0	12.55	1	19.000	Working	0	0	0	0	0	0	0	0	0	0	0	0	0	0
112000801218012	112000801	2019-09-12		0			0	0	0	0	0	12.55	2	19.000	Working	0	0	0	0	0	0	0	0	0	0	0	0	0	0
112000801218151	112000801	2019-09-26		0			0	0	0	0	0	12.43	1	19.000	Working	0	0	0	0	0	0	0	0	0	0	0	0	0	0
112000801218152	112000801	2019-09-26		0			0	0	0	0	0	12.43	2	19.000	Working	0	0	0	0	0	0	0	0	0	0	0	0	0	0
112000801218291	112000801	2019-10-10		0			0	0	0	0	0	12.23	1	19.000	Working	0	0	0	0	0	0	0	0	0	0	0	0	0	0
112000801218292	112000801	2019-10-10		0			0	0	0	0	0	12.23	2	19.000	Working	0	0	0	0	0	0	0	0	0	0	0	0	0	0
112003901211251	112003901	2017-11-01	1	1	1	0	1	0	0	1	0	12.33	1	19.000	Working	0	2	0	2	0	0	0	0	0	0	0	0	1	0
112003901211401	112003901	2017-11-16		0			0	0	0	0	0	13.78	1	19.000	Working	0	0	0	0	0	0	0	0	0	0	0	0	0	0
112003901211571	112003901	2017-12-03		0			0	0	0	0	0	12.58	1	19.000	Working	0	0	0	0	0	0	0	0	0	0	0	0	0	0
112003901211711	112003901	2017-12-17		0			0	0	0	0	0	13.40	1	19.000	Working	0	0	0	0	0	0	0	0	0	0	0	0	0	0
112003901211861	112003901	2018-01-01	1	0	1	0	0	0	0	1	0	12.57	1	19.000	Working	0	1	0	1	0	0	0	0	0	0	0	0	0	0
112003901212001	112003901	2018-01-15		0			0	0	0	0	0	11.67	1	19.000	Working	0	0	0	0	0	0	0	0	0	0	0	0	0	0
112003901212131	112003901	2018-01-28		0			0	0	0	0	0	13.75	1	19.000	Working	0	0	0	0	0	0	0	0	0	0	0	0	0	0
112003901212271	112003901	2018-02-11		0			0	0	0	0	0	13.58	1	19.000	Working	0	0	0	0	0	0	0	0	0	0	0	0	0	0
112003901212411	112003901	2018-02-25		0			0	0	0	0	0	12.37	1	19.000	Working	0	0	0	0	0	0	0	0	0	0	0	0	0	0
112003901212551	112003901	2018-03-11		0			0	0	0	0	0	13.50	1	19.000	Working	0	0	0	0	0	0	0	0	0	0	0	0	0	0
112003901212691	112003901	2018-03-25		0			0	0	0	0	0	13.55	1	19.000	Working	0	0	0	0	0	0	0	0	0	0	0	0	0	0
112003901212831	112003901	2018-04-08		0			0	0	0	0	0	12.13	1	19.000	Working	0	0	0	0	0	0	0	0	0	0	0	0	0	0
112003901212971	112003901	2018-04-22		2			1	1	0	0	0	13.33	1	19.000	Working	0	3	0	3	0	0	0	0	0	1	0	0	2	0
112003901213111	112003901	2018-05-06		9			2	7	0	5	0	13.43	1	19.000	Working	0	17	0	17	0	3	0	0	0	0	0	0	9	0
112003901213251	112003901	2018-05-20		2			2	0	0	0	0	14.03	1	19.000	Working	0	2	0	2	0	0	0	0	0	0	0	0	2	0
112003901213391	112003901	2018-06-03		3			2	1	0	0	0	12.38	1	19.000	Working	0	3	0	3	0	0	0	0	0	0	0	0	3	0
112003901213531	112003901	2018-06-17		5			1	4	0	0	0	12.65	1	19.000	Working	0	6	0	6	0	1	0	0	0	0	0	0	5	0
112003901213671	112003901	2018-07-01	1	2	1	0	0	2	0	0	0	13.42	1	19.000	Working	0	2	0	2	0	0	0	0	0	0	0	0	2	0
112003901213811	112003901	2018-07-15	1	2	1	0	0	2	0	1	0	13.52	1	19.000	Working	0	3	0	3	0	0	0	0	0	0	0	0	2	0
112003901213951	112003901	2018-07-29		0			0	0	0	0	0	13.55	1	19.000	Working	0	0	0	0	0	0	0	0	0	0	0	0	0	0
112003901214091	112003901	2018-08-12	1	0	1	0	0	0	0	2	0	12.50	1	19.000	Working	0	4	0	3	0	0	1	1	0	1	0	0	0	0
112003901214231	112003901	2018-08-26		0			0	0	0	0	0	13.42	1	19.000	Working	0	0	0	0	0	0	0	0	0	0	0	0	0	0
112003901214371	112003901	2018-09-09		0			0	0	0	0	0	12.18	1	19.000	Working	0	0	0	0	0	0	0	0	0	0	0	0	0	0
112003901214531	112003901	2018-09-25		0			0	0	0	0	0	12.28	1	19.000	Working	0	0	0	0	0	0	0	0	0	0	0	0	0	0
112003901214651	112003901	2018-10-07		2			2	0	0	0	0	13.68	1	19.000	Working	0	2	0	2	0	0	0	0	0	0	0	0	2	0
112003901214791	112003901	2018-10-21		0			0	0	0	0	0	12.65	1	19.000	Working	0	0	0	0	0	0	0	0	0	0	0	0	0	0
112003901214931	112003901	2018-11-04		0			0	0	0	0	0	13.73	1	19.000	Working	0	0	0	0	0	0	0	0	0	0	0	0	0	0
112003901215071	112003901	2018-11-18		0			0	0	0	0	0	13.95	1	19.000	Working	0	0	0	0	0	0	0	0	0	0	0	0	0	0
112003901215211	112003901	2018-12-02		0			0	0	0	0	0	13.63	1	19.000	Working	0	0	0	0	0	0	0	0	0	0	0	0	0	0
112003901215351	112003901	2018-12-16		0			0	0	0	0	0	13.52	1	19.000	Working	0	0	0	0	0	0	0	0	0	0	0	0	0	0
112003901215491	112003901	2018-12-30		0			0	0	0	0	0	13.73	1	19.000	Working	0	0	0	0	0	0	0	0	0	0	0	0	0	0
112003901215631	112003901	2019-01-13		0			0	0	0	0	0	13.37	1	19.000	Working	0	0	0	0	0	0	0	0	0	0	0	0	0	0
112003901215771	112003901	2019-01-27		0			0	0	0	0	0	12.63	1	19.000	Working	0	0	0	0	0	0	0	0	0	0	0	0	0	0
112003901215911	112003901	2019-02-10		0			0	0	0	0	0	13.70	1	19.000	Working	0	0	0	0	0	0	0	0	0	0	0	0	0	0
112003901216051	112003901	2019-02-24		0			0	0	0	0	0	13.68	1	19.000	Working	0	0	0	0	0	0	0	0	0	0	0	0	0	0
112003901216191	112003901	2019-03-10		0			0	0	0	0	0	13.53	1	19.000	Working	0	0	0	0	0	0	0	0	0	0	0	0	0	0
112003901216331	112003901	2019-03-24		0			0	0	0	0	0	12.65	1	19.000	Working	0	0	0	0	0	0	0	0	0	0	0	0	0	0
112003901216471	112003901	2019-04-07		0			0	0	0	0	0	13.70	1	19.000	Working	0	0	0	0	0	0	0	0	0	0	0	0	0	0
112003901216611	112003901	2019-04-21		0			0	0	0	0	0	12.33	1	19.000	Working	0	0	0	0	0	0	0	0	0	0	0	0	0	0
112003901216751	112003901	2019-05-05		0			0	0	0	0	0	12.62	1	19.000	Working	0	0	0	0	0	0	0	0	0	0	0	0	0	0
112003901216891	112003901	2019-05-19		2			0	2	0	0	0	13.52	1	19.000	Working	0	3	0	3	0	1	0	0	0	0	0	0	2	0
112003901217031	112003901	2019-06-02		4			1	3	0	0	0	13.72	1	19.000	Working	0	7	0	7	0	3	0	0	0	0	0	0	4	0
112003901217171	112003901	2019-06-16		0			0	0	0	0	0	12.65	1	19.000	Working	0	0	0	0	0	0	0	0	0	0	0	0	0	0
112003901217311	112003901	2019-06-30		4			3	1	0	0	0	13.48	1	19.000	Working	0	5	0	5	0	1	0	0	0	0	0	0	4	0
112003901217451	112003901	2019-07-14		3			1	2	0	0	0	12.52	1	19.000	Working	0	3	0	3	0	0	0	0	0	0	0	0	3	0
112003901217591	112003901	2019-07-28	1	1	1	0	0	1	0	0	0	13.38	1	19.000	Working	0	2	0	2	0	1	0	0	0	0	0	0	1	0
112003901217731	112003901	2019-08-11		0			0	0	0	0	0	13.50	1	19.000	Working	0	0	0	0	0	0	0	0	0	0	0	0	0	0
112003901217871	112003901	2019-08-25		4			0	4	0	0	0	13.58	1	19.000	Working	0	5	0	5	0	1	0	0	0	0	0	0	4	0
112003901218011	112003901	2019-09-08		1			0	1	0	0	0	12.65	1	19.000	Working	0	4	0	4	0	0	0	0	0	3	0	0	1	0
112003901218151	112003901	2019-09-22		0			0	0	0	0	0	12.58	1	19.000	Working	0	0	0	0	0	0	0	0	0	0	0	0	0	0
112003901218291	112003901	2019-10-06		0			0	0	0	0	0	12.35	1	19.000	Working	0	0	0	0	0	0	0	0	0	0	0	0	0	0
113005301211251	113005301	2017-10-27		0			0	0	0	1	0	10.75	1	19.000	Working	0	1	0	1	0	0	0	0	0	0	0	0	0	0
113005301211401	113005301	2017-11-11	1	1	1	0	0	1	0	2	0	12.53	1	19.000	Working	0	4	0	3	0	0	0	1	0	0	0	0	1	1
113005301211571	113005301	2017-11-28		0			0	0	0	0	0	10.85	1	19.000	Working	0	0	0	0	0	0	0	0	0	0	0	0	0	0
113005301211711	113005301	2017-12-12		0			0	0	0	0	0	11.70	1	19.000	Working	0	0	0	0	0	0	0	0	0	0	0	0	0	0
113005301211861	113005301	2017-12-27		0			0	0	0	0	0	13.53	1	19.000	Working	0	0	0	0	0	0	0	0	0	0	0	0	0	0
113005301212001	113005301	2018-01-10		0			0	0	0	0	0	12.53	1	19.000	Working	0	0	0	0	0	0	0	0	0	0	0	0	0	0
113005301212131	113005301	2018-01-23		0			0	0	0	0	0	12.65	1	19.000	Working	0	0	0	0	0	0	0	0	0	0	0	0	0	0
113005301212271	113005301	2018-02-06		0			0	0	0	0	0	12.35	1	19.000	Working	0	0	0	0	0	0	0	0	0	0	0	0	0	0
113005301212411	113005301	2018-02-20		0			0	0	0	0	0	12.55	1	19.000	Working	0	0	0	0	0	0	0	0	0	0	0	0	0	0
113005301212551	113005301	2018-03-06		0			0	0	0	0	0	12.43	1	19.000	Working	0	0	0	0	0	0	0	0	0	0	0	0	0	0
113005301212691	113005301	2018-03-20	1	0	1	0	0	0	0	0	0	12.43	1	19.000	Working	0	1	0	1	0	1	0	0	0	0	0	0	0	0
113005301212831	113005301	2018-04-03		0			0	0	0	1	0	13.33	1	19.000	Working	0	1	0	1	0	0	0	0	0	0	0	0	0	0
113005301212971	113005301	2018-04-17		4			1	3	0	0	0	14.15	1	19.000	Working	0	10	0	10	0	1	0	0	0	5	0	0	4	0
113005301213111	113005301	2018-05-01		26			9	17	0	4	0	12.37	1	19.000	Working	0	36	0	36	0	4	0	0	0	2	0	0	26	0
113005301213251	113005301	2018-05-15	1	50	1	0	16	34	0	4	0	13.35	1	19.000	Working	0	70	0	70	0	0	0	0	0	0	0	0	66	0
113005301213391	113005301	2018-05-29		15			6	9	0	0	0	11.68	1	19.000	Working	0	25	0	25	0	6	0	0	0	4	0	0	15	0
113005301213531	113005301	2018-06-12		8			2	6	0	0	0	11.70	1	19.000	Working	0	9	0	8	0	0	0	1	0	0	0	0	8	1
113005301213671	113005301	2018-06-26		0			0	0	0	0	0	11.78	1	19.000	Working	0	0	0	0	0	0	0	0	0	0	0	0	0	0
113005301213811	113005301	2018-07-10		0			0	0	0	0	0	11.70	1	19.000	Working	0	0	0	0	0	0	0	0	0	0	0	0	0	0
113005301213951	113005301	2018-07-24		0			0	0	0	0	0	11.88	1	19.000	Working	0	0	0	0	0	0	0	0	0	0	0	0	0	0
113005301214091	113005301	2018-08-07		0			0	0	0	0	0	12.63	1	19.000	Working	0	0	0	0	0	0	0	0	0	0	0	0	0	0
113005301214231	113005301	2018-08-21		0			0	0	0	0	0	11.70	1	19.000	Working	0	0	0	0	0	0	0	0	0	0	0	0	0	0
113005301214371	113005301	2018-09-04		0			0	0	0	0	0	12.45	1	19.000	Working	0	0	0	0	0	0	0	0	0	0	0	0	0	0
113005301214531	113005301	2018-09-20		2			0	2	0	0	0	12.15	1	19.000	Working	0	2	0	2	0	0	0	0	0	0	0	0	2	0
113005301214651	113005301	2018-10-02		0			0	0	0	0	0	13.33	1	19.000	Working	0	1	0	1	0	1	0	0	0	0	0	0	0	0
113005301214791	113005301	2018-10-16		0			0	0	0	0	0	11.67	1	19.000	Working	0	0	0	0	0	0	0	0	0	0	0	0	0	0
113005301214931	113005301	2018-10-30		3			1	2	0	0	0	12.58	1	19.000	Working	0	3	0	3	0	0	0	0	0	0	0	0	3	0
113005301215071	113005301	2018-11-13	1	1	1	0	0	1	0	0	0	11.70	1	19.000	Working	0	2	0	2	0	1	0	0	0	0	0	0	1	0
113005301215211	113005301	2018-11-27	2	1	2	0	0	1	0	0	0	12.45	1	19.000	Working	0	2	0	2	0	1	0	0	0	0	0	0	1	0
113005301215351	113005301	2018-12-11		0			0	0	0	0	0	11.67	1	19.000	Working	0	0	0	0	0	0	0	0	0	0	0	0	0	0
113005301215491	113005301	2018-12-25		0			0	0	0	0	0	13.50	1	19.000	Working	0	0	0	0	0	0	0	0	0	0	0	0	0	0
113005301215631	113005301	2019-01-08		0			0	0	0	0	0	11.93	1	19.000	Working	0	0	0	0	0	0	0	0	0	0	0	0	0	0
113005301215771	113005301	2019-01-22		0			0	0	0	0	0	11.70	1	19.000	Working	0	0	0	0	0	0	0	0	0	0	0	0	0	0
113005301215911	113005301	2019-02-05		0			0	0	0	0	0	12.47	1	19.000	Working	0	0	0	0	0	0	0	0	0	0	0	0	0	0
113005301216051	113005301	2019-02-19		0			0	0	0	0	0	12.00	1	19.000	Working	0	0	0	0	0	0	0	0	0	0	0	0	0	0
113005301216191	113005301	2019-03-05		0			0	0	0	0	0	11.72	1	19.000	Working	0	0	0	0	0	0	0	0	0	0	0	0	0	0
113005301216331	113005301	2019-03-19		0			0	0	0	0	0	11.73	1	19.000	Working	0	0	0	0	0	0	0	0	0	0	0	0	0	0
113005301216471	113005301	2019-04-02		0			0	0	0	0	0	12.47	1	19.000	Working	0	0	0	0	0	0	0	0	0	0	0	0	0	0
113005301216472	113005301	2019-04-02		0			0	0	0	0	0	12.47	2	19.000	Working	0	0	0	0	0	0	0	0	0	0	0	0	0	0
113005301216611	113005301	2019-04-16		0			0	0	0	0	0	12.13	1	19.000	Working	0	0	0	0	0	0	0	0	0	0	0	0	0	0
113005301216612	113005301	2019-04-16		0			0	0	0	0	0	12.13	2	19.000	Working	0	0	0	0	0	0	0	0	0	0	0	0	0	0
113005301216751	113005301	2019-04-30		0			0	0	0	0	0	13.40	1	19.000	Working	0	0	0	0	0	0	0	0	0	0	0	0	0	0
113005301216752	113005301	2019-04-30		0			0	0	0	0	0	13.40	2	19.000	Working	0	0	0	0	0	0	0	0	0	0	0	0	0	0
113005301216891	113005301	2019-05-14		0			0	0	0	0	0	12.07	1	19.000	Working	0	0	0	0	0	0	0	0	0	0	0	0	0	0
113005301216892	113005301	2019-05-14		1			0	1	0	0	0	12.07	2	19.000	Working	0	1	0	1	0	0	0	0	0	0	0	0	1	0
113005301217031	113005301	2019-05-28		0			0	0	0	0	0	13.57	1	19.000	Working	0	0	0	0	0	0	0	0	0	0	0	0	0	0
113005301217032	113005301	2019-05-28		2			0	2	0	2	0	13.57	2	19.000	Working	0	5	0	5	0	1	0	0	0	0	0	0	2	0
113005301217171	113005301	2019-06-11	1	10	2	1	3	7	0	1	0	13.95	1	19.000	Working	0	12	0	12	0	1	0	0	0	0	0	0	10	0
113005301217172	113005301	2019-06-11		0			0	0	0	0	0	13.95	2	19.000	Working	0	0	0	0	0	0	0	0	0	0	0	0	0	0
113005301217311	113005301	2019-06-25		0			0	0	0	0	0	13.73	1	19.000	Working	0	0	0	0	0	0	0	0	0	0	0	0	0	0
113005301217312	113005301	2019-06-25		0			0	0	0	0	0	13.73	2	19.000	Working	0	0	0	0	0	0	0	0	0	0	0	0	0	0
113005301217451	113005301	2019-07-09		1			1	0	0	1	0	13.75	1	19.000	Working	0	2	0	2	0	0	0	0	0	0	0	0	1	0
113005301217452	113005301	2019-07-09		2			1	1	0	0	0	13.75	2	19.000	Working	0	2	0	2	0	0	0	0	0	0	0	0	2	0
113005301217591	113005301	2019-07-23		0			0	0	0	0	0	11.67	1	19.000	Working	0	0	0	0	0	0	0	0	0	0	0	0	0	0
113005301217592	113005301	2019-07-23		2			1	1	0	0	0	11.67	2	19.000	Working	0	3	0	3	0	1	0	0	0	0	0	0	2	0
113005301217731	113005301	2019-08-06		0			0	0	0	0	0	12.50	1	19.000	Working	0	0	0	0	0	0	0	0	0	0	0	0	0	0
113005301217732	113005301	2019-08-06		0			0	0	0	0	0	12.50	2	19.000	Working	0	0	0	0	0	0	0	0	0	0	0	0	0	0
113005301217871	113005301	2019-08-20		0			0	0	0	0	0	12.25	1	19.000	Working	0	0	0	0	0	0	0	0	0	0	0	0	0	0
113005301217872	113005301	2019-08-20		0			0	0	0	0	0	12.25	2	19.000	Working	0	0	0	0	0	0	0	0	0	0	0	0	0	0
113005301218011	113005301	2019-09-03		0			0	0	0	0	0	12.40	1	19.000	Working	0	0	0	0	0	0	0	0	0	0	0	0	0	0
113005301218012	113005301	2019-09-03		1			0	1	0	0	0	12.40	2	19.000	Working	0	1	0	1	0	0	0	0	0	0	0	0	1	0
113005301218151	113005301	2019-09-17		0			0	0	0	0	0	13.58	1	19.000	Working	0	0	0	0	0	0	0	0	0	0	0	0	0	0
113005301218152	113005301	2019-09-17		0			0	0	0	0	0	13.58	2	19.000	Working	0	0	0	0	0	0	0	0	0	0	0	0	0	0
113005301218291	113005301	2019-10-01		1			0	1	0	0	0	13.60	1	19.000	Working	0	1	0	1	0	0	0	0	0	0	0	0	1	0
113005301218292	113005301	2019-10-01		0			0	0	0	0	0	13.60	2	19.000	Working	0	0	0	0	0	0	0	0	0	0	0	0	0	0
114001102211261	114001102	2017-10-31		1			0	1	0	0	0	14.10	1	19.000	Working	0	1	0	1	0	0	0	0	0	0	0	0	1	0
114001102211262	114001102	2017-10-31		0			0	0	0	0	0	14.10	2	19.000	Working	0	0	0	0	0	0	0	0	0	0	0	0	0	0
114001102211441	114001102	2017-11-18		2			0	2	0	0	0	11.97	1	19.000	Working	0	2	0	2	0	0	0	0	0	0	0	0	2	0
114001102211442	114001102	2017-11-18		0			0	0	0	0	0	11.97	2	19.000	Working	0	0	0	0	0	0	0	0	0	0	0	0	0	0
114001102211581	114001102	2017-12-02		0			0	0	0	0	0	12.38	1	19.000	Working	0	0	0	0	0	0	0	0	0	0	0	0	0	0
114001102211582	114001102	2017-12-02		0			0	0	0	0	0	12.38	2	19.000	Working	0	0	0	0	0	0	0	0	0	0	0	0	0	0
114001102211721	114001102	2017-12-16	1	1	1	0	0	1	0	0	0	12.10	1	19.000	Working	0	1	0	1	0	0	0	0	0	0	0	0	1	0
114001102211722	114001102	2017-12-16		0			0	0	0	0	0	12.10	2	19.000	Working	0	0	0	0	0	0	0	0	0	0	0	0	0	0
114001102211871	114001102	2017-12-31		0			0	0	0	0	0	12.30	1	19.000	Working	0	0	0	0	0	0	0	0	0	0	0	0	0	0
114001102211872	114001102	2017-12-31		0			0	0	0	0	0	12.30	2	19.000	Working	0	0	0	0	0	0	0	0	0	0	0	0	0	0
114001102212011	114001102	2018-01-14		0			0	0	0	0	0	12.37	1	19.000	Working	0	0	0	0	0	0	0	0	0	0	0	0	0	0
114001102212012	114001102	2018-01-14		0			0	0	0	0	0	12.37	2	19.000	Working	0	0	0	0	0	0	0	0	0	0	0	0	0	0
114001102212141	114001102	2018-01-27		0			0	0	0	0	0	12.58	1	19.000	Working	0	0	0	0	0	0	0	0	0	0	0	0	0	0
114001102212142	114001102	2018-01-27		0			0	0	0	0	0	12.58	2	19.000	Working	0	0	0	0	0	0	0	0	0	0	0	0	0	0
114001102212281	114001102	2018-02-10		0			0	0	0	0	0	12.43	1	19.000	Working	0	0	0	0	0	0	0	0	0	0	0	0	0	0
114001102212282	114001102	2018-02-10		1			1	0	0	0	0	12.43	2	19.000	Working	0	1	1	0	0	0	0	0	0	0	0	1	0	0
114001102212421	114001102	2018-02-24		0			0	0	0	0	0	11.88	1	19.000	Working	0	0	0	0	0	0	0	0	0	0	0	0	0	0
114001102212422	114001102	2018-02-24		0			0	0	0	0	0	11.88	2	19.000	Working	0	0	0	0	0	0	0	0	0	0	0	0	0	0
114001102212561	114001102	2018-03-10		0			0	0	0	0	0	12.05	1	19.000	Working	0	0	0	0	0	0	0	0	0	0	0	0	0	0
114001102212562	114001102	2018-03-10		0			0	0	0	0	0	12.05	2	19.000	Working	0	0	0	0	0	0	0	0	0	0	0	0	0	0
114001102212701	114001102	2018-03-24	1	0	1	0	0	0	0	0	0	13.62	1	19.000	Working	0	0	0	0	0	0	0	0	0	0	0	0	0	0
114001102212702	114001102	2018-03-24		1			1	0	0	0	0	13.62	2	19.000	Working	0	1	0	1	0	0	0	0	0	0	0	0	1	0
114001102212841	114001102	2018-04-07		0			0	0	0	0	0	11.92	1	19.000	Working	0	0	0	0	0	0	0	0	0	0	0	0	0	0
114001102212842	114001102	2018-04-07		0			0	0	0	1	0	11.92	2	19.000	Working	0	1	0	1	0	0	0	0	0	0	0	0	0	0
114001102212981	114001102	2018-04-21		0			0	0	0	0	0	12.63	1	19.000	Working	0	0	0	0	0	0	0	0	0	0	0	0	0	0
114001102212982	114001102	2018-04-21		0			0	0	0	0	0	12.63	2	19.000	Working	0	0	0	0	0	0	0	0	0	0	0	0	0	0
114001102213121	114001102	2018-05-05		11			4	7	0	0	0	12.58	1	19.000	Working	0	11	0	11	0	0	0	0	0	0	0	0	11	0
114001102213122	114001102	2018-05-05		2			0	2	0	0	0	12.58	2	19.000	Working	0	5	0	5	0	1	0	0	0	2	0	0	2	0
114001102213261	114001102	2018-05-19	1	13	1	0	11	2	0	0	0	12.43	1	19.000	Working	0	14	0	14	0	0	0	0	0	1	0	0	13	0
114001102213262	114001102	2018-05-19		10			6	4	0	0	0	12.43	2	19.000	Working	0	12	0	12	0	2	0	0	0	0	0	0	10	0
114001102213401	114001102	2018-06-02	1	8	1	0	2	6	0	0	0	11.83	1	19.000	Working	0	11	0	11	0	3	0	0	0	0	0	0	8	0
114001102213402	114001102	2018-06-02		14			5	9	0	0	0	11.83	2	19.000	Working	0	14	0	14	0	0	0	0	0	0	0	0	14	0
114001102213541	114001102	2018-06-16		0			0	0	0	0	0	11.90	1	19.000	Working	0	0	0	0	0	0	0	0	0	0	0	0	0	0
114001102213542	114001102	2018-06-16		2			1	1	0	0	0	11.90	2	19.000	Working	0	2	0	2	0	0	0	0	0	0	0	0	2	0
114001102213681	114001102	2018-06-30	2	3	2	0	0	3	0	0	0	13.42	1	19.000	Working	0	4	0	4	0	1	0	0	0	0	0	0	3	0
114001102213682	114001102	2018-06-30		0			0	0	0	0	0	13.42	2	19.000	Working	0	0	0	0	0	0	0	0	0	0	0	0	0	0
114001102213821	114001102	2018-07-14		0			0	0	0	0	0	12.43	1	19.000	Working	0	0	0	0	0	0	0	0	0	0	0	0	0	0
114001102213822	114001102	2018-07-14		0			0	0	0	0	0	12.43	2	19.000	Working	0	0	0	0	0	0	0	0	0	0	0	0	0	0
114001102213961	114001102	2018-07-28		0			0	0	0	0	0	12.12	1	19.000	Working	0	0	0	0	0	0	0	0	0	0	0	0	0	0
114001102213962	114001102	2018-07-28		0			0	0	0	0	0	12.12	2	19.000	Working	0	0	0	0	0	0	0	0	0	0	0	0	0	0
114001102214101	114001102	2018-08-11		0			0	0	0	0	0	12.07	1	19.000	Working	0	1	0	0	0	0	0	1	0	0	0	0	0	1
114001102214102	114001102	2018-08-11		0			0	0	0	0	0	12.07	2	19.000	Working	0	0	0	0	0	0	0	0	0	0	0	0	0	0
114001102214241	114001102	2018-08-25		0			0	0	0	0	0	12.20	1	19.000	Working	0	0	0	0	0	0	0	0	0	0	0	0	0	0
114001102214242	114001102	2018-08-25		0			0	0	0	0	0	12.20	2	19.000	Working	0	0	0	0	0	0	0	0	0	0	0	0	0	0
114001102214381	114001102	2018-09-08		0			0	0	0	0	0	12.58	1	19.000	Working	0	0	0	0	0	0	0	0	0	0	0	0	0	0
114001102214382	114001102	2018-09-08		1			0	1	0	0	0	12.58	2	19.000	Working	0	1	0	1	0	0	0	0	0	0	0	0	1	0
114001102214541	114001102	2018-09-24	1	0	1	0	0	0	0	0	0	12.42	1	19.000	Working	0	0	0	0	0	0	0	0	0	0	0	0	0	0
114001102214542	114001102	2018-09-24		1			0	1	0	0	0	12.42	2	19.000	Working	0	1	0	1	0	0	0	0	0	0	0	0	1	0
114001102214661	114001102	2018-10-06		0			0	0	0	0	0	11.98	1	19.000	Working	0	0	0	0	0	0	0	0	0	0	0	0	0	0
114001102214662	114001102	2018-10-06		0			0	0	0	0	0	11.98	2	19.000	Working	0	0	0	0	0	0	0	0	0	0	0	0	0	0
114001102214801	114001102	2018-10-20		0			0	0	0	0	0	12.03	1	19.000	Working	0	0	0	0	0	0	0	0	0	0	0	0	0	0
114001102214802	114001102	2018-10-20		1			0	1	0	0	0	12.03	2	19.000	Working	0	1	0	1	0	0	0	0	0	0	0	0	1	0
114001102214941	114001102	2018-11-03		0			0	0	0	0	0	12.45	1	19.000	Working	0	0	0	0	0	0	0	0	0	0	0	0	0	0
114001102214942	114001102	2018-11-03		2			2	0	0	0	0	12.45	2	19.000	Working	0	2	0	2	0	0	0	0	0	0	0	0	2	0
114001102215081	114001102	2018-11-17		0			0	0	0	0	0	12.17	1	19.000	Working	0	0	0	0	0	0	0	0	0	0	0	0	0	0
114001102215082	114001102	2018-11-17		0			0	0	0	0	0	12.17	2	19.000	Working	0	0	0	0	0	0	0	0	0	0	0	0	0	0
114001102215221	114001102	2018-12-01	3	2	3	0	0	2	0	0	0	12.13	1	19.000	Working	0	2	0	2	0	0	0	0	0	0	0	0	2	0
114001102215222	114001102	2018-12-01		1			0	1	0	0	0	12.13	2	19.000	Working	0	2	0	1	0	0	0	1	0	0	0	0	1	1
114001102215361	114001102	2018-12-15		0			0	0	0	0	0	12.30	1	19.000	Working	0	0	0	0	0	0	0	0	0	0	0	0	0	0
114001102215362	114001102	2018-12-15		0			0	0	0	0	0	12.30	2	19.000	Working	0	0	0	0	0	0	0	0	0	0	0	0	0	0
114001102215511	114001102	2018-12-30	1	1	1	0	0	1	0	0	0	12.35	1	19.000	Working	0	1	0	1	0	0	0	0	0	0	0	0	1	0
114001102215512	114001102	2018-12-30		0			0	0	0	0	0	12.35	2	19.000	Working	0	0	0	0	0	0	0	0	0	0	0	0	0	0
114001102215641	114001102	2019-01-12		0			0	0	0	0	0	12.02	1	19.000	Working	0	0	0	0	0	0	0	0	0	0	0	0	0	0
114001102215642	114001102	2019-01-12		0			0	0	0	0	0	12.02	2	19.000	Working	0	0	0	0	0	0	0	0	0	0	0	0	0	0
114001102215781	114001102	2019-01-26		0			0	0	0	0	0	12.32	1	19.000	Working	0	0	0	0	0	0	0	0	0	0	0	0	0	0
114001102215782	114001102	2019-01-26		0			0	0	0	0	0	12.32	2	19.000	Working	0	0	0	0	0	0	0	0	0	0	0	0	0	0
114001102215921	114001102	2019-02-09		0			0	0	0	0	0	12.17	1	19.000	Working	0	0	0	0	0	0	0	0	0	0	0	0	0	0
114001102215922	114001102	2019-02-09		0			0	0	0	0	0	12.17	2	19.000	Working	0	0	0	0	0	0	0	0	0	0	0	0	0	0
114001102216061	114001102	2019-02-23		0			0	0	0	0	0	12.42	1	19.000	Working	0	0	0	0	0	0	0	0	0	0	0	0	0	0
114001102216062	114001102	2019-02-23		0			0	0	0	0	0	12.42	2	19.000	Working	0	0	0	0	0	0	0	0	0	0	0	0	0	0
114001102216201	114001102	2019-03-09		0			0	0	0	0	0	11.83	1	19.000	Working	0	0	0	0	0	0	0	0	0	0	0	0	0	0
114001102216202	114001102	2019-03-09		0			0	0	0	0	0	11.83	2	19.000	Working	0	0	0	0	0	0	0	0	0	0	0	0	0	0
114001102216341	114001102	2019-03-23		0			0	0	0	0	0	12.05	1	19.000	Working	0	0	0	0	0	0	0	0	0	0	0	0	0	0
114001102216342	114001102	2019-03-23		0			0	0	0	0	0	12.05	2	19.000	Working	0	0	0	0	0	0	0	0	0	0	0	0	0	0
114001102216481	114001102	2019-04-06		0			0	0	0	0	0	12.17	1	19.000	Working	0	0	0	0	0	0	0	0	0	0	0	0	0	0
114001102216482	114001102	2019-04-06		0			0	0	0	0	0	12.17	2	19.000	Working	0	0	0	0	0	0	0	0	0	0	0	0	0	0
114001102216621	114001102	2019-04-20		0			0	0	0	0	0	12.00	1	19.000	Working	0	0	0	0	0	0	0	0	0	0	0	0	0	0
114001102216622	114001102	2019-04-20		0			0	0	0	0	0	12.00	2	19.000	Working	0	0	0	0	0	0	0	0	0	0	0	0	0	0
114001102216761	114001102	2019-05-04		0			0	0	0	0	0	12.08	1	19.000	Working	0	0	0	0	0	0	0	0	0	0	0	0	0	0
114001102216762	114001102	2019-05-04		0			0	0	0	0	0	12.08	2	19.000	Working	0	0	0	0	0	0	0	0	0	0	0	0	0	0
114001102216901	114001102	2019-05-18		4			2	2	0	1	0	12.07	1	19.000	Working	0	5	0	5	0	0	0	0	0	0	0	0	4	0
114001102216902	114001102	2019-05-18		2			0	2	0	0	0	12.07	2	19.000	Working	0	2	0	2	0	0	0	0	0	0	0	0	2	0
114001102217041	114001102	2019-06-01		0			0	0	0	0	0	12.15	1	19.000	Working	0	0	0	0	0	0	0	0	0	0	0	0	0	0
114001102217042	114001102	2019-06-01		1			1	0	0	0	0	12.15	2	19.000	Working	0	3	0	3	0	2	0	0	0	0	0	0	1	0
114001102217181	114001102	2019-06-15		5			0	5	0	0	0	12.08	1	19.000	Working	0	5	0	5	0	0	0	0	0	0	0	0	5	0
114001102217182	114001102	2019-06-15		7			1	6	0	3	0	12.08	2	19.000	Working	0	12	0	10	0	0	0	2	0	0	0	0	7	2
114001102217321	114001102	2019-06-29		7			5	2	0	2	0	12.13	1	19.000	Working	0	11	0	11	0	1	0	0	0	1	0	0	7	0
114001102217322	114001102	2019-06-29		8			6	2	0	0	0	12.13	2	19.000	Working	0	8	0	8	0	0	0	0	0	0	0	0	8	0
114001102217461	114001102	2019-07-13		7			4	3	0	0	0	12.30	1	19.000	Working	0	7	0	7	0	0	0	0	0	0	0	0	7	0
114001102217462	114001102	2019-07-13		2			2	0	0	0	0	12.30	2	19.000	Working	0	3	0	3	0	0	0	0	0	1	0	0	2	0
114001102217601	114001102	2019-07-27		0			0	0	0	0	0	12.33	1	19.000	Working	0	0	0	0	0	0	0	0	0	0	0	0	0	0
114001102217602	114001102	2019-07-27		0			0	0	0	0	0	12.33	2	19.000	Working	0	0	0	0	0	0	0	0	0	0	0	0	0	0
114001102217741	114001102	2019-08-10		0			0	0	0	0	0	12.05	1	19.000	Working	0	0	0	0	0	0	0	0	0	0	0	0	0	0
114001102217742	114001102	2019-08-10		0			0	0	0	0	0	12.05	2	19.000	Working	0	0	0	0	0	0	0	0	0	0	0	0	0	0
114001102217881	114001102	2019-08-24		0			0	0	0	0	0	11.88	1	19.000	Working	0	0	0	0	0	0	0	0	0	0	0	0	0	0
114001102217882	114001102	2019-08-24		0			0	0	0	0	0	11.88	2	19.000	Working	0	0	0	0	0	0	0	0	0	0	0	0	0	0
114001102218021	114001102	2019-09-07		0			0	0	0	0	0	11.97	1	19.000	Working	0	0	0	0	0	0	0	0	0	0	0	0	0	0
114001102218022	114001102	2019-09-07		0			0	0	0	0	0	11.97	2	19.000	Working	0	1	0	1	0	1	0	0	0	0	0	0	0	0
114001102218161	114001102	2019-09-21		0			0	0	0	0	0	12.40	1	19.000	Working	0	0	0	0	0	0	0	0	0	0	0	0	0	0
114001102218162	114001102	2019-09-21		0			0	0	0	0	0	12.40	2	19.000	Working	0	0	0	0	0	0	0	0	0	0	0	0	0	0
114001102218301	114001102	2019-10-05	1	1	1	0	0	1	0	0	0	12.48	1	19.000	Working	0	1	0	1	0	0	0	0	0	0	0	0	1	0
114001102218302	114001102	2019-10-05		1			0	1	0	0	0	12.48	2	19.000	Working	0	1	0	1	0	0	0	0	0	0	0	0	1	0
114004501211261	114004501	2017-11-10	1	1	1	0	0	1	0	1	0	13.92	1	19.000	Working	0	2	0	2	0	0	0	0	0	0	0	0	1	0
114004501211441	114004501	2017-11-28		0			0	0	0	0	0	12.17	1	19.000	Working	0	0	0	0	0	0	0	0	0	0	0	0	0	0
114004501211581	114004501	2017-12-12		0			0	0	0	0	0	12.30	1	19.000	Working	0	0	0	0	0	0	0	0	0	0	0	0	0	0
114004501211721	114004501	2017-12-26		0			0	0	0	0	0	11.95	1	19.000	Working	0	1	0	1	0	0	0	0	0	1	0	0	0	0
114004501211871	114004501	2018-01-10		0			0	0	0	0	0	12.12	1	19.000	Working	0	0	0	0	0	0	0	0	0	0	0	0	0	0
114004501212011	114004501	2018-01-24		0			0	0	0	0	0	12.27	1	19.000	Working	0	0	0	0	0	0	0	0	0	0	0	0	0	0
114004501212141	114004501	2018-02-06		0			0	0	0	0	0	12.50	1	19.000	Working	0	0	0	0	0	0	0	0	0	0	0	0	0	0
114004501212281	114004501	2018-02-20		0			0	0	0	0	0	12.33	1	19.000	Working	0	0	0	0	0	0	0	0	0	0	0	0	0	0
114004501212421	114004501	2018-03-06		0			0	0	0	0	0	11.98	1	19.000	Working	0	0	0	0	0	0	0	0	0	0	0	0	0	0
114004501212561	114004501	2018-03-20		0			0	0	0	0	0	11.97	1	19.000	Working	0	0	0	0	0	0	0	0	0	0	0	0	0	0
114004501212701	114004501	2018-04-03		0			0	0	0	0	0	12.48	1	19.000	Working	0	0	0	0	0	0	0	0	0	0	0	0	0	0
114004501212841	114004501	2018-04-17		0			0	0	0	0	0	13.40	1	19.000	Working	0	0	0	0	0	0	0	0	0	0	0	0	0	0
114004501212981	114004501	2018-05-01		8			2	6	0	0	0	13.42	1	19.000	Working	0	8	0	8	0	0	0	0	0	0	0	0	8	0
114004501213121	114004501	2018-05-15	1	38	1	0	20	18	0	0	0	12.42	1	19.000	Working	0	38	0	38	0	0	0	0	0	0	0	0	38	0
114004501213261	114004501	2018-05-29	1	29	1	0	16	13	0	0	0	12.25	1	19.000	Working	0	29	0	29	0	0	0	0	0	0	0	0	29	0
114004501213401	114004501	2018-06-12	1	34	1	0	13	21	0	1	0	11.92	1	19.000	Working	0	46	0	46	0	5	0	0	0	6	0	0	34	0
114004501213541	114004501	2018-06-26		8			4	4	0	0	0	11.82	1	19.000	Working	0	10	0	10	0	2	0	0	0	0	0	0	8	0
114004501213681	114004501	2018-07-10		0			0	0	0	0	0	12.65	1	19.000	Working	0	0	0	0	0	0	0	0	0	0	0	0	0	0
114004501213821	114004501	2018-07-24		0			0	0	0	0	0	11.97	1	19.000	Working	0	2	0	0	0	0	0	2	0	0	0	0	0	2
114004501213961	114004501	2018-08-07		0			0	0	0	0	0	11.97	1	19.000	Working	0	2	0	0	0	0	0	2	0	0	0	0	0	2
114004501214101	114004501	2018-08-21	2	2	2	0	2	0	0	1	0	12.02	1	19.000	Working	0	4	0	4	0	0	0	0	0	1	0	0	2	0
114004501214102	114004501	2018-08-21										12.02	2	19.000	Working														
114004501214241	114004501	2018-09-04	1	1	1	0	1	0	0	0	0	12.12	1	19.000	Working	0	1	0	1	0	0	0	0	0	0	0	0	1	0
114004501214381	114004501	2018-09-18		0			0	0	0	0	0	11.70	1	19.000	Working	0	0	0	0	0	0	0	0	0	0	0	0	0	0
114004501214541	114004501	2018-10-04		0			0	0	0	0	0	11.95	1	19.000	Working	0	0	0	0	0	0	0	0	0	0	0	0	0	0
114004501214661	114004501	2018-10-16		0			0	0	0	0	0	11.90	1	19.000	Working	0	0	0	0	0	0	0	0	0	0	0	0	0	0
114004501214801	114004501	2018-10-30		0			0	0	0	0	0	12.08	1	19.000	Working	0	0	0	0	0	0	0	0	0	0	0	0	0	0
114004501214941	114004501	2018-11-13		2			1	1	0	0	0	12.33	1	19.000	Working	0	2	0	2	0	0	0	0	0	0	0	0	2	0
114004501215081	114004501	2018-11-27		1			1	0	0	0	0	12.03	1	19.000	Working	0	1	0	1	0	0	0	0	0	0	0	0	1	0
114004501215221	114004501	2018-12-11		0			0	0	0	0	0	12.03	1	19.000	Working	0	0	0	0	0	0	0	0	0	0	0	0	0	0
114004501215361	114004501	2018-12-25		0			0	0	0	0	0	12.23	1	19.000	Working	0	0	0	0	0	0	0	0	0	0	0	0	0	0
114004501215511	114004501	2019-01-09	1	1	1	0	0	1	0	0	0	12.25	1	19.000	Working	0	1	0	1	0	0	0	0	0	0	0	0	1	0
114004501215641	114004501	2019-01-22		0			0	0	0	0	0	11.93	1	19.000	Working	0	0	0	0	0	0	0	0	0	0	0	0	0	0
114004501215781	114004501	2019-02-05		0			0	0	0	0	0	12.23	1	19.000	Working	0	0	0	0	0	0	0	0	0	0	0	0	0	0
114004501215921	114004501	2019-02-19		0			0	0	0	0	0	12.20	1	19.000	Working	0	0	0	0	0	0	0	0	0	0	0	0	0	0
114004501216061	114004501	2019-03-05		0			0	0	0	0	0	12.35	1	19.000	Working	0	0	0	0	0	0	0	0	0	0	0	0	0	0
114004501216201	114004501	2019-03-19		0			0	0	0	0	0	11.75	1	19.000	Working	0	0	0	0	0	0	0	0	0	0	0	0	0	0
114004501216341	114004501	2019-04-02		0			0	0	0	0	0	11.98	1	19.000	Working	0	0	0	0	0	0	0	0	0	0	0	0	0	0
114004501216481	114004501	2019-04-16		0			0	0	0	0	0	12.05	1	19.000	Working	0	0	0	0	0	0	0	0	0	0	0	0	0	0
114004501216621	114004501	2019-04-30		0			0	0	0	0	0	11.93	1	19.000	Working	0	0	0	0	0	0	0	0	0	0	0	0	0	0
114004501216901	114004501	2019-05-28		1			0	1	0	0	0	11.97	1	19.000	Working	0	1	0	1	0	0	0	0	0	0	0	0	1	0
114004501217041	114004501	2019-06-11		8			5	3	0	1	0	12.08	1	19.000	Working	0	9	0	9	0	0	0	0	0	0	0	0	8	0
114004501217181	114004501	2019-06-25		1			1	0	0	0	0	12.00	1	19.000	Working	0	1	0	1	0	0	0	0	0	0	0	0	1	0
114004501217321	114004501	2019-07-09		3			3	0	0	3	0	12.03	1	19.000	Working	0	6	0	6	0	0	0	0	0	0	0	0	3	0
114004501217461	114004501	2019-07-23	1	3	1	0	1	2	0	0	0	12.20	1	19.000	Working	0	3	0	3	0	0	0	0	0	0	0	0	3	0
114004501217601	114004501	2019-08-06		1			0	1	0	0	0	12.15	1	19.000	Working	0	2	0	2	0	1	0	0	0	0	0	0	1	0
114004501217741	114004501	2019-08-20		0			0	0	0	0	0	11.97	1	19.000	Working	0	0	0	0	0	0	0	0	0	0	0	0	0	0
114004501217881	114004501	2019-09-03		0			0	0	0	0	0	11.82	1	19.000	Working	0	0	0	0	0	0	0	0	0	0	0	0	0	0
114004501218021	114004501	2019-09-17		0			0	0	0	0	0	11.90	1	19.000	Working	0	0	0	0	0	0	0	0	0	0	0	0	0	0
114004501218161	114004501	2019-10-01		0			0	0	0	0	0	12.12	1	19.000	Working	0	0	0	0	0	0	0	0	0	0	0	0	0	0
114004501218301	114004501	2019-10-15		0			0	0	0	0	0	12.42	1	19.000	Working	0	0	0	0	0	0	0	0	0	0	0	0	0	0
114006801211261	114006801	2017-11-02	1	0	1	0	0	0	0	0	0	14.25	1	19.000	Working	0	0	0	0	0	0	0	0	0	0	0	0	0	0
114006801211262	114006801	2017-11-02		2			1	1	0	0	0	14.25	2	19.000	Working	0	2	0	2	0	0	0	0	0	0	0	0	2	0
114006801211441	114006801	2017-11-20		1			1	0	0	0	0	12.28	1	19.000	Working	0	1	0	1	0	0	0	0	0	0	0	0	1	0
114006801211442	114006801	2017-11-20		0			0	0	0	1	0	12.28	2	19.000	Working	0	1	0	1	0	0	0	0	0	0	0	0	0	0
114006801211581	114006801	2017-12-04		0			0	0	0	0	0	12.37	1	19.000	Working	0	0	0	0	0	0	0	0	0	0	0	0	0	0
114006801211582	114006801	2017-12-04		0			0	0	0	0	0	12.37	2	19.000	Working	0	1	0	1	0	0	0	0	0	0	0	0	1	0
114006801211721	114006801	2017-12-18		1			1	0	0	0	0	12.22	1	19.000	Working	0	1	0	1	0	0	0	0	0	0	0	0	1	0
114006801211722	114006801	2017-12-18		0			0	0	0	0	0	12.22	2	19.000	Working	0	0	0	0	0	0	0	0	0	0	0	0	0	0
114006801211871	114006801	2018-01-02		0			0	0	0	0	0	13.40	1	19.000	Working	0	0	0	0	0	0	0	0	0	0	0	0	0	0
114006801211872	114006801	2018-01-02		0			0	0	0	0	0	13.40	2	19.000	Working	0	0	0	0	0	0	0	0	0	0	0	0	0	0
114006801212011	114006801	2018-01-16		0			0	0	0	0	0	12.47	1	19.000	Working	0	0	0	0	0	0	0	0	0	0	0	0	0	0
114006801212012	114006801	2018-01-16		0			0	0	0	0	0	12.47	2	19.000	Working	0	0	0	0	0	0	0	0	0	0	0	0	0	0
114006801212141	114006801	2018-01-29		0			0	0	0	0	0	13.42	1	19.000	Working	0	0	0	0	0	0	0	0	0	0	0	0	0	0
114006801212142	114006801	2018-01-29		0			0	0	0	0	0	13.42	2	19.000	Working	0	0	0	0	0	0	0	0	0	0	0	0	0	0
114006801212281	114006801	2018-02-12		0			0	0	0	0	0	12.53	1	19.000	Working	0	0	0	0	0	0	0	0	0	0	0	0	0	0
114006801212282	114006801	2018-02-12		0			0	0	0	0	0	12.53	2	19.000	Working	0	0	0	0	0	0	0	0	0	0	0	0	0	0
114006801212421	114006801	2018-02-26		0			0	0	0	0	0	12.20	1	19.000	Working	0	0	0	0	0	0	0	0	0	0	0	0	0	0
114006801212422	114006801	2018-02-26		0			0	0	0	0	0	12.20	2	19.000	Working	0	0	0	0	0	0	0	0	0	0	0	0	0	0
114006801212561	114006801	2018-03-12	1	0	1	0	0	0	0	0	0	12.17	1	19.000	Working	0	0	0	0	0	0	0	0	0	0	0	0	0	0
114006801212562	114006801	2018-03-12		0			0	0	0	0	0	12.17	2	19.000	Working	0	1	0	1	0	1	0	0	0	0	0	0	0	0
114006801212701	114006801	2018-03-26	2	1	2	0	0	1	0	0	0	13.53	1	19.000	Working	0	1	0	1	0	0	0	0	0	0	0	0	1	0
114006801212702	114006801	2018-03-26		2			0	2	0	0	0	13.53	2	19.000	Working	0	3	0	3	0	1	0	0	0	0	0	0	2	0
114006801212841	114006801	2018-04-09		1			1	0	0	0	0	12.00	1	19.000	Working	0	1	0	1	0	0	0	0	0	0	0	0	1	0
114006801212842	114006801	2018-04-09		0			0	0	0	0	0	12.00	2	19.000	Working	0	0	0	0	0	0	0	0	0	0	0	0	0	0
114006801212981	114006801	2018-04-23		5			0	5	0	0	0	12.57	1	19.000	Working	0	5	0	5	0	0	0	0	0	0	0	0	5	0
114006801212982	114006801	2018-04-23		3			0	3	0	0	0	12.57	2	19.000	Working	0	3	0	3	0	0	0	0	0	0	0	0	3	0
114006801213121	114006801	2018-05-07	1	5	1	0	2	3	0	0	0	13.42	1	19.000	Working	0	5	0	5	0	0	0	0	0	0	0	0	5	0
114006801213122	114006801	2018-05-07		4			0	4	0	0	0	13.42	2	19.000	Working	0	10	0	10	0	4	0	0	0	2	0	0	4	0
114006801213261	114006801	2018-05-21		17			5	12	0	1	0	12.60	1	19.000	Working	0	23	0	23	0	3	0	0	0	2	0	0	17	0
114006801213262	114006801	2018-05-21		6			1	5	0	8	0	12.60	2	19.000	Working	0	19	0	19	0	3	0	0	0	2	0	0	6	0
114006801213401	114006801	2018-06-04		17			6	11	0	1	0	11.67	1	19.000	Working	0	25	0	25	0	4	0	0	0	3	0	0	17	0
114006801213402	114006801	2018-06-04		10			3	7	0	1	0	11.67	2	19.000	Working	0	13	0	13	0	2	0	0	0	0	0	0	10	0
114006801213541	114006801	2018-06-18		2			2	0	0	0	0	11.90	1	19.000	Working	0	3	0	2	0	0	0	1	0	0	0	0	2	1
114006801213542	114006801	2018-06-18		5			2	3	0	4	0	11.90	2	19.000	Working	0	14	0	14	0	1	0	0	0	4	0	0	5	0
114006801213681	114006801	2018-07-02	2	5	2	0	2	3	0	0	0	13.58	1	19.000	Working	0	5	0	5	0	0	0	0	0	0	0	0	5	0
114006801213682	114006801	2018-07-02		1			0	1	0	0	0	13.58	2	19.000	Working	0	2	0	1	0	0	0	1	0	0	0	0	1	1
114006801213821	114006801	2018-07-16		0			0	0	0	0	0	12.55	1	19.000	Working	0	0	0	0	0	0	0	0	0	0	0	0	0	0
114006801213822	114006801	2018-07-16		1			0	1	0	0	0	12.55	2	19.000	Working	0	1	0	1	0	0	0	0	0	0	0	0	1	0
114006801213961	114006801	2018-07-30		1			0	1	0	0	0	12.25	1	19.000	Working	0	1	0	1	0	0	0	0	0	0	0	0	1	0
114006801213962	114006801	2018-07-30		1			0	1	0	0	0	12.25	2	19.000	Working	0	1	0	1	0	0	0	0	0	0	0	0	1	0
114006801214101	114006801	2018-08-13		0			0	0	0	0	0	12.20	1	19.000	Working	0	0	0	0	0	0	0	0	0	0	0	0	0	0
114006801214102	114006801	2018-08-13		0			0	0	0	0	0	12.20	2	19.000	Working	0	0	0	0	0	0	0	0	0	0	0	0	0	0
114006801214241	114006801	2018-08-27	1	3	1	0	0	3	0	0	0	12.32	1	19.000	Working	0	3	0	3	0	0	0	0	0	0	0	0	3	0
114006801214242	114006801	2018-08-27		0			0	0	0	2	0	12.32	2	19.000	Working	0	2	0	2	0	0	0	0	0	0	0	0	0	0
114006801214381	114006801	2018-09-10	1	1	1	0	0	1	0	0	0	11.88	1	19.000	Working	0	1	0	1	0	0	0	0	0	0	0	0	1	0
114006801214382	114006801	2018-09-10		0			0	0	0	0	0	11.88	2	19.000	Working	0	0	0	0	0	0	0	0	0	0	0	0	0	0
114006801214541	114006801	2018-09-26		0			0	0	0	0	0	12.45	1	19.000	Working	0	0	0	0	0	0	0	0	0	0	0	0	0	0
114006801214542	114006801	2018-09-26		0			0	0	0	0	0	12.45	2	19.000	Working	0	0	0	0	0	0	0	0	0	0	0	0	0	0
114006801214661	114006801	2018-10-08	1	2	1	0	1	1	0	0	0	12.08	1	19.000	Working	0	2	0	2	0	0	0	0	0	0	0	0	2	0
114006801214662	114006801	2018-10-08		1			0	1	0	0	0	12.08	2	19.000	Working	0	1	0	1	0	0	0	0	0	0	0	0	1	0
114006801214801	114006801	2018-10-22	1	3	1	0	1	2	0	0	0	11.95	1	19.000	Working	0	3	0	3	0	0	0	0	0	0	0	0	3	0
114006801214802	114006801	2018-10-22		0			0	0	0	0	0	11.95	2	19.000	Working	0	0	0	0	0	0	0	0	0	0	0	0	0	0
114006801214941	114006801	2018-11-05		3			0	3	0	0	0	12.65	1	19.000	Working	0	4	0	4	0	1	0	0	0	0	0	0	3	0
114006801214942	114006801	2018-11-05		0			0	0	0	2	0	12.65	2	19.000	Working	0	2	0	2	0	0	0	0	0	0	0	0	0	0
114006801215081	114006801	2018-11-19	6	9	6	0	3	6	0	0	0	12.33	1	19.000	Working	0	10	0	10	0	1	0	0	0	0	0	0	9	0
114006801215082	114006801	2018-11-19		0			0	0	0	0	0	12.33	2	19.000	Working	0	0	0	0	0	0	0	0	0	0	0	0	0	0
114006801215221	114006801	2018-12-03		0			0	0	0	0	0	12.30	1	19.000	Working	0	0	0	0	0	0	0	0	0	0	0	0	0	0
114006801215222	114006801	2018-12-03		0			0	0	0	0	0	12.30	2	19.000	Working	0	0	0	0	0	0	0	0	0	0	0	0	0	0
114006801215361	114006801	2018-12-17		0			0	0	0	0	0	12.42	1	19.000	Working	0	0	0	0	0	0	0	0	0	0	0	0	0	0
114006801215362	114006801	2018-12-17		0			0	0	0	0	0	12.42	2	19.000	Working	0	0	0	0	0	0	0	0	0	0	0	0	0	0
114006801215511	114006801	2019-01-01		0			0	0	0	0	0	12.50	1	19.000	Working	0	0	0	0	0	0	0	0	0	0	0	0	0	0
114006801215512	114006801	2019-01-01		0			0	0	0	0	0	12.50	2	19.000	Working	0	1	0	1	0	1	0	0	0	0	0	0	0	0
114006801215641	114006801	2019-01-14		0			0	0	0	0	0	12.12	1	19.000	Working	0	0	0	0	0	0	0	0	0	0	0	0	0	0
114006801215642	114006801	2019-01-14		0			0	0	0	0	0	12.12	2	19.000	Working	0	0	0	0	0	0	0	0	0	0	0	0	0	0
114006801215781	114006801	2019-01-28		0			0	0	0	0	0	12.42	1	19.000	Working	0	0	0	0	0	0	0	0	0	0	0	0	0	0
114006801215782	114006801	2019-01-28		0			0	0	0	0	0	12.42	2	19.000	Working	2	0	0	0	0	0	0	0	0	0	0	0	0	0
114006801215921	114006801	2019-02-11		0			0	0	0	0	0	12.30	1	19.000	Working	0	0	0	0	0	0	0	0	0	0	0	0	0	0
114006801215922	114006801	2019-02-11		0			0	0	0	0	0	12.30	2	19.000	Working	0	0	0	0	0	0	0	0	0	0	0	0	0	0
114006801216061	114006801	2019-02-25		0			0	0	0	0	0	12.52	1	19.000	Working	0	0	0	0	0	0	0	0	0	0	0	0	0	0
114006801216062	114006801	2019-02-25		0			0	0	0	0	0	12.52	2	19.000	Working	0	0	0	0	0	0	0	0	0	0	0	0	0	0
114006801216201	114006801	2019-03-11		0			0	0	0	0	0	11.92	1	19.000	Working	0	0	0	0	0	0	0	0	0	0	0	0	0	0
114006801216202	114006801	2019-03-11		0			0	0	0	0	0	11.92	2	19.000	Working	0	0	0	0	0	0	0	0	0	0	0	0	0	0
114006801216341	114006801	2019-03-25		0			0	0	0	0	0	12.15	1	19.000	Working	0	0	0	0	0	0	0	0	0	0	0	0	0	0
114006801216342	114006801	2019-03-25		0			0	0	0	0	0	12.15	2	19.000	Working	0	0	0	0	0	0	0	0	0	0	0	0	0	0
114006801216481	114006801	2019-04-08		0			0	0	0	0	0	12.32	1	19.000	Working	0	0	0	0	0	0	0	0	0	0	0	0	0	0
114006801216482	114006801	2019-04-08		0			0	0	0	0	0	12.32	2	19.000	Working	0	0	0	0	0	0	0	0	0	0	0	0	0	0
114006801216621	114006801	2019-04-22		0			0	0	0	0	0	12.13	1	19.000	Working	0	0	0	0	0	0	0	0	0	0	0	0	0	0
114006801216622	114006801	2019-04-22		0			0	0	0	0	0	12.13	2	19.000	Working	0	0	0	0	0	0	0	0	0	0	0	0	0	0
114006801216761	114006801	2019-05-06	1	0	1	0	0	0	0	0	0	12.30	1	19.000	Working	0	0	0	0	0	0	0	0	0	0	0	0	0	0
114006801216762	114006801	2019-05-06		0			0	0	0	1	0	12.30	2	19.000	Working	0	1	0	1	0	0	0	0	0	0	0	0	0	0
114006801216901	114006801	2019-05-20		3			0	3	0	0	0	12.25	1	19.000	Working	0	4	0	4	0	1	0	0	0	0	0	0	3	0
114006801216902	114006801	2019-05-20		3			2	1	0	0	0	12.25	2	19.000	Working	0	3	0	3	0	0	0	0	0	0	0	0	3	0
114006801217041	114006801	2019-06-03	1	7	1	0	1	6	0	0	0	12.30	1	19.000	Working	0	9	0	9	0	2	0	0	0	0	0	0	7	0
114006801217042	114006801	2019-06-03		10			3	7	0	2	0	12.30	2	19.000	Working	0	13	0	13	0	1	0	0	0	0	0	0	10	0
114006801217181	114006801	2019-06-17	1	8	1	0	1	7	0	0	0	12.25	1	19.000	Working	0	8	0	8	0	0	0	0	0	0	0	0	8	0
114006801217182	114006801	2019-06-17		9			3	6	0	1	0	12.25	2	19.000	Working	0	11	0	11	0	1	0	0	0	0	0	0	9	0
114006801217321	114006801	2019-07-01		10			7	3	0	3	0	12.33	1	19.000	Working	0	14	0	14	0	0	0	0	0	1	0	0	10	0
114006801217322	114006801	2019-07-01		6			5	1	0	1	0	12.33	2	19.000	Working	0	7	0	7	0	0	0	0	0	0	0	0	6	0
114006801217461	114006801	2019-07-15		2			2	0	0	2	0	12.45	1	19.000	Working	0	5	0	5	0	0	0	0	0	1	0	0	2	0
114006801217462	114006801	2019-07-15		5			1	4	0	0	0	12.45	2	19.000	Working	0	6	0	6	0	1	0	0	0	0	0	0	5	0
114006801217601	114006801	2019-07-29	2	1	2	0	0	1	0	0	0	12.42	1	19.000	Working	0	1	0	1	0	0	0	0	0	0	0	0	1	0
114006801217602	114006801	2019-07-29		5			2	3	0	0	0	12.42	2	19.000	Working	0	5	0	5	0	0	0	0	0	0	0	0	5	0
114006801217741	114006801	2019-08-12		0			0	0	0	0	0	12.17	1	19.000	Working	0	0	0	0	0	0	0	0	0	0	0	0	0	0
114006801217742	114006801	2019-08-12		0			0	0	0	0	0	12.17	2	19.000	Working	0	0	0	0	0	0	0	0	0	0	0	0	0	0
114006801217881	114006801	2019-08-26		0			0	0	0	0	0	11.98	1	19.000	Working	0	0	0	0	0	0	0	0	0	0	0	0	0	0
114006801217882	114006801	2019-08-26		0			0	0	0	0	0	11.98	2	19.000	Working	0	0	0	0	0	0	0	0	0	0	0	0	0	0
114006801218021	114006801	2019-09-09	1	1	1	0	0	1	0	0	0	12.55	1	19.000	Working	0	1	0	1	0	0	0	0	0	0	0	0	1	0
114006801218022	114006801	2019-09-09		1			1	0	0	1	0	12.55	2	19.000	Working	0	2	0	2	0	0	0	0	0	0	0	0	1	0
114006801218161	114006801	2019-09-23	1	0	1	0	0	0	0	0	0	12.48	1	19.000	Working	0	0	0	0	0	0	0	0	0	0	0	0	0	0
114006801218162	114006801	2019-09-23		0			0	0	0	0	0	12.48	2	19.000	Working	0	1	0	1	0	1	0	0	0	0	0	0	0	0
114006801218301	114006801	2019-10-07		2			1	1	0	0	0	12.60	1	19.000	Working	0	2	0	2	0	0	0	0	0	0	0	0	2	0
114006801218302	114006801	2019-10-07		2			0	2	0	0	0	12.60	2	19.000	Working	0	2	0	2	0	0	0	0	0	0	0	0	2	0
114007303211261	114007303	2017-10-28		0			0	0	0	0	0	13.47	1	19.000	Working	0	1	0	0	0	0	0	1	0	0	0	0	0	1
114007303211262	114007303	2017-10-28		0			0	0	0	0	0	13.47	2	19.000	Working	0	0	0	0	0	0	0	0	0	0	0	0	0	0
114007303211441	114007303	2017-11-15	3	6	3	0	4	2	0	0	0	13.80	1	19.000	Working	0	7	0	6	0	0	0	1	0	0	0	0	6	1
114007303211442	114007303	2017-11-15		0			0	0	0	0	0	13.80	2	19.000	Working	0	0	0	0	0	0	0	0	0	0	0	0	0	0
114007303211561	114007303	2017-11-27		0			0	0	0	0	0	10.98	1	19.000	Working	0	0	0	0	0	0	0	0	0	0	0	0	0	0
114007303211562	114007303	2017-11-27		0			0	0	0	0	0	10.98	2	19.000	Working	0	0	0	0	0	0	0	0	0	0	0	0	0	0
114007303211721	114007303	2017-12-13		1			1	0	0	0	0	12.55	1	19.000	Working	0	1	0	1	0	0	0	0	0	0	0	0	1	0
114007303211722	114007303	2017-12-13		0			0	0	0	0	0	12.55	2	19.000	Working	0	0	0	0	0	0	0	0	0	0	0	0	0	0
114007303211871	114007303	2017-12-28		0			0	0	0	0	0	12.25	1	19.000	Working	0	0	0	0	0	0	0	0	0	0	0	0	0	0
114007303211872	114007303	2017-12-28		0			0	0	0	0	0	12.25	2	19.000	Working	0	0	0	0	0	0	0	0	0	0	0	0	0	0
114007303212011	114007303	2018-01-11		0			0	0	0	0	0	11.83	1	19.000	Working	0	0	0	0	0	0	0	0	0	0	0	0	0	0
114007303212012	114007303	2018-01-11		0			0	0	0	0	0	11.83	2	19.000	Working	0	0	0	0	0	0	0	0	0	0	0	0	0	0
114007303212141	114007303	2018-01-24		0			0	0	0	0	0	13.55	1	19.000	Working	0	0	0	0	0	0	0	0	0	0	0	0	0	0
114007303212142	114007303	2018-01-24		0			0	0	0	0	0	13.55	2	19.000	Working	0	0	0	0	0	0	0	0	0	0	0	0	0	0
114007303212143	114007303	2018-01-24		0			0	0	0	0	0	13.55	3	19.000	Working	0	0	0	0	0	0	0	0	0	0	0	0	0	0
114007303212281	114007303	2018-02-07		0			0	0	0	0	0	13.52	1	19.000	Working	0	0	0	0	0	0	0	0	0	0	0	0	0	0
114007303212282	114007303	2018-02-07		0			0	0	0	0	0	13.52	2	19.000	Working	0	0	0	0	0	0	0	0	0	0	0	0	0	0
114007303212283	114007303	2018-02-07		0			0	0	0	0	0	13.52	3	19.000	Working	0	0	0	0	0	0	0	0	0	0	0	0	0	0
114007303212421	114007303	2018-02-21		0			0	0	0	0	0	13.37	1	19.000	Working	0	0	0	0	0	0	0	0	0	0	0	0	0	0
114007303212422	114007303	2018-02-21		0			0	0	0	0	0	13.37	2	19.000	Working	0	0	0	0	0	0	0	0	0	0	0	0	0	0
114007303212423	114007303	2018-02-21		0			0	0	0	0	0	13.37	3	19.000	Working	0	0	0	0	0	0	0	0	0	0	0	0	0	0
114007303212561	114007303	2018-03-07		0			0	0	0	0	0	12.55	1	19.000	Working	0	0	0	0	0	0	0	0	0	0	0	0	0	0
114007303212562	114007303	2018-03-07		0			0	0	0	0	0	12.55	2	19.000	Working	0	0	0	0	0	0	0	0	0	0	0	0	0	0
114007303212563	114007303	2018-03-07		0			0	0	0	0	0	12.55	3	19.000	Working	0	0	0	0	0	0	0	0	0	0	0	0	0	0
114007303212701	114007303	2018-03-21		0			0	0	0	0	0	12.55	1	19.000	Working	0	0	0	0	0	0	0	0	0	0	0	0	0	0
114007303212702	114007303	2018-03-21		0			0	0	0	0	0	12.55	2	19.000	Working	0	0	0	0	0	0	0	0	0	0	0	0	0	0
114007303212703	114007303	2018-03-21		0			0	0	0	0	0	12.55	3	19.000	Working	0	0	0	0	0	0	0	0	0	0	0	0	0	0
114007303212841	114007303	2018-04-04		2			2	0	0	1	0	14.00	1	19.000	Working	0	3	0	3	0	0	0	0	0	0	0	0	2	0
114007303212842	114007303	2018-04-04		0			0	0	0	0	0	14.00	2	19.000	Working	0	0	0	0	0	0	0	0	0	0	0	0	0	0
114007303212843	114007303	2018-04-04		0			0	0	0	0	0	14.00	3	19.000	Working	0	0	0	0	0	0	0	0	0	0	0	0	0	0
114007303212981	114007303	2018-04-18		3			2	1	0	0	0	12.47	1	19.000	Working	0	3	0	3	0	0	0	0	0	0	0	0	3	0
114007303212982	114007303	2018-04-18		0			0	0	0	0	0	12.47	2	19.000	Working	0	0	0	0	0	0	0	0	0	0	0	0	0	0
114007303212983	114007303	2018-04-18		1			1	0	0	0	0	12.47	3	19.000	Working	0	2	0	2	0	0	0	0	0	1	0	0	1	0
114007303213121	114007303	2018-05-02		11			9	2	0	0	0	12.52	1	19.000	Working	0	11	0	11	0	0	0	0	0	0	0	0	11	0
114007303213122	114007303	2018-05-02		3			1	2	0	0	0	12.52	2	19.000	Working	0	5	0	5	0	1	0	0	0	1	0	0	3	0
114007303213123	114007303	2018-05-02		0			0	0	0	0	0	12.52	3	19.000	Working	0	2	0	2	0	2	0	0	0	0	0	0	0	0
114007303213261	114007303	2018-05-16		8			4	4	0	0	0	13.77	1	19.000	Working	0	8	0	8	0	0	0	0	0	0	0	0	8	0
114007303213262	114007303	2018-05-16		11			6	5	0	0	0	13.77	2	19.000	Working	0	11	0	11	0	0	0	0	0	0	0	0	11	0
114007303213263	114007303	2018-05-16		0			0	0	0	0	0	13.77	3	19.000	Working	0	0	0	0	0	0	0	0	0	0	0	0	0	0
114007303213401	114007303	2018-05-30		5			1	4	0	0	0	11.68	1	19.000	Working	0	6	0	6	0	1	0	0	0	0	0	0	5	0
114007303213402	114007303	2018-05-30		0			0	0	0	0	0	11.68	2	19.000	Working	0	0	0	0	0	0	0	0	0	0	0	0	0	0
114007303213403	114007303	2018-05-30		0			0	0	0	0	0	11.68	3	19.000	Working	0	0	0	0	0	0	0	0	0	0	0	0	0	0
114007303213541	114007303	2018-06-13		2			1	1	0	0	0	12.50	1	19.000	Working	0	2	0	2	0	0	0	0	0	0	0	0	2	0
114007303213542	114007303	2018-06-13		1			1	0	0	0	0	12.50	2	19.000	Working	0	1	0	1	0	0	0	0	0	0	0	0	1	0
114007303213543	114007303	2018-06-13		0			0	0	0	0	0	12.50	3	19.000	Working	0	0	0	0	0	0	0	0	0	0	0	0	0	0
114007303213681	114007303	2018-06-27		0			0	0	0	0	0	12.43	1	19.000	Working	0	0	0	0	0	0	0	0	0	0	0	0	0	0
114007303213682	114007303	2018-06-27		0			0	0	0	0	0	12.43	2	19.000	Working	0	0	0	0	0	0	0	0	0	0	0	0	0	0
114007303213683	114007303	2018-06-27		0			0	0	0	0	0	12.43	3	19.000	Working	0	0	0	0	0	0	0	0	0	0	0	0	0	0
114007303213821	114007303	2018-07-11		0			0	0	0	0	0	12.43	1	19.000	Working	0	0	0	0	0	0	0	0	0	0	0	0	0	0
114007303213822	114007303	2018-07-11		0			0	0	0	0	0	12.43	2	19.000	Working	0	0	0	0	0	0	0	0	0	0	0	0	0	0
114007303213823	114007303	2018-07-11		0			0	0	0	0	0	12.43	3	19.000	Working	0	0	0	0	0	0	0	0	0	0	0	0	0	0
114007303213961	114007303	2018-07-25		0			0	0	0	0	0	12.60	1	19.000	Working	0	0	0	0	0	0	0	0	0	0	0	0	0	0
114007303213962	114007303	2018-07-25		0			0	0	0	0	0	12.60	2	19.000	Working	0	0	0	0	0	0	0	0	0	0	0	0	0	0
114007303213963	114007303	2018-07-25		0			0	0	0	0	0	12.60	3	19.000	Working	0	0	0	0	0	0	0	0	0	0	0	0	0	0
114007303214101	114007303	2018-08-08	1	0	1	0	0	0	0	0	0	12.17	1	19.000	Working	0	0	0	0	0	0	0	0	0	0	0	0	0	0
114007303214102	114007303	2018-08-08		0			0	0	0	0	0	12.17	2	19.000	Working	0	0	0	0	0	0	0	0	0	0	0	0	0	0
114007303214103	114007303	2018-08-08		1			0	1	0	0	0	12.17	3	19.000	Working	0	2	0	1	0	0	0	1	0	0	0	0	1	1
114007303214241	114007303	2018-08-22		0			0	0	0	0	0	12.35	1	19.000	Working	0	0	0	0	0	0	0	0	0	0	0	0	0	0
114007303214242	114007303	2018-08-22		0			0	0	0	0	0	12.35	2	19.000	Working	0	0	0	0	0	0	0	0	0	0	0	0	0	0
114007303214243	114007303	2018-08-22		0			0	0	0	0	0	12.35	3	19.000	Working	0	0	0	0	0	0	0	0	0	0	0	0	0	0
114007303214381	114007303	2018-09-05		0			0	0	0	0	0	11.93	1	19.000	Working	0	0	0	0	0	0	0	0	0	0	0	0	0	0
114007303214382	114007303	2018-09-05		0			0	0	0	0	0	11.93	2	19.000	Working	0	0	0	0	0	0	0	0	0	0	0	0	0	0
114007303214383	114007303	2018-09-05		0			0	0	0	0	0	11.93	3	19.000	Working	0	0	0	0	0	0	0	0	0	0	0	0	0	0
114007303214541	114007303	2018-09-21		0			0	0	0	0	0	12.12	1	19.000	Working	0	0	0	0	0	0	0	0	0	0	0	0	0	0
114007303214542	114007303	2018-09-21		0			0	0	0	0	0	12.12	2	19.000	Working	0	0	0	0	0	0	0	0	0	0	0	0	0	0
114007303214543	114007303	2018-09-21		0			0	0	0	0	0	12.12	3	19.000	Working	0	0	0	0	0	0	0	0	0	0	0	0	0	0
114007303214661	114007303	2018-10-03		2			1	1	0	0	0	13.48	1	19.000	Working	0	2	0	2	0	0	0	0	0	0	0	0	2	0
114007303214662	114007303	2018-10-03		0			0	0	0	0	0	13.48	2	19.000	Working	0	0	0	0	0	0	0	0	0	0	0	0	0	0
114007303214663	114007303	2018-10-03		0			0	0	0	0	0	13.48	3	19.000	Working	0	0	0	0	0	0	0	0	0	0	0	0	0	0
114007303214801	114007303	2018-10-17	1	0	1	0	0	0	0	0	0	12.43	1	19.000	Working	0	0	0	0	0	0	0	0	0	0	0	0	0	0
114007303214802	114007303	2018-10-17		1			0	1	0	0	0	12.43	2	19.000	Working	0	1	0	1	0	0	0	0	0	0	0	0	1	0
114007303214803	114007303	2018-10-17		0			0	0	0	0	0	12.43	3	19.000	Working	0	0	0	0	0	0	0	0	0	0	0	0	0	0
114007303214941	114007303	2018-10-31	1	1	1	0	0	1	0	0	0	12.10	1	19.000	Working	0	1	0	1	0	0	0	0	0	0	0	0	1	0
114007303214942	114007303	2018-10-31		0			0	0	0	0	0	12.10	2	19.000	Working	0	0	0	0	0	0	0	0	0	0	0	0	0	0
114007303214943	114007303	2018-10-31		0			0	0	0	0	0	12.10	3	19.000	Working	0	1	0	1	0	0	0	0	0	1	0	0	0	0
114007303215081	114007303	2018-11-14		0			0	0	0	0	0	13.62	1	19.000	Working	0	0	0	0	0	0	0	0	0	0	0	0	0	0
114007303215082	114007303	2018-11-14		0			0	0	0	0	0	13.62	2	19.000	Working	0	0	0	0	0	0	0	0	0	0	0	0	0	0
114007303215083	114007303	2018-11-14		0			0	0	0	0	0	13.62	3	19.000	Working	0	0	0	0	0	0	0	0	0	0	0	0	0	0
114007303215221	114007303	2018-11-28		0			0	0	0	0	0	12.55	1	19.000	Working	0	0	0	0	0	0	0	0	0	0	0	0	0	0
114007303215222	114007303	2018-11-28		0			0	0	0	0	0	12.55	2	19.000	Working	0	0	0	0	0	0	0	0	0	0	0	0	0	0
114007303215223	114007303	2018-11-28		0			0	0	0	0	0	12.55	3	19.000	Working	0	0	0	0	0	0	0	0	0	0	0	0	0	0
114007303215361	114007303	2018-12-12	3	0	3	0	0	0	0	0	0	12.38	1	19.000	Working	0	0	0	0	0	0	0	0	0	0	0	0	0	0
114007303215362	114007303	2018-12-12		0			0	0	0	0	0	12.38	2	19.000	Working	0	0	0	0	0	0	0	0	0	0	0	0	0	0
114007303215363	114007303	2018-12-12		2			0	2	0	0	0	12.38	3	19.000	Working	0	3	0	3	0	0	0	0	0	1	0	0	2	0
114007303215511	114007303	2018-12-27		0			0	0	0	0	0	13.58	1	19.000	Working	0	0	0	0	0	0	0	0	0	0	0	0	0	0
114007303215512	114007303	2018-12-27		0			0	0	0	0	0	13.58	2	19.000	Working	0	0	0	0	0	0	0	0	0	0	0	0	0	0
114007303215513	114007303	2018-12-27		0			0	0	0	0	0	13.58	3	19.000	Working	0	0	0	0	0	0	0	0	0	0	0	0	0	0
114007303215641	114007303	2019-01-09		0			0	0	0	0	0	12.47	1	19.000	Working	0	0	0	0	0	0	0	0	0	0	0	0	0	0
114007303215642	114007303	2019-01-09		0			0	0	0	0	0	12.47	2	19.000	Working	0	0	0	0	0	0	0	0	0	0	0	0	0	0
114007303215643	114007303	2019-01-09		0			0	0	0	0	0	12.47	3	19.000	Working	0	0	0	0	0	0	0	0	0	0	0	0	0	0
114007303215781	114007303	2019-01-23		0			0	0	0	0	0	12.33	1	19.000	Working	0	0	0	0	0	0	0	0	0	0	0	0	0	0
114007303215782	114007303	2019-01-23		0			0	0	0	0	0	12.33	2	19.000	Working	0	0	0	0	0	0	0	0	0	0	0	0	0	0
114007303215783	114007303	2019-01-23		0			0	0	0	0	0	12.33	3	19.000	Working	0	0	0	0	0	0	0	0	0	0	0	0	0	0
114007303215921	114007303	2019-02-06		0			0	0	0	0	0	13.58	1	19.000	Working	0	0	0	0	0	0	0	0	0	0	0	0	0	0
114007303215922	114007303	2019-02-06		0			0	0	0	0	0	13.58	2	19.000	Working	0	0	0	0	0	0	0	0	0	0	0	0	0	0
114007303215923	114007303	2019-02-06		0			0	0	0	0	0	13.58	3	19.000	Working	0	0	0	0	0	0	0	0	0	0	0	0	0	0
114007303216061	114007303	2019-02-20		0			0	0	0	0	0	12.65	1	19.000	Working	0	0	0	0	0	0	0	0	0	0	0	0	0	0
114007303216062	114007303	2019-02-20		0			0	0	0	0	0	12.65	2	19.000	Working	0	0	0	0	0	0	0	0	0	0	0	0	0	0
114007303216063	114007303	2019-02-20		0			0	0	0	0	0	12.65	3	19.000	Working	0	0	0	0	0	0	0	0	0	0	0	0	0	0
114007303216201	114007303	2019-03-06		0			0	0	0	0	0	12.45	1	19.000	Working	0	0	0	0	0	0	0	0	0	0	0	0	0	0
114007303216202	114007303	2019-03-06		0			0	0	0	0	0	12.45	2	19.000	Working	0	0	0	0	0	0	0	0	0	0	0	0	0	0
114007303216203	114007303	2019-03-06		0			0	0	0	0	0	12.45	3	19.000	Working	0	0	0	0	0	0	0	0	0	0	0	0	0	0
114007303216341	114007303	2019-03-20		0			0	0	0	0	0	12.40	1	19.000	Working	0	0	0	0	0	0	0	0	0	0	0	0	0	0
114007303216342	114007303	2019-03-20		0			0	0	0	0	0	12.40	2	19.000	Working	0	0	0	0	0	0	0	0	0	0	0	0	0	0
114007303216343	114007303	2019-03-20		0			0	0	0	0	0	12.40	3	19.000	Working	0	0	0	0	0	0	0	0	0	0	0	0	0	0
114007303216481	114007303	2019-04-03		0			0	0	0	0	0	12.47	1	19.000	Working	0	0	0	0	0	0	0	0	0	0	0	0	0	0
114007303216482	114007303	2019-04-03		0			0	0	0	0	0	12.47	2	19.000	Working	0	0	0	0	0	0	0	0	0	0	0	0	0	0
114007303216483	114007303	2019-04-03		0			0	0	0	0	0	12.47	3	19.000	Working	0	0	0	0	0	0	0	0	0	0	0	0	0	0
114007303216621	114007303	2019-04-17	2	1	2	0	0	1	0	0	0	12.08	1	19.000	Working	1	2	0	2	0	1	0	0	0	0	0	0	1	0
114007303216622	114007303	2019-04-17		0			0	0	0	0	0	12.08	2	19.000	Working	2	0	0	0	0	0	0	0	0	0	0	0	0	0
114007303216623	114007303	2019-04-17		0			0	0	0	0	0	12.08	3	19.000	Working	0	1	0	1	0	1	0	0	0	0	0	0	0	0
114007303216761	114007303	2019-05-01		0			0	0	0	0	0	12.22	1	19.000	Working	0	0	0	0	0	0	0	0	0	0	0	0	0	0
114007303216762	114007303	2019-05-01		0			0	0	0	0	0	12.22	2	19.000	Working	0	0	0	0	0	0	0	0	0	0	0	0	0	0
114007303216763	114007303	2019-05-01		0			0	0	0	0	0	12.22	3	19.000	Working	0	0	0	0	0	0	0	0	0	0	0	0	0	0
114007303216901	114007303	2019-05-15	2	0	2	0	0	0	0	0	0	12.42	1	19.000	Working	0	2	0	2	0	0	0	0	0	2	0	0	0	0
114007303216902	114007303	2019-05-15		6			1	5	0	3	0	12.42	2	19.000	Working	0	9	0	9	0	0	0	0	0	0	0	0	6	0
114007303216903	114007303	2019-05-15		0			0	0	0	0	0	12.42	3	19.000	Working	0	0	0	0	0	0	0	0	0	0	0	0	0	0
114007303217041	114007303	2019-05-29		4			1	3	0	0	0	13.37	1	19.000	Working	0	4	0	4	0	0	0	0	0	0	0	0	4	0
114007303217042	114007303	2019-05-29		0			0	0	0	0	0	13.37	2	19.000	Working	0	0	0	0	0	0	0	0	0	0	0	0	0	0
114007303217043	114007303	2019-05-29		1			1	0	0	0	0	13.37	3	19.000	Working	0	1	0	1	0	0	0	0	0	0	0	0	1	0
114007303217181	114007303	2019-06-12		0			0	0	0	0	0	12.38	1	19.000	Working	0	0	0	0	0	0	0	0	0	0	0	0	0	0
114007303217182	114007303	2019-06-12		2			0	2	0	4	0	12.38	2	19.000	Working	0	6	0	6	0	0	0	0	0	0	0	0	2	0
114007303217183	114007303	2019-06-12		0			0	0	0	0	0	12.38	3	19.000	Working	0	0	0	0	0	0	0	0	0	0	0	0	0	0
114007303217321	114007303	2019-06-26		1			0	1	0	0	0	12.50	1	19.000	Working	0	2	0	1	0	0	1	1	0	0	0	0	1	0
114007303217322	114007303	2019-06-26		3			2	1	0	0	0	12.50	2	19.000	Working	0	3	0	3	0	0	0	0	0	0	0	0	3	0
114007303217323	114007303	2019-06-26		0			0	0	0	0	0	12.50	3	19.000	Working	0	0	0	0	0	0	0	0	0	0	0	0	0	0
114007303217461	114007303	2019-07-10		0			0	0	0	0	0	12.23	1	19.000	Working	0	0	0	0	0	0	0	0	0	0	0	0	0	0
114007303217462	114007303	2019-07-10		0			0	0	0	0	0	12.23	2	19.000	Working	0	1	0	1	0	1	0	0	0	0	0	0	0	0
114007303217463	114007303	2019-07-10		0			0	0	0	0	0	12.23	3	19.000	Working	0	0	0	0	0	0	0	0	0	0	0	0	0	0
114007303217601	114007303	2019-07-24		1			0	1	0	0	0	12.35	1	19.000	Working	0	2	0	2	0	1	0	0	0	0	0	0	1	0
114007303217602	114007303	2019-07-24		1			1	0	0	0	0	12.35	2	19.000	Working	0	1	0	1	0	0	0	0	0	0	0	0	1	0
114007303217603	114007303	2019-07-24		0			0	0	0	0	0	12.35	3	19.000	Working	0	0	0	0	0	0	0	0	0	0	0	0	0	0
114007303217741	114007303	2019-08-07	1	1	1	0	1	0	0	0	0	12.40	1	19.000	Working	0	1	0	1	0	0	0	0	0	0	0	0	1	0
114007303217742	114007303	2019-08-07		0			0	0	0	0	0	12.40	2	19.000	Working	0	0	0	0	0	0	0	0	0	0	0	0	0	0
114007303217743	114007303	2019-08-07		0			0	0	0	0	0	12.40	3	19.000	Working	0	0	0	0	0	0	0	0	0	0	0	0	0	0
114007303217881	114007303	2019-08-21		0			0	0	0	0	0	12.53	1	19.000	Working	0	0	0	0	0	0	0	0	0	0	0	0	0	0
114007303217882	114007303	2019-08-21		1			0	1	0	0	0	12.53	2	19.000	Working	0	1	0	1	0	0	0	0	0	0	0	0	1	0
114007303217883	114007303	2019-08-21		0			0	0	0	0	0	12.53	3	19.000	Working	0	0	0	0	0	0	0	0	0	0	0	0	0	0
114007303218021	114007303	2019-09-04		0			0	0	0	0	0	12.35	1	19.000	Working	0	0	0	0	0	0	0	0	0	0	0	0	0	0
114007303218022	114007303	2019-09-04		0			0	0	0	0	0	12.35	2	19.000	Working	0	0	0	0	0	0	0	0	0	0	0	0	0	0
114007303218023	114007303	2019-09-04		0			0	0	0	0	0	12.35	3	19.000	Working	0	1	0	1	0	0	0	0	0	1	0	0	0	0
114007303218161	114007303	2019-09-18		0			0	0	0	0	0	12.28	1	19.000	Working	0	0	0	0	0	0	0	0	0	0	0	0	0	0
114007303218162	114007303	2019-09-18		0			0	0	0	0	0	12.28	2	19.000	Working	0	0	0	0	0	0	0	0	0	0	0	0	0	0
114007303218163	114007303	2019-09-18		0			0	0	0	0	0	12.28	3	19.000	Working	0	0	0	0	0	0	0	0	0	0	0	0	0	0
114007303218301	114007303	2019-10-02		0			0	0	0	0	0	12.10	1	19.000	Working	0	0	0	0	0	0	0	0	0	0	0	0	0	0
114007303218302	114007303	2019-10-02		0			0	0	0	0	0	12.10	2	19.000	Working	0	0	0	0	0	0	0	0	0	0	0	0	0	0
114007303218303	114007303	2019-10-02		0			0	0	0	0	0	12.10	3	19.000	Working	0	0	0	0	0	0	0	0	0	0	0	0	0	0
114011201211261	114011201	2017-10-30		0			0	0	0	0	0	13.62	1	19.000	Working	0	0	0	0	0	0	0	0	0	0	0	0	0	0
114011201211262	114011201	2017-10-30		0			0	0	0	0	0	13.62	2	19.000	Working	0	0	0	0	0	0	0	0	0	0	0	0	0	0
114011201211441	114011201	2017-11-17	1	3	1	0	2	1	0	0	0	11.70	1	19.000	Working	0	3	0	3	0	0	0	0	0	0	0	0	3	0
114011201211442	114011201	2017-11-17		3			0	3	0	0	0	11.70	2	19.000	Working	0	3	0	3	0	0	0	0	0	0	0	0	3	0
114011201211581	114011201	2017-12-01		0			0	0	1	0	0	12.17	1	19.000	Working	0	1	1	0	0	0	0	0	0	0	0	0	0	0
114011201211582	114011201	2017-12-01		0			0	0	0	0	0	12.17	2	19.000	Working	0	0	0	0	0	0	0	0	0	0	0	0	0	0
114011201211721	114011201	2017-12-15	1	2	1	0	1	1	0	0	0	11.85	1	19.000	Working	0	2	0	2	0	0	0	0	0	0	0	0	2	0
114011201211722	114011201	2017-12-15		1			0	1	0	0	0	11.85	2	19.000	Working	0	2	0	1	0	0	0	1	0	0	0	0	1	1
114011201211871	114011201	2017-12-30		0			0	0	0	0	0	12.00	1	19.000	Working	0	0	0	0	0	0	0	0	0	0	0	0	0	0
114011201211872	114011201	2017-12-30		0			0	0	0	0	0	12.00	2	19.000	Working	0	0	0	0	0	0	0	0	0	0	0	0	0	0
114011201212011	114011201	2018-01-13		0			0	0	0	0	0	12.15	1	19.000	Working	0	0	0	0	0	0	0	0	0	0	0	0	0	0
114011201212012	114011201	2018-01-13		0			0	0	0	0	0	12.15	2	19.000	Working	0	0	0	0	0	0	0	0	0	0	0	0	0	0
114011201212141	114011201	2018-01-26		0			0	0	0	0	0	12.37	1	19.000	Working	0	0	0	0	0	0	0	0	0	0	0	0	0	0
114011201212142	114011201	2018-01-26		0			0	0	0	0	0	12.37	2	19.000	Working	0	0	0	0	0	0	0	0	0	0	0	0	0	0
114011201212281	114011201	2018-02-09		0			0	0	0	0	0	12.17	1	19.000	Working	0	0	0	0	0	0	0	0	0	0	0	0	0	0
114011201212282	114011201	2018-02-09		0			0	0	0	0	0	12.17	2	19.000	Working	0	0	0	0	0	0	0	0	0	0	0	0	0	0
114011201212421	114011201	2018-02-23		0			0	0	0	0	0	12.08	1	19.000	Working	0	0	0	0	0	0	0	0	0	0	0	0	0	0
114011201212422	114011201	2018-02-23		0			0	0	0	0	0	12.08	2	19.000	Working	0	0	0	0	0	0	0	0	0	0	0	0	0	0
114011201212561	114011201	2018-03-09		0			0	0	0	0	0	11.87	1	19.000	Working	0	0	0	0	0	0	0	0	0	0	0	0	0	0
114011201212562	114011201	2018-03-09		0			0	0	0	0	0	11.87	2	19.000	Working	0	0	0	0	0	0	0	0	0	0	0	0	0	0
114011201212701	114011201	2018-03-23		0			0	0	0	0	0	12.18	1	19.000	Working	0	0	0	0	0	0	0	0	0	0	0	0	0	0
114011201212702	114011201	2018-03-23		0			0	0	0	0	0	12.18	2	19.000	Working	0	0	0	0	0	0	0	0	0	0	0	0	0	0
114011201212841	114011201	2018-04-06		0			0	0	0	0	0	11.80	1	19.000	Working	0	0	0	0	0	0	0	0	0	0	0	0	0	0
114011201212842	114011201	2018-04-06		1			0	1	0	0	0	11.80	2	19.000	Working	0	2	0	2	0	0	0	0	0	1	0	0	1	0
114011201212981	114011201	2018-04-20		10			4	6	0	0	0	12.22	1	19.000	Working	0	10	0	10	0	0	0	0	0	0	0	0	10	0
114011201212982	114011201	2018-04-20		2			1	1	0	0	0	12.22	2	19.000	Working	0	2	0	2	0	0	0	0	0	0	0	0	2	0
114011201213121	114011201	2018-05-04		2			0	2	0	0	0	12.25	1	19.000	Working	0	2	0	2	0	0	0	0	0	0	0	0	2	0
114011201213122	114011201	2018-05-04		9			7	2	0	0	0	12.25	2	19.000	Working	0	9	0	9	0	0	0	0	0	0	0	0	9	0
114011201213261	114011201	2018-05-18		5			2	3	0	0	0	12.02	1	19.000	Working	0	7	0	7	0	1	0	0	0	1	0	0	5	0
114011201213262	114011201	2018-05-18		6			1	5	0	0	0	12.02	2	19.000	Working	0	7	0	7	0	0	0	0	0	1	0	0	6	0
114011201213401	114011201	2018-06-01		0			0	0	0	0	0	12.00	1	19.000	Working	0	0	0	0	0	0	0	0	0	0	0	0	0	0
114011201213402	114011201	2018-06-01		1			1	0	0	0	0	12.00	2	19.000	Working	0	1	0	1	0	0	0	0	0	0	0	0	1	0
114011201213541	114011201	2018-06-15		3			2	1	0	0	0	11.97	1	19.000	Working	0	3	0	3	0	0	0	0	0	0	0	0	3	0
114011201213542	114011201	2018-06-15		1			0	1	0	0	0	11.97	2	19.000	Working	0	1	0	1	0	0	0	0	0	0	0	0	1	0
114011201213681	114011201	2018-06-29		1			0	1	0	1	0	12.50	1	19.000	Working	0	3	0	2	0	0	0	1	0	0	0	0	1	1
114011201213682	114011201	2018-06-29		1			1	0	0	0	0	12.50	2	19.000	Working	0	1	1	0	0	0	0	0	0	0	0	1	0	0
114011201213821	114011201	2018-07-13		0			0	0	0	0	0	12.23	1	19.000	Working	0	0	0	0	0	0	0	0	0	0	0	0	0	0
114011201213822	114011201	2018-07-13		0			0	0	0	0	0	12.23	2	19.000	Working	0	0	0	0	0	0	0	0	0	0	0	0	0	0
114011201213961	114011201	2018-07-27		1			0	1	0	0	0	11.88	1	19.000	Working	0	1	0	1	0	0	0	0	0	0	0	0	1	0
114011201213962	114011201	2018-07-27		0			0	0	0	0	0	11.88	2	19.000	Working	0	0	0	0	0	0	0	0	0	0	0	0	0	0
114011201214101	114011201	2018-08-10		0			0	0	0	0	0	11.97	1	19.000	Working	0	0	0	0	0	0	0	0	0	0	0	0	0	0
114011201214102	114011201	2018-08-10		0			0	0	0	0	0	11.97	2	19.000	Working	0	1	0	0	0	0	0	1	0	0	0	0	0	1
114011201214241	114011201	2018-08-24		0			0	0	0	0	0	12.00	1	19.000	Working	0	0	0	0	0	0	0	0	0	0	0	0	0	0
114011201214242	114011201	2018-08-24		0			0	0	0	0	0	12.00	2	19.000	Working	0	0	0	0	0	0	0	0	0	0	0	0	0	0
114011201214381	114011201	2018-09-07		1			1	0	0	0	0	11.77	1	19.000	Working	0	1	0	1	0	0	0	0	0	0	0	0	1	0
114011201214382	114011201	2018-09-07		0			0	0	0	0	0	11.77	2	19.000	Working	0	0	0	0	0	0	0	0	0	0	0	0	0	0
114011201214541	114011201	2018-09-23		0			0	0	0	0	0	13.35	1	19.000	Working	0	0	0	0	0	0	0	0	0	0	0	0	0	0
114011201214542	114011201	2018-09-23		0			0	0	0	0	0	13.35	2	19.000	Working	0	0	0	0	0	0	0	0	0	0	0	0	0	0
114011201214661	114011201	2018-10-05		0			0	0	0	0	0	11.75	1	19.000	Working	0	0	0	0	0	0	0	0	0	0	0	0	0	0
114011201214662	114011201	2018-10-05		0			0	0	0	0	0	11.75	2	19.000	Working	0	1	0	1	0	0	0	0	0	1	0	0	0	0
114011201214801	114011201	2018-10-19		0			0	0	0	0	0	12.25	1	19.000	Working	0	0	0	0	0	0	0	0	0	0	0	0	0	0
114011201214802	114011201	2018-10-19		0			0	0	0	0	0	12.25	2	19.000	Working	0	0	0	0	0	0	0	0	0	0	0	0	0	0
114011201214941	114011201	2018-11-02		0			0	0	0	0	0	11.83	1	19.000	Working	0	0	0	0	0	0	0	0	0	0	0	0	0	0
114011201214942	114011201	2018-11-02		0			0	0	0	0	0	11.83	2	19.000	Working	0	0	0	0	0	0	0	0	0	0	0	0	0	0
114011201215081	114011201	2018-11-16	2	1	2	0	0	1	0	1	0	11.92	1	19.000	Working	0	2	0	2	0	0	0	0	0	0	0	0	1	0
114011201215082	114011201	2018-11-16		0			0	0	0	0	0	11.92	2	19.000	Working	0	2	0	2	0	0	0	0	0	2	0	0	0	0
114011201215221	114011201	2018-11-30		0			0	0	0	0	0	11.87	1	19.000	Working	0	0	0	0	0	0	0	0	0	0	0	0	0	0
114011201215222	114011201	2018-11-30		0			0	0	0	0	0	11.87	2	19.000	Working	0	0	0	0	0	0	0	0	0	0	0	0	0	0
114011201215361	114011201	2018-12-14		0			0	0	0	0	0	12.02	1	19.000	Working	0	0	0	0	0	0	0	0	0	0	0	0	0	0
114011201215362	114011201	2018-12-14		0			0	0	0	0	0	12.02	2	19.000	Working	0	0	0	0	0	0	0	0	0	0	0	0	0	0
114011201215511	114011201	2018-12-29		0			0	0	0	0	0	12.12	1	19.000	Working	0	0	0	0	0	0	0	0	0	0	0	0	0	0
114011201215512	114011201	2018-12-29		0			0	0	0	0	0	12.12	2	19.000	Working	0	0	0	0	0	0	0	0	0	0	0	0	0	0
114011201215641	114011201	2019-01-11		0			0	0	0	0	0	11.83	1	19.000	Working	3	0	0	0	0	0	0	0	0	0	0	0	0	0
114011201215642	114011201	2019-01-11		0			0	0	0	0	0	11.83	2	19.000	Working	4	0	0	0	0	0	0	0	0	0	0	0	0	0
114011201215781	114011201	2019-01-25		0			0	0	0	0	0	12.10	1	19.000	Working	0	0	0	0	0	0	0	0	0	0	0	0	0	0
114011201215782	114011201	2019-01-25		0			0	0	0	0	0	12.10	2	19.000	Working	0	0	0	0	0	0	0	0	0	0	0	0	0	0
114011201215921	114011201	2019-02-08	1	0	1	0	0	0	0	0	0	11.95	1	19.000	Working	0	1	0	1	0	1	0	0	0	0	0	0	0	0
114011201215922	114011201	2019-02-08		0			0	0	0	0	0	11.95	2	19.000	Working	0	0	0	0	0	0	0	0	0	0	0	0	0	0
114011201216061	114011201	2019-02-22	1	0	1	0	0	0	0	0	0	12.20	1	19.000	Working	0	0	0	0	0	0	0	0	0	0	0	0	0	0
114011201216062	114011201	2019-02-22		1			0	1	0	0	0	12.20	2	19.000	Working	0	1	0	1	0	0	0	0	0	0	0	0	1	0
114011201216201	114011201	2019-03-08	1	1	1	0	0	1	0	0	0	12.63	1	19.000	Working	0	1	0	1	0	0	0	0	0	0	0	0	1	0
114011201216202	114011201	2019-03-08		0			0	0	0	0	0	12.63	2	19.000	Working	0	0	0	0	0	0	0	0	0	0	0	0	0	0
114011201216341	114011201	2019-03-22		0			0	0	0	0	0	11.87	1	19.000	Working	0	0	0	0	0	0	0	0	0	0	0	0	0	0
114011201216342	114011201	2019-03-22		0			0	0	0	0	0	11.87	2	19.000	Working	0	0	0	0	0	0	0	0	0	0	0	0	0	0
114011201216481	114011201	2019-04-05		0			0	0	0	0	0	11.92	1	19.000	Working	0	0	0	0	0	0	0	0	0	0	0	0	0	0
114011201216482	114011201	2019-04-05		0			0	0	0	0	0	11.92	2	19.000	Working	0	0	0	0	0	0	0	0	0	0	0	0	0	0
114011201216621	114011201	2019-04-19		0			0	0	0	0	0	11.80	1	19.000	Working	0	0	0	0	0	0	0	0	0	0	0	0	0	0
114011201216622	114011201	2019-04-19		0			0	0	0	0	0	11.80	2	19.000	Working	1	1	0	1	0	1	0	0	0	0	0	0	0	0
114011201216761	114011201	2019-05-03		1			0	1	0	0	0	11.90	1	19.000	Working	0	1	0	1	0	0	0	0	0	0	0	0	1	0
114011201216762	114011201	2019-05-03		0			0	0	0	0	0	11.90	2	19.000	Working	0	0	0	0	0	0	0	0	0	0	0	0	0	0
114011201216901	114011201	2019-05-17		0			0	0	0	0	0	11.85	1	19.000	Working	0	0	0	0	0	0	0	0	0	0	0	0	0	0
114011201216902	114011201	2019-05-17		0			0	0	0	0	0	11.85	2	19.000	Working	0	0	0	0	0	0	0	0	0	0	0	0	0	0
114011201217041	114011201	2019-05-31		0			0	0	0	0	0	11.90	1	19.000	Working	0	0	0	0	0	0	0	0	0	0	0	0	0	0
114011201217042	114011201	2019-05-31		1			1	0	0	0	0	11.90	2	19.000	Working	0	4	0	4	0	0	0	0	0	0	0	0	4	0
114011201217181	114011201	2019-06-14		0			0	0	0	0	0	11.87	1	19.000	Working	0	0	0	0	0	0	0	0	0	0	0	0	0	0
114011201217182	114011201	2019-06-14		1			1	0	0	0	0	11.87	2	19.000	Working	0	1	0	1	0	0	0	0	0	0	0	0	1	0
114011201217321	114011201	2019-06-28		0			0	0	0	2	0	11.87	1	19.000	Working	0	3	0	3	0	0	0	0	0	1	0	0	0	0
114011201217322	114011201	2019-06-28		1			1	0	0	0	0	11.87	2	19.000	Working	0	1	0	1	0	0	0	0	0	0	0	0	1	0
114011201217461	114011201	2019-07-12		1			0	1	0	0	0	11.88	1	19.000	Working	0	1	0	1	0	0	0	0	0	0	0	0	1	0
114011201217462	114011201	2019-07-12		1			0	1	0	0	0	11.88	2	19.000	Working	0	1	0	1	0	0	0	0	0	0	0	0	1	0
114011201217601	114011201	2019-07-26		1			0	1	0	0	0	12.03	1	19.000	Working	2	1	0	1	0	0	0	0	0	0	0	0	1	0
114011201217602	114011201	2019-07-26		0			0	0	0	0	0	12.03	2	19.000	Working	0	0	0	0	0	0	0	0	0	0	0	0	0	0
114011201217741	114011201	2019-08-09		0			0	0	0	0	0	11.85	1	19.000	Working	0	0	0	0	0	0	0	0	0	0	0	0	0	0
114011201217742	114011201	2019-08-09		0			0	0	0	0	0	11.85	2	19.000	Working	0	0	0	0	0	0	0	0	0	0	0	0	0	0
114011201217881	114011201	2019-08-23	1	1	1	0	0	1	0	0	0	11.72	1	19.000	Working	0	1	0	1	0	0	0	0	0	0	0	0	1	0
114011201217882	114011201	2019-08-23		0			0	0	0	0	0	11.72	2	19.000	Working	0	0	0	0	0	0	0	0	0	0	0	0	0	0
114011201218021	114011201	2019-09-06		0			0	0	0	0	0	11.77	1	19.000	Working	0	0	0	0	0	0	0	0	0	0	0	0	0	0
114011201218022	114011201	2019-09-06		0			0	0	0	0	0	11.77	2	19.000	Working	0	0	0	0	0	0	0	0	0	0	0	0	0	0
114011201218161	114011201	2019-09-20		0			0	0	0	0	0	12.23	1	19.000	Working	0	0	0	0	0	0	0	0	0	0	0	0	0	0
114011201218162	114011201	2019-09-20		0			0	0	0	0	0	12.23	2	19.000	Working	0	0	0	0	0	0	0	0	0	0	0	0	0	0
114011201218301	114011201	2019-10-04		1			0	1	0	0	0	12.17	1	19.000	Working	5	1	0	1	0	0	0	0	0	0	0	0	1	0
114011201218302	114011201	2019-10-04		0			0	0	0	0	0	12.17	2	19.000	Working	4	0	0	0	0	0	0	0	0	0	0	0	0	0
115007801211251	115007801	2017-10-29		1			1	0	0	0	0	13.37	1	19.000	Working	0	1	0	1	0	0	0	0	0	0	0	0	1	0
115007801211252	115007801	2017-10-29		0			0	0	0	0	0	13.37	2	19.000	Working	0	0	0	0	0	0	0	0	0	0	0	0	0	0
115007801211401	115007801	2017-11-13		2			1	1	0	0	0	12.00	1	19.000	Working	0	2	0	2	0	0	0	0	0	0	0	0	2	0
115007801211402	115007801	2017-11-13		0			0	0	0	0	0	12.00	2	19.000	Working	0	0	0	0	0	0	0	0	0	0	0	0	0	0
115007801211571	115007801	2017-11-30		1			0	1	0	0	0	12.02	1	19.000	Working	0	2	0	1	0	0	0	1	0	0	0	0	1	1
115007801211572	115007801	2017-11-30		0			0	0	0	0	0	12.02	2	19.000	Working	0	0	0	0	0	0	0	0	0	0	0	0	0	0
115007801211711	115007801	2017-12-14		1			0	1	0	0	0	11.70	1	19.000	Working	0	1	0	1	0	0	0	0	0	0	0	0	1	0
115007801211712	115007801	2017-12-14		0			0	0	0	0	0	11.70	2	19.000	Working	0	0	0	0	0	0	0	0	0	0	0	0	0	0
115007801211861	115007801	2017-12-29		0			0	0	0	0	0	11.85	1	19.000	Working	0	0	0	0	0	0	0	0	0	0	0	0	0	0
115007801211862	115007801	2017-12-29		0			0	0	0	0	0	11.85	2	19.000	Working	0	0	0	0	0	0	0	0	0	0	0	0	0	0
115007801212001	115007801	2018-01-12		0			0	0	0	0	0	11.73	1	19.000	Working	0	0	0	0	0	0	0	0	0	0	0	0	0	0
115007801212002	115007801	2018-01-12		0			0	0	0	0	0	11.73	2	19.000	Working	0	0	0	0	0	0	0	0	0	0	0	0	0	0
115007801212131	115007801	2018-01-25		0			0	0	0	0	0	13.75	1	19.000	Working	0	0	0	0	0	0	0	0	0	0	0	0	0	0
115007801212132	115007801	2018-01-25		0			0	0	0	0	0	13.75	2	19.000	Working	0	0	0	0	0	0	0	0	0	0	0	0	0	0
115007801212271	115007801	2018-02-08		0			0	0	0	0	0	12.12	1	19.000	Working	0	0	0	0	0	0	0	0	0	0	0	0	0	0
115007801212272	115007801	2018-02-08		0			0	0	0	0	0	12.12	2	19.000	Working	0	0	0	0	0	0	0	0	0	0	0	0	0	0
115007801212411	115007801	2018-02-22		0			0	0	0	0	0	11.68	1	19.000	Working	0	0	0	0	0	0	0	0	0	0	0	0	0	0
115007801212412	115007801	2018-02-22		0			0	0	0	0	0	11.68	2	19.000	Working	0	0	0	0	0	0	0	0	0	0	0	0	0	0
115007801212551	115007801	2018-03-08	1	0	1	0	0	0	0	1	0	11.75	1	19.000	Working	0	1	0	1	0	0	0	0	0	0	0	0	0	0
115007801212552	115007801	2018-03-08		0			0	0	0	0	0	11.75	2	19.000	Working	0	0	0	0	0	0	0	0	0	0	0	0	0	0
115007801212691	115007801	2018-03-22		0			0	0	0	0	0	11.83	1	19.000	Working	0	0	0	0	0	0	0	0	0	0	0	0	0	0
115007801212692	115007801	2018-03-22		0			0	0	0	0	0	11.83	2	19.000	Working	0	0	0	0	0	0	0	0	0	0	0	0	0	0
115007801212831	115007801	2018-04-05		4			2	2	0	0	0	11.67	1	19.000	Working	0	4	0	4	0	0	0	0	0	0	0	0	4	0
115007801212832	115007801	2018-04-05		0			0	0	0	0	0	11.67	2	19.000	Working	0	0	0	0	0	0	0	0	0	0	0	0	0	0
115007801212971	115007801	2018-04-19	1	2	1	0	0	2	0	0	0	12.03	1	19.000	Working	0	2	0	2	0	0	0	0	0	0	0	0	2	0
115007801212972	115007801	2018-04-19		12			5	7	0	1	0	12.03	2	19.000	Working	0	14	0	14	0	0	0	0	0	1	0	0	12	0
115007801213111	115007801	2018-05-03		13			7	6	0	0	0	11.67	1	19.000	Working	0	18	0	18	0	2	0	0	0	3	0	0	13	0
115007801213112	115007801	2018-05-03		57			40	17	0	0	0	11.67	2	19.000	Working	0	57	0	57	0	0	0	0	0	0	0	0	57	0
115007801213251	115007801	2018-05-17		7			2	5	0	1	0	11.67	1	19.000	Working	0	10	0	10	0	0	0	0	0	2	0	0	7	0
115007801213252	115007801	2018-05-17		10			2	8	0	4	0	11.67	2	19.000	Working	0	16	0	16	0	2	0	0	0	0	0	0	10	0
115007801213391	115007801	2018-05-31		10			4	6	0	1	0	12.27	1	19.000	Working	0	15	0	15	0	2	0	0	0	2	0	0	10	0
115007801213392	115007801	2018-05-31		6			1	5	0	0	0	12.27	2	19.000	Working	0	6	0	6	0	0	0	0	0	0	0	0	6	0
115007801213531	115007801	2018-06-14	2	8	2	0	3	5	0	0	0	11.67	1	19.000	Working	0	9	1	8	0	0	0	0	1	0	0	0	8	0
115007801213532	115007801	2018-06-14		12			7	5	0	0	0	11.67	2	19.000	Working	0	16	0	16	0	2	0	0	0	2	0	0	12	0
115007801213671	115007801	2018-06-28	1	0	1	0	0	0	0	0	0	12.37	1	19.000	Working	0	1	0	1	0	0	0	0	0	1	0	0	0	0
115007801213672	115007801	2018-06-28		2			1	1	0	0	0	12.37	2	19.000	Working	0	2	0	2	0	0	0	0	0	0	0	0	2	0
115007801213811	115007801	2018-07-12	1	0	1	0	0	0	0	0	0	12.07	1	19.000	Working	0	0	0	0	0	0	0	0	0	0	0	0	0	0
115007801213812	115007801	2018-07-12		4			1	3	0	0	0	12.07	2	19.000	Working	0	6	0	4	0	0	0	2	0	0	2	0	4	0
115007801213951	115007801	2018-07-26		0			0	0	0	0	0	11.70	1	19.000	Working	0	0	0	0	0	0	0	0	0	0	0	0	0	0
115007801213952	115007801	2018-07-26		1			0	1	0	0	0	11.70	2	19.000	Working	0	1	0	1	0	0	0	0	0	0	0	0	1	0
115007801214091	115007801	2018-08-09		0			0	0	0	0	0	11.83	1	19.000	Working	0	0	0	0	0	0	0	0	0	0	0	0	0	0
115007801214092	115007801	2018-08-09		0			0	0	0	0	0	11.83	2	19.000	Working	0	0	0	0	0	0	0	0	0	0	0	0	0	0
115007801214231	115007801	2018-08-23		2			0	2	0	0	0	11.88	1	19.000	Working	0	2	0	2	0	0	0	0	0	0	0	0	2	0
115007801214232	115007801	2018-08-23		0			0	0	0	0	0	11.88	2	19.000	Working	0	0	0	0	0	0	0	0	0	0	0	0	0	0
115007801214371	115007801	2018-09-06		0			0	0	0	0	0	12.43	1	19.000	Working	0	0	0	0	0	0	0	0	0	0	0	0	0	0
115007801214372	115007801	2018-09-06		0			0	0	0	0	0	12.43	2	19.000	Working	0	0	0	0	0	0	0	0	0	0	0	0	0	0
115007801214531	115007801	2018-09-22		0			0	0	0	0	0	12.33	1	19.000	Working	0	0	0	0	0	0	0	0	0	0	0	0	0	0
115007801214532	115007801	2018-09-22		0			0	0	0	0	0	12.33	2	19.000	Working	0	0	0	0	0	0	0	0	0	0	0	0	0	0
115007801214651	115007801	2018-10-04		0			0	0	0	0	0	10.92	1	19.000	Working	0	0	0	0	0	0	0	0	0	0	0	0	0	0
115007801214652	115007801	2018-10-04		0			0	0	0	0	0	10.92	2	19.000	Working	0	0	0	0	0	0	0	0	0	0	0	0	0	0
115007801214791	115007801	2018-10-18		0			0	0	0	0	0	12.33	1	19.000	Working	0	0	0	0	0	0	0	0	0	0	0	0	0	0
115007801214792	115007801	2018-10-18		0			0	0	0	0	0	12.33	2	19.000	Working	0	0	0	0	0	0	0	0	0	0	0	0	0	0
115007801214931	115007801	2018-11-01		0			0	0	0	0	0	12.00	1	19.000	Working	0	0	0	0	0	0	0	0	0	0	0	0	0	0
115007801214932	115007801	2018-11-01		0			0	0	0	0	0	12.00	2	19.000	Working	0	0	0	0	0	0	0	0	0	0	0	0	0	0
115007801215071	115007801	2018-11-15		0			0	0	0	0	0	11.83	1	19.000	Working	0	0	0	0	0	0	0	0	0	0	0	0	0	0
115007801215072	115007801	2018-11-15		0			0	0	0	0	0	11.83	2	19.000	Working	0	0	0	0	0	0	0	0	0	0	0	0	0	0
115007801215211	115007801	2018-11-29		0			0	0	0	0	0	11.67	1	19.000	Working	0	0	0	0	0	0	0	0	0	0	0	0	0	0
115007801215212	115007801	2018-11-29		0			0	0	0	0	0	11.67	2	19.000	Working	0	0	0	0	0	0	0	0	0	0	0	0	0	0
115007801215351	115007801	2018-12-13		0			0	0	0	0	0	11.83	1	19.000	Working	0	0	0	0	0	0	0	0	0	0	0	0	0	0
115007801215352	115007801	2018-12-13		0			0	0	0	0	0	11.83	2	19.000	Working	0	0	0	0	0	0	0	0	0	0	0	0	0	0
115007801215491	115007801	2018-12-27		0			0	0	0	0	0	12.00	1	19.000	Working	0	0	0	0	0	0	0	0	0	0	0	0	0	0
115007801215492	115007801	2018-12-27		0			0	0	0	0	0	12.00	2	19.000	Working	0	0	0	0	0	0	0	0	0	0	0	0	0	0
115007801215631	115007801	2019-01-10	1	0	1	0	0	0	0	0	0	11.70	1	19.000	Working	0	0	0	0	0	0	0	0	0	0	0	0	0	0
115007801215632	115007801	2019-01-10		1			0	1	0	0	0	11.70	2	19.000	Working	0	1	0	1	0	0	0	0	0	0	0	0	1	0
115007801215771	115007801	2019-01-24	2	0	2	0	0	0	0	0	0	11.97	1	19.000	Working	0	0	0	0	0	0	0	0	0	0	0	0	0	0
115007801215772	115007801	2019-01-24		1			0	1	0	1	0	11.97	2	19.000	Working	0	2	0	2	0	0	0	0	0	0	0	0	1	0
115007801215911	115007801	2019-02-07		0			0	0	0	0	0	11.83	1	19.000	Working	0	0	0	0	0	0	0	0	0	0	0	0	0	0
115007801215912	115007801	2019-02-07		0			0	0	0	0	0	11.83	2	19.000	Working	0	0	0	0	0	0	0	0	0	0	0	0	0	0
115007801216051	115007801	2019-02-21		0			0	0	0	0	0	12.10	1	19.000	Working	0	0	0	0	0	0	0	0	0	0	0	0	0	0
115007801216052	115007801	2019-02-21		0			0	0	0	0	0	12.10	2	19.000	Working	1	0	0	0	0	0	0	0	0	0	0	0	0	0
115007801216201	115007801	2019-03-08	1	0	1	0	0	0	0	0	0	12.48	1	19.000	Working	0	0	0	0	0	0	0	0	0	0	0	0	0	0
115007801216202	115007801	2019-03-08		1			0	1	0	0	0	12.48	2	19.000	Working	0	1	0	1	0	0	0	0	0	0	0	0	1	0
115007801216331	115007801	2019-03-21		0			0	0	0	0	0	11.73	1	19.000	Working	0	0	0	0	0	0	0	0	0	0	0	0	0	0
115007801216332	115007801	2019-03-21		0			0	0	0	0	0	11.73	2	19.000	Working	0	0	0	0	0	0	0	0	0	0	0	0	0	0
115007801216471	115007801	2019-04-04		0			0	0	0	0	0	11.73	1	19.000	Working	0	0	0	0	0	0	0	0	0	0	0	0	0	0
115007801216472	115007801	2019-04-04		0			0	0	0	0	0	11.73	2	19.000	Working	0	0	0	0	0	0	0	0	0	0	0	0	0	0
115007801216611	115007801	2019-04-18		0			0	0	0	0	0	11.67	1	19.000	Working	0	0	0	0	0	0	0	0	0	0	0	0	0	0
115007801216612	115007801	2019-04-18		0			0	0	0	0	0	11.67	2	19.000	Working	0	0	0	0	0	0	0	0	0	0	0	0	0	0
115007801216751	115007801	2019-05-02	1	0	1	0	0	0	0	0	0	11.73	1	19.000	Working	0	0	0	0	0	0	0	0	0	0	0	0	0	0
115007801216752	115007801	2019-05-02		0			0	0	0	1	0	11.73	2	19.000	Working	0	1	0	1	0	0	0	0	0	0	0	0	0	0
115007801216891	115007801	2019-05-16	2	4	2	0	1	3	0	0	0	11.67	1	19.000	Working	0	6	0	6	0	2	0	0	0	0	0	0	4	0
115007801216892	115007801	2019-05-16		1			1	0	0	0	0	11.67	2	19.000	Working	0	1	0	1	0	0	0	0	0	0	0	0	1	0
115007801217031	115007801	2019-05-30	1	0	1	0	0	0	0	0	0	11.75	1	19.000	Working	0	0	0	0	0	0	0	0	0	0	0	0	0	0
115007801217032	115007801	2019-05-30		7			2	5	0	0	0	11.75	2	19.000	Working	0	8	0	8	0	1	0	0	0	0	0	0	7	0
115007801217171	115007801	2019-06-13		3			0	3	0	0	0	11.73	1	19.000	Working	0	3	0	3	0	0	0	0	0	0	0	0	3	0
115007801217172	115007801	2019-06-13		4			2	2	0	0	0	11.73	2	19.000	Working	0	4	0	4	0	0	0	0	0	0	0	0	4	0
115007801217311	115007801	2019-06-27		3			2	1	0	1	0	11.68	1	19.000	Working	0	5	0	5	0	1	0	0	0	0	0	0	3	0
115007801217312	115007801	2019-06-27		2			2	0	0	0	0	11.68	2	19.000	Working	0	2	0	2	0	0	0	0	0	0	0	0	2	0
115007801217451	115007801	2019-07-11		1			0	1	0	0	0	11.67	1	19.000	Working	0	2	0	2	0	1	0	0	0	0	0	0	1	0
115007801217452	115007801	2019-07-11		0			0	0	0	1	0	11.67	2	19.000	Working	0	1	0	1	0	0	0	0	0	0	0	0	0	0
115007801217591	115007801	2019-07-25		0			0	0	0	0	0	11.88	1	19.000	Working	0	0	0	0	0	0	0	0	0	0	0	0	0	0
115007801217592	115007801	2019-07-25		0			0	0	0	1	0	11.88	2	19.000	Working	0	2	0	2	0	1	0	0	0	0	0	0	0	0
115007801217731	115007801	2019-08-08		0			0	0	0	0	0	11.75	1	19.000	Working	0	0	0	0	0	0	0	0	0	0	0	0	0	0
115007801217732	115007801	2019-08-08		0			0	0	0	0	0	11.75	2	19.000	Working	0	0	0	0	0	0	0	0	0	0	0	0	0	0
115007801217871	115007801	2019-08-22		0			0	0	0	0	0	12.58	1	19.000	Working	0	0	0	0	0	0	0	0	0	0	0	0	0	0
115007801217872	115007801	2019-08-22		0			0	0	0	0	0	12.58	2	19.000	Working	0	3	0	3	0	2	0	0	0	1	0	0	0	0
115007801218011	115007801	2019-09-05		0			0	0	0	0	0	11.67	1	19.000	Working	0	0	0	0	0	0	0	0	0	0	0	0	0	0
115007801218012	115007801	2019-09-05		0			0	0	0	0	0	11.67	2	19.000	Working	0	0	0	0	0	0	0	0	0	0	0	0	0	0
115007801218151	115007801	2019-09-19		0			0	0	0	0	0	13.80	1	19.000	Working	0	1	0	0	0	0	0	1	0	0	1	0	0	0
115007801218152	115007801	2019-09-19		1			0	1	0	0	0	13.80	2	19.000	Working	0	1	0	1	0	0	0	0	0	0	0	0	1	0
115007801218291	115007801	2019-10-03		1			0	1	0	0	0	12.03	1	19.000	Working	0	1	0	1	0	0	0	0	0	0	0	0	1	0
115007801218292	115007801	2019-10-03		3			1	2	0	0	0	12.03	2	19.000	Working	0	3	0	3	0	0	0	0	0	0	0	0	3	0
116000604211251	116000604	2017-11-07		0			0	0	0	0	0	13.42	1	19.000	Working	0	0	0	0	0	0	0	0	0	0	0	0	0	0
116000604211401	116000604	2017-11-22		0			0	0	0	0	0	12.65	1	19.000	Working	0	0	0	0	0	0	0	0	0	0	0	0	0	0
116000604211571	116000604	2017-12-09		0			0	0	0	0	0	12.48	1	19.000	Working	0	0	0	0	0	0	0	0	0	0	0	0	0	0
116000604211711	116000604	2017-12-23		0			0	0	0	0	0	12.28	1	19.000	Working	0	0	0	0	0	0	0	0	0	0	0	0	0	0
116000604211861	116000604	2018-01-07		0			0	0	0	0	0	12.12	1	19.000	Working	0	0	0	0	0	0	0	0	0	0	0	0	0	0
116000604212001	116000604	2018-01-21		0			0	0	0	0	0	12.17	1	19.000	Working	0	0	0	0	0	0	0	0	0	0	0	0	0	0
116000604212131	116000604	2018-02-03		0			0	0	0	0	0	12.57	1	19.000	Working	0	0	0	0	0	0	0	0	0	0	0	0	0	0
116000604212271	116000604	2018-02-17		0			0	0	0	0	0	12.17	1	19.000	Working	0	0	0	0	0	0	0	0	0	0	0	0	0	0
116000604212411	116000604	2018-03-03		0			0	0	0	0	0	12.25	1	19.000	Working	0	0	0	0	0	0	0	0	0	0	0	0	0	0
116000604212551	116000604	2018-03-17		0			0	0	0	0	0	13.57	1	19.000	Working	0	0	0	0	0	0	0	0	0	0	0	0	0	0
116000604212691	116000604	2018-03-31		1			0	1	0	0	0	12.25	1	19.000	Working	0	1	0	1	0	0	0	0	0	0	0	0	1	0
116000604212831	116000604	2018-04-14		0			0	0	0	0	0	12.45	1	19.000	Working	0	0	0	0	0	0	0	0	0	0	0	0	0	0
116000604212832	116000604	2018-04-14		0			0	0	0	0	0	12.45	2	19.000		0	0	0	0	0	0	0	0	0	0	0	0	0	0
116000604212971	116000604	2018-04-28		3			1	2	0	0	0	12.17	1	19.000	Working	0	4	0	4	0	1	0	0	0	0	0	0	3	0
116000604213111	116000604	2018-05-12		2			0	2	0	0	0	12.17	1	19.000	Working	0	3	0	3	0	1	0	0	0	0	0	0	2	0
116000604213251	116000604	2018-05-26		5			2	3	0	0	0	13.63	1	19.000	Working	0	5	0	5	0	0	0	0	0	0	0	0	5	0
116000604213391	116000604	2018-06-09	1	8	1	0	3	5	0	1	0	13.67	1	19.000	Working	0	11	0	11	0	2	0	0	0	0	0	0	8	0
116000604213531	116000604	2018-06-23		5			2	3	0	1	0	12.33	1	19.000	Working	0	6	0	6	0	0	0	0	0	0	0	0	5	0
116000604213671	116000604	2018-07-07		0			0	0	0	0	0	12.32	1	19.000	Working	0	0	0	0	0	0	0	0	0	0	0	0	0	0
116000604213811	116000604	2018-07-21		0			0	0	0	0	0	12.23	1	19.000	Working	0	0	0	0	0	0	0	0	0	0	0	0	0	0
116000604213951	116000604	2018-08-04		0			0	0	0	0	0	12.40	1	19.000	Working	0	0	0	0	0	0	0	0	0	0	0	0	0	0
116000604214091	116000604	2018-08-18		0			0	0	0	0	0	11.92	1	19.000	Working	0	0	0	0	0	0	0	0	0	0	0	0	0	0
116000604214092	116000604	2018-08-18		0			0	0	0	0	0	11.92	2	19.000		0	0	0	0	0	0	0	0	0	0	0	0	0	0
116000604214231	116000604	2018-09-01		0			0	0	0	0	0	12.27	1	19.000	Working	0	0	0	0	0	0	0	0	0	0	0	0	0	0
116000604214371	116000604	2018-09-15		0			0	0	0	0	0	12.58	1	19.000	Working	0	0	0	0	0	0	0	0	0	0	0	0	0	0
116000604214531	116000604	2018-10-01		0			0	0	0	0	0	13.35	1	19.000	Working	0	0	0	0	0	0	0	0	0	0	0	0	0	0
116000604214651	116000604	2018-10-13		0			0	0	0	0	0	11.85	1	19.000	Working	0	0	0	0	0	0	0	0	0	0	0	0	0	0
116000604214791	116000604	2018-10-27		0			0	0	0	0	0	12.18	1	19.000	Working	0	0	0	0	0	0	0	0	0	0	0	0	0	0
116000604214931	116000604	2018-11-10		1			0	1	0	0	0	11.77	1	19.000	Working	0	1	0	1	0	0	0	0	0	0	0	0	1	0
116000604215071	116000604	2018-11-24		0			0	0	0	0	0	12.48	1	19.000	Working	0	0	0	0	0	0	0	0	0	0	0	0	0	0
116000604215211	116000604	2018-12-08		0			0	0	0	0	0	11.73	1	19.000	Working	0	0	0	0	0	0	0	0	0	0	0	0	0	0
116000604215351	116000604	2018-12-22	1	1	1	0	0	1	0	0	0	12.02	1	19.000	Working	0	1	0	1	0	0	0	0	0	0	0	0	1	0
116000604215491	116000604	2019-01-05	1	1	1	0	0	1	0	0	0	12.12	1	19.000	Working	0	1	0	1	0	0	0	0	0	0	0	0	1	0
116000604215631	116000604	2019-01-19		0			0	0	0	0	0	12.08	1	19.000	Working	0	0	0	0	0	0	0	0	0	0	0	0	0	0
116000604215771	116000604	2019-02-02		0			0	0	0	0	0	12.12	1	19.000	Working	0	0	0	0	0	0	0	0	0	0	0	0	0	0
116000604215911	116000604	2019-02-16		0			0	0	0	0	0	11.92	1	19.000	Working	0	0	0	0	0	0	0	0	0	0	0	0	0	0
116000604216051	116000604	2019-03-02		0			0	0	0	0	0	12.52	1	19.000	Working	0	0	0	0	0	0	0	0	0	0	0	0	0	0
116000604216191	116000604	2019-03-16		0			0	0	0	0	0	12.52	1	19.000	Working	0	0	0	0	0	0	0	0	0	0	0	0	0	0
116000604216331	116000604	2019-03-30		0			0	0	0	0	0	12.18	1	19.000	Working	0	0	0	0	0	0	0	0	0	0	0	0	0	0
116000604216471	116000604	2019-04-13		0			0	0	0	0	0	13.65	1	19.000	Working	0	0	0	0	0	0	0	0	0	0	0	0	0	0
116000604216611	116000604	2019-04-27		0			0	0	0	0	0	11.70	1	19.000	Working	0	0	0	0	0	0	0	0	0	0	0	0	0	0
116000604216751	116000604	2019-05-11		0			0	0	0	0	0	12.05	1	19.000	Working	0	0	0	0	0	0	0	0	0	0	0	0	0	0
116000604216891	116000604	2019-05-25		0			0	0	0	0	0	12.07	1	19.000	Working	0	0	0	0	0	0	0	0	0	0	0	0	0	0
116000604217031	116000604	2019-06-08		3			1	2	0	0	0	12.27	1	19.000	Working	0	4	0	4	0	1	0	0	0	0	0	0	3	0
116000604217171	116000604	2019-06-22		4			0	4	0	0	0	12.17	1	19.000	Working	0	4	0	4	0	0	0	0	0	0	0	0	4	0
116000604217311	116000604	2019-07-06		2			0	2	0	0	0	12.35	1	19.000	Working	0	2	0	2	0	0	0	0	0	0	0	0	2	0
116000604217451	116000604	2019-07-20		0			0	0	0	0	0	11.97	1	19.000	Working	0	1	0	1	0	0	0	0	0	1	0	0	0	0
116000604217591	116000604	2019-08-03		0			0	0	0	0	0	12.20	1	19.000	Working	0	0	0	0	0	0	0	0	0	0	0	0	0	0
116000604217731	116000604	2019-08-17		0			0	0	0	0	0	11.87	1	19.000	Working	0	0	0	0	0	0	0	0	0	0	0	0	0	0
116000604217871	116000604	2019-08-31		1			1	0	0	0	0	12.35	1	19.000	Working	0	1	0	1	0	0	0	0	0	0	0	0	1	0
116000604218011	116000604	2019-09-14		0			0	0	0	0	0	12.20	1	19.000	Working	0	0	0	0	0	0	0	0	0	0	0	0	0	0
116000604218151	116000604	2019-09-28		0			0	0	0	0	0	12.10	1	19.000	Working	0	0	0	0	0	0	0	0	0	0	0	0	0	0
116000604218291	116000604	2019-10-12		0			0	0	0	0	0	11.93	1	19.000	Working	0	0	0	0	0	0	0	0	0	0	0	0	0	0
116003001211251	116003001	2017-10-31		1			1	0	0	0	0	14.13	1	19.000	Working	0	2	0	1	0	0	0	1	0	0	0	0	1	1
116003001211401	116003001	2017-11-15		1			1	0	0	0	0	13.58	1	19.000	Working	0	1	0	1	0	0	0	0	0	0	0	0	1	0
116003001211571	116003001	2017-12-02		0			0	0	0	0	0	12.22	1	19.000	Working	0	0	0	0	0	0	0	0	0	0	0	0	0	0
116003001211572	116003001	2017-12-02		0			0	0	0	0	0	12.22	2	19.000	Working	0	1	0	0	0	0	0	1	0	0	0	0	0	1
116003001211711	116003001	2017-12-16		0			0	0	0	0	0	12.15	1	19.000	Working	0	0	0	0	0	0	0	0	0	0	0	0	0	0
116003001211712	116003001	2017-12-16		0			0	0	0	0	0	12.15	2	19.000	Working	0	0	0	0	0	0	0	0	0	0	0	0	0	0
116003001211861	116003001	2017-12-31		0			0	0	0	0	0	11.92	1	19.000	Working	0	0	0	0	0	0	0	0	0	0	0	0	0	0
116003001211862	116003001	2017-12-31		0			0	0	0	0	0	11.92	2	19.000	Working	0	0	0	0	0	0	0	0	0	0	0	0	0	0
116003001212001	116003001	2018-01-14		0			0	0	0	0	0	12.08	1	19.000	Working	0	0	0	0	0	0	0	0	0	0	0	0	0	0
116003001212002	116003001	2018-01-14		0			0	0	0	0	0	12.08	2	19.000	Working	0	0	0	0	0	0	0	0	0	0	0	0	0	0
116003001212131	116003001	2018-01-27		0			0	0	0	0	0	12.25	1	19.000	Working	0	0	0	0	0	0	0	0	0	0	0	0	0	0
116003001212132	116003001	2018-01-27		0			0	0	0	0	0	12.25	2	19.000	Working	0	0	0	0	0	0	0	0	0	0	0	0	0	0
116003001212271	116003001	2018-02-10		0			0	0	0	0	0	12.05	1	19.000	Working	0	0	0	0	0	0	0	0	0	0	0	0	0	0
116003001212272	116003001	2018-02-10		0			0	0	0	0	0	12.05	2	19.000	Working	0	0	0	0	0	0	0	0	0	0	0	0	0	0
116003001212411	116003001	2018-02-24		0			0	0	0	0	0	12.13	1	19.000	Working	0	0	0	0	0	0	0	0	0	0	0	0	0	0
116003001212412	116003001	2018-02-24		0			0	0	0	0	0	12.13	2	19.000	Working	0	0	0	0	0	0	0	0	0	0	0	0	0	0
116003001212551	116003001	2018-03-10		0			0	0	0	0	0	11.88	1	19.000	Working	0	0	0	0	0	0	0	0	0	0	0	0	0	0
116003001212552	116003001	2018-03-10		0			0	0	0	0	0	11.88	2	19.000	Working	0	0	0	0	0	0	0	0	0	0	0	0	0	0
116003001212691	116003001	2018-03-24		0			0	0	0	0	0	12.12	1	19.000	Working	0	0	0	0	0	0	0	0	0	0	0	0	0	0
116003001212692	116003001	2018-03-24		0			0	0	0	0	0	12.12	2	19.000	Working	0	0	0	0	0	0	0	0	0	0	0	0	0	0
116003001212831	116003001	2018-04-07		2			0	2	0	1	0	12.33	1	19.000	Working	0	3	0	3	0	0	0	0	0	0	0	0	2	0
116003001212832	116003001	2018-04-07		1			0	1	0	1	0	12.33	2	19.000	Working	0	3	0	3	0	0	0	0	0	1	0	0	1	0
116003001212971	116003001	2018-04-21		4			1	3	0	0	0	11.95	1	19.000	Working	0	4	0	4	0	0	0	0	0	0	0	0	4	0
116003001212972	116003001	2018-04-21		5			0	5	0	0	0	11.95	2	19.000	Working	0	6	0	6	0	0	0	0	0	1	0	0	5	0
116003001213111	116003001	2018-05-05		5			2	3	0	1	0	11.98	1	19.000	Working	0	6	0	6	0	0	0	0	0	0	0	0	5	0
116003001213112	116003001	2018-05-05		10			5	5	0	2	0	11.98	2	19.000	Working	0	12	0	12	0	0	0	0	0	0	0	0	10	0
116003001213251	116003001	2018-05-19		0			0	0	0	0	0	12.55	1	19.000	Working	0	0	0	0	0	0	0	0	0	0	0	0	0	0
116003001213252	116003001	2018-05-19		14			5	9	0	2	0	12.55	2	19.000	Working	0	16	0	16	0	0	0	0	0	0	0	0	14	0
116003001213391	116003001	2018-06-02		3			3	0	0	0	0	12.65	1	19.000	Working	0	3	0	3	0	0	0	0	0	0	0	0	3	0
116003001213392	116003001	2018-06-02		6			4	2	0	0	0	12.65	2	19.000	Working	0	6	0	6	0	0	0	0	0	0	0	0	6	0
116003001213531	116003001	2018-06-16		3			0	3	0	0	0	12.17	1	19.000	Working	0	3	0	3	0	0	0	0	0	0	0	0	3	0
116003001213532	116003001	2018-06-16		1			0	1	0	0	0	12.17	2	19.000	Working	0	1	0	1	0	0	0	0	0	0	0	0	1	0
116003001213671	116003001	2018-06-30		0			0	0	0	0	0	12.13	1	19.000	Working	0	0	0	0	0	0	0	0	0	0	0	0	0	0
116003001213672	116003001	2018-06-30		1			0	1	0	0	0	12.13	2	19.000	Working	0	1	0	1	0	0	0	0	0	0	0	0	1	0
116003001213811	116003001	2018-07-14		0			0	0	0	0	0	12.10	1	19.000	Working	0	0	0	0	0	0	0	0	0	0	0	0	0	0
116003001213812	116003001	2018-07-14		0			0	0	0	0	0	12.10	2	19.000	Working	0	0	0	0	0	0	0	0	0	0	0	0	0	0
116003001213951	116003001	2018-07-28		0			0	0	0	0	0	12.22	1	19.000	Working	0	0	0	0	0	0	0	0	0	0	0	0	0	0
116003001213952	116003001	2018-07-28		1			0	1	0	0	0	12.22	2	19.000	Working	0	1	0	1	0	0	0	0	0	0	0	0	1	0
116003001214091	116003001	2018-08-11		0			0	0	0	0	0	11.80	1	19.000	Working	0	0	0	0	0	0	0	0	0	0	0	0	0	0
116003001214092	116003001	2018-08-11		0			0	0	0	0	0	11.80	2	19.000	Working	0	0	0	0	0	0	0	0	0	0	0	0	0	0
116003001214231	116003001	2018-08-25		0			0	0	0	0	0	12.12	1	19.000	Working	0	0	0	0	0	0	0	0	0	0	0	0	0	0
116003001214232	116003001	2018-08-25		0			0	0	0	0	0	12.12	2	19.000	Working	0	0	0	0	0	0	0	0	0	0	0	0	0	0
116003001214371	116003001	2018-09-08		1			0	1	0	0	0	11.70	1	19.000	Working	0	1	0	1	0	0	0	0	0	0	0	0	1	0
116003001214372	116003001	2018-09-08		0			0	0	0	0	0	11.70	2	19.000	Working	0	0	0	0	0	0	0	0	0	0	0	0	0	0
116003001214531	116003001	2018-09-24		0			0	0	0	0	0	11.75	1	19.000	Working	0	0	0	0	0	0	0	0	0	0	0	0	0	0
116003001214532	116003001	2018-09-24		0			0	0	0	0	0	11.75	2	19.000	Working	0	0	0	0	0	0	0	0	0	0	0	0	0	0
116003001214651	116003001	2018-10-06		0			0	0	0	0	0	12.05	1	19.000	Working	0	0	0	0	0	0	0	0	0	0	0	0	0	0
116003001214652	116003001	2018-10-06		0			0	0	0	0	0	12.05	2	19.000	Working	0	4	0	4	0	2	0	0	0	2	0	0	0	0
116003001214791	116003001	2018-10-20		0			0	0	0	0	0	12.05	1	19.000	Working	0	0	0	0	0	0	0	0	0	0	0	0	0	0
116003001214792	116003001	2018-10-20		0			0	0	0	0	0	12.05	2	19.000	Working	0	0	0	0	0	0	0	0	0	0	0	0	0	0
116003001214931	116003001	2018-11-03		0			0	0	0	0	0	11.67	1	19.000	Working	0	0	0	0	0	0	0	0	0	0	0	0	0	0
116003001214932	116003001	2018-11-03		0			0	0	0	0	0	11.67	2	19.000	Working	0	0	0	0	0	0	0	0	0	0	0	0	0	0
116003001215071	116003001	2018-11-17		0			0	0	0	0	0	12.25	1	19.000	Working	0	0	0	0	0	0	0	0	0	0	0	0	0	0
116003001215072	116003001	2018-11-17		0			0	0	0	0	0	12.25	2	19.000	Working	0	0	0	0	0	0	0	0	0	0	0	0	0	0
116003001215211	116003001	2018-12-01		0			0	0	0	0	0	11.88	1	19.000	Working	0	0	0	0	0	0	0	0	0	0	0	0	0	0
116003001215212	116003001	2018-12-01		0			0	0	0	0	0	11.88	2	19.000	Working	0	0	0	0	0	0	0	0	0	0	0	0	0	0
116003001215351	116003001	2018-12-15	2	0	2	0	0	0	0	0	0	12.22	1	19.000	Working	0	0	0	0	0	0	0	0	0	0	0	0	0	0
116003001215352	116003001	2018-12-15		0			0	0	0	1	0	12.22	2	19.000	Working	0	2	0	2	0	0	0	0	0	1	0	0	0	0
116003001215491	116003001	2018-12-29	2	0	2	0	0	0	0	1	0	11.90	1	19.000	Working	0	2	0	2	0	1	0	0	0	0	0	0	0	0
116003001215492	116003001	2018-12-29		0			0	0	0	0	0	11.90	2	19.000	Working	0	0	0	0	0	0	0	0	0	0	0	0	0	0
116003001215631	116003001	2019-01-12		0			0	0	0	0	0	12.20	1	19.000	Working	0	0	0	0	0	0	0	0	0	0	0	0	0	0
116003001215632	116003001	2019-01-12		0			0	0	0	0	0	12.20	2	19.000	Working	0	0	0	0	0	0	0	0	0	0	0	0	0	0
116003001215771	116003001	2019-01-26		0			0	0	0	0	0	11.98	1	19.000	Working	0	0	0	0	0	0	0	0	0	0	0	0	0	0
116003001215772	116003001	2019-01-26		1			0	1	0	0	0	11.98	2	19.000	Working	0	1	0	1	0	0	0	0	0	0	0	0	1	0
116003001215911	116003001	2019-02-09	2	0	2	0	0	0	0	0	0	11.73	1	19.000	Working	0	0	0	0	0	0	0	0	0	0	0	0	0	0
116003001215912	116003001	2019-02-09		0			0	0	0	1	0	11.73	2	19.000	Working	0	2	0	2	0	1	0	0	0	0	0	0	0	0
116003001216051	116003001	2019-02-23		0			0	0	0	0	0	12.37	1	19.000	Working	0	0	0	0	0	0	0	0	0	0	0	0	0	0
116003001216052	116003001	2019-02-23		0			0	0	0	0	0	12.37	2	19.000	Working	0	0	0	0	0	0	0	0	0	0	0	0	0	0
116003001216201	116003001	2019-03-10		0			0	0	0	0	0	12.07	1	19.000	Working	0	0	0	0	0	0	0	0	0	0	0	0	0	0
116003001216202	116003001	2019-03-10		0			0	0	0	0	0	12.07	2	19.000	Working	0	0	0	0	0	0	0	0	0	0	0	0	0	0
116003001216331	116003001	2019-03-23		0			0	0	0	0	0	12.03	1	19.000	Working	0	0	0	0	0	0	0	0	0	0	0	0	0	0
116003001216332	116003001	2019-03-23		0			0	0	0	0	0	12.03	2	19.000	Working	0	0	0	0	0	0	0	0	0	0	0	0	0	0
116003001216471	116003001	2019-04-06	1	0	1	0	0	0	0	0	0	13.53	1	19.000	Working	0	0	0	0	0	0	0	0	0	0	0	0	0	0
116003001216472	116003001	2019-04-06		0			0	0	0	1	0	13.53	2	19.000	Working	0	1	0	1	0	0	0	0	0	0	0	0	0	0
116003001216611	116003001	2019-04-20		0			0	0	0	0	0	11.72	1	19.000	Working	0	0	0	0	0	0	0	0	0	0	0	0	0	0
116003001216612	116003001	2019-04-20		0			0	0	0	0	0	11.72	2	19.000	Working	0	0	0	0	0	0	0	0	0	0	0	0	0	0
116003001216751	116003001	2019-05-04	1	0	1	0	0	0	0	0	0	11.87	1	19.000	Working	0	0	0	0	0	0	0	0	0	0	0	0	0	0
116003001216752	116003001	2019-05-04		1			1	0	0	1	0	11.87	2	19.000	Working	0	2	0	2	0	0	0	0	0	0	0	0	1	0
116003001216891	116003001	2019-05-18	1	0	1	0	0	0	0	0	0	11.90	1	19.000	Working	0	0	0	0	0	0	0	0	0	0	0	0	0	0
116003001216892	116003001	2019-05-18		9			4	5	0	0	0	11.90	2	19.000	Working	0	13	0	13	0	3	0	0	0	1	0	0	9	0
116003001217031	116003001	2019-06-01		2			1	1	0	0	0	12.48	1	19.000	Working	0	2	0	2	0	0	0	0	0	0	0	0	2	0
116003001217032	116003001	2019-06-01		0			0	0	0	0	0	12.48	2	19.000	Working	0	0	0	0	0	0	0	0	0	0	0	0	0	0
116003001217171	116003001	2019-06-15	1	5	1	0	2	3	0	1	0	12.02	1	19.000	Working	0	6	0	6	0	0	0	0	0	0	0	0	5	0
116003001217172	116003001	2019-06-15		1			0	1	0	0	0	12.02	2	19.000	Working	0	1	0	1	0	0	0	0	0	0	0	0	1	0
116003001217311	116003001	2019-06-29		4			1	3	0	2	0	12.18	1	19.000	Working	0	6	0	6	0	0	0	0	0	0	0	0	4	0
116003001217312	116003001	2019-06-29		0			0	0	0	0	0	12.18	2	19.000	Working	0	0	0	0	0	0	0	0	0	0	0	0	0	0
116003001217451	116003001	2019-07-13		3			2	1	0	0	0	11.85	1	19.000	Working	0	4	0	4	0	1	0	0	0	0	0	0	3	0
116003001217452	116003001	2019-07-13		0			0	0	0	0	0	11.85	2	19.000	Working	0	0	0	0	0	0	0	0	0	0	0	0	0	0
116003001217591	116003001	2019-07-27		0			0	0	0	0	0	12.02	1	19.000	Working	0	0	0	0	0	0	0	0	0	0	0	0	0	0
116003001217592	116003001	2019-07-27		0			0	0	0	0	0	12.02	2	19.000	Working	0	0	0	0	0	0	0	0	0	0	0	0	0	0
116003001217731	116003001	2019-08-10		1			1	0	0	0	0	12.20	1	19.000	Working	0	1	0	1	0	0	0	0	0	0	0	0	1	0
116003001217732	116003001	2019-08-10		0			0	0	0	0	0	12.20	2	19.000	Working	0	0	0	0	0	0	0	0	0	0	0	0	0	0
116003001217871	116003001	2019-08-24		5			2	3	0	0	0	12.20	1	19.000	Working	0	5	0	5	0	0	0	0	0	0	0	0	5	0
116003001217872	116003001	2019-08-24		0			0	0	0	0	0	12.20	2	19.000	Working	0	0	0	0	0	0	0	0	0	0	0	0	0	0
116003001218011	116003001	2019-09-07		0			0	0	0	0	0	12.02	1	19.000	Working	0	0	0	0	0	0	0	0	0	0	0	0	0	0
116003001218012	116003001	2019-09-07		0			0	0	0	0	0	12.02	2	19.000	Working	0	0	0	0	0	0	0	0	0	0	0	0	0	0
116003001218151	116003001	2019-09-21		0			0	0	0	0	0	11.95	1	19.000	Working	0	0	0	0	0	0	0	0	0	0	0	0	0	0
116003001218152	116003001	2019-09-21		0			0	0	0	0	0	11.95	2	19.000	Working	0	0	0	0	0	0	0	0	0	0	0	0	0	0
116003001218291	116003001	2019-10-05		0			0	0	0	0	0	11.85	1	19.000	Working	0	0	0	0	0	0	0	0	0	0	0	0	0	0
116003001218292	116003001	2019-10-05		0			0	0	0	0	0	11.85	2	19.000	Working	0	0	0	0	0	0	0	0	0	0	0	0	0	0
117009902211261	117009902	2017-11-04		2			2	0	0	1	0	11.92	1	19.000	Working	0	3	0	3	0	0	0	0	0	0	0	0	2	0
117009902211262	117009902	2017-11-04		0			0	0	0	0	0	11.92	2	19.000	Working	0	0	0	0	0	0	0	0	0	0	0	0	0	0
117009902211441	117009902	2017-11-22		0			0	0	0	0	0	10.83	1	19.000	Working	0	0	0	0	0	0	0	0	0	0	0	0	0	0
117009902211442	117009902	2017-11-22		1			1	0	0	0	0	10.83	2	19.000	Working	0	1	0	1	0	0	0	0	0	0	0	0	1	0
117009902211581	117009902	2017-12-06		2			2	0	0	1	0	12.42	1	19.000	Working	0	3	0	2	0	0	0	1	0	0	0	0	1	1
117009902211582	117009902	2017-12-06		0			0	0	0	0	0	12.42	2	19.000	Working	0	0	0	0	0	0	0	0	0	0	0	0	0	0
117009902211721	117009902	2017-12-20		0			0	0	0	0	0	12.22	1	19.000	Working	0	0	0	0	0	0	0	0	0	0	0	0	0	0
117009902211722	117009902	2017-12-20		0			0	0	0	0	0	12.22	2	19.000	Working	0	0	0	0	0	0	0	0	0	0	0	0	0	0
117009902211871	117009902	2018-01-04		0			0	0	0	0	0	12.58	1	19.000	Working	0	0	0	0	0	0	0	0	0	0	0	0	0	0
117009902211872	117009902	2018-01-04		0			0	0	0	0	0	12.58	2	19.000	Working	1	0	0	0	0	0	0	0	0	0	0	0	0	0
117009902212011	117009902	2018-01-18		0			0	0	0	0	0	13.58	1	19.000	Working	0	0	0	0	0	0	0	0	0	0	0	0	0	0
117009902212012	117009902	2018-01-18		0			0	0	0	0	0	13.58	2	19.000	Working	0	0	0	0	0	0	0	0	0	0	0	0	0	0
117009902212141	117009902	2018-01-31		0			0	0	0	0	0	11.75	1	19.000	Working	0	0	0	0	0	0	0	0	0	0	0	0	0	0
117009902212142	117009902	2018-01-31		0			0	0	0	0	0	11.75	2	19.000	Working	0	0	0	0	0	0	0	0	0	0	0	0	0	0
117009902212281	117009902	2018-02-14		0			0	0	0	0	0	12.25	1	19.000	Working	0	0	0	0	0	0	0	0	0	0	0	0	0	0
117009902212282	117009902	2018-02-14		0			0	0	0	0	0	12.25	2	19.000	Working	0	0	0	0	0	0	0	0	0	0	0	0	0	0
117009902212421	117009902	2018-02-28		0			0	0	0	0	0	12.52	1	19.000	Working	0	0	0	0	0	0	0	0	0	0	0	0	0	0
117009902212422	117009902	2018-02-28		0			0	0	0	0	0	12.52	2	19.000	Working	0	0	0	0	0	0	0	0	0	0	0	0	0	0
117009902212561	117009902	2018-03-14		0			0	0	0	0	0	13.35	1	19.000	Working	0	0	0	0	0	0	0	0	0	0	0	0	0	0
117009902212562	117009902	2018-03-14		0			0	0	0	0	0	13.35	2	19.000	Working	0	0	0	0	0	0	0	0	0	0	0	0	0	0
117009902212701	117009902	2018-03-28		0			0	0	0	0	0	12.05	1	19.000	Working	0	0	0	0	0	0	0	0	0	0	0	0	0	0
117009902212702	117009902	2018-03-28		0			0	0	0	0	0	12.05	2	19.000	Working	0	0	0	0	0	0	0	0	0	0	0	0	0	0
117009902212841	117009902	2018-04-11	1	3	1	0	1	2	0	0	0	13.77	1	19.000	Working	0	3	0	3	0	0	0	0	0	0	0	0	3	0
117009902212842	117009902	2018-04-11		2			2	0	0	0	0	13.77	2	19.000	Working	0	2	0	2	0	0	0	0	0	0	0	0	2	0
117009902212981	117009902	2018-04-25	1	4	1	0	0	4	0	0	0	11.67	1	19.000	Working	0	4	0	4	0	0	0	0	0	0	0	0	4	0
117009902212982	117009902	2018-04-25		3			1	2	0	0	0	11.67	2	19.000	Working	0	3	0	3	0	0	0	0	0	0	0	0	3	0
117009902213121	117009902	2018-05-09		2			0	2	0	0	0	12.47	1	19.000	Working	0	2	0	2	0	0	0	0	0	0	0	0	2	0
117009902213122	117009902	2018-05-09		4			3	1	0	0	0	12.47	2	19.000	Working	0	4	0	4	0	0	0	0	0	0	0	0	4	0
117009902213261	117009902	2018-05-23		5			0	5	0	0	0	11.85	1	19.000	Working	0	5	0	5	0	0	0	0	0	0	0	0	5	0
117009902213262	117009902	2018-05-23		3			2	1	0	0	0	11.85	2	19.000	Working	0	3	0	3	0	0	0	0	0	0	0	0	3	0
117009902213401	117009902	2018-06-06		2			0	2	0	0	0	12.28	1	19.000	Working	0	2	0	2	0	0	0	0	0	0	0	0	2	0
117009902213402	117009902	2018-06-06		0			0	0	0	0	0	12.28	2	19.000	Working	0	0	0	0	0	0	0	0	0	0	0	0	0	0
117009902213541	117009902	2018-06-20		1			0	1	0	0	0	12.22	1	19.000	Working	0	2	0	1	0	0	0	1	0	0	0	0	1	1
117009902213542	117009902	2018-06-20		0			0	0	0	0	0	12.22	2	19.000	Working	0	2	0	0	0	0	0	2	0	0	0	0	0	2
117009902213681	117009902	2018-07-04		0			0	0	0	0	0	13.45	1	19.000	Working	0	0	0	0	0	0	0	0	0	0	0	0	0	0
117009902213682	117009902	2018-07-04		0			0	0	0	0	0	13.45	2	19.000	Working	0	1	0	1	0	1	0	0	0	0	0	0	0	0
117009902213821	117009902	2018-07-18		0			0	0	0	0	0	12.53	1	19.000	Working	0	0	0	0	0	0	0	0	0	0	0	0	0	0
117009902213822	117009902	2018-07-18		0			0	0	0	0	0	12.53	2	19.000	Working	0	0	0	0	0	0	0	0	0	0	0	0	0	0
117009902213961	117009902	2018-08-01		0			0	0	0	0	0	11.80	1	19.000	Working	0	0	0	0	0	0	0	0	0	0	0	0	0	0
117009902213962	117009902	2018-08-01		0			0	0	0	0	0	11.80	2	19.000	Working	0	0	0	0	0	0	0	0	0	0	0	0	0	0
117009902214101	117009902	2018-08-15		0			0	0	0	0	0	13.67	1	19.000	Working	0	0	0	0	0	0	0	0	0	0	0	0	0	0
117009902214102	117009902	2018-08-15		0			0	0	0	0	0	13.67	2	19.000	Working	0	0	0	0	0	0	0	0	0	0	0	0	0	0
117009902214241	117009902	2018-08-29		0			0	0	0	0	0	13.65	1	19.000	Working	0	0	0	0	0	0	0	0	0	0	0	0	0	0
117009902214242	117009902	2018-08-29		0			0	0	0	0	0	13.65	2	19.000	Working	0	0	0	0	0	0	0	0	0	0	0	0	0	0
117009902214381	117009902	2018-09-12		0			0	0	0	0	0	12.20	1	19.000	Working	0	0	0	0	0	0	0	0	0	0	0	0	0	0
117009902214382	117009902	2018-09-12		0			0	0	0	0	0	12.20	2	19.000	Working	0	0	0	0	0	0	0	0	0	0	0	0	0	0
117009902214541	117009902	2018-09-28		0			0	0	0	0	0	12.32	1	19.000	Working	0	0	0	0	0	0	0	0	0	0	0	0	0	0
117009902214542	117009902	2018-09-28		0			0	0	0	0	0	12.32	2	19.000	Working	0	0	0	0	0	0	0	0	0	0	0	0	0	0
117009902214661	117009902	2018-10-10		0			0	0	0	0	0	12.17	1	19.000	Working	0	0	0	0	0	0	0	0	0	0	0	0	0	0
117009902214662	117009902	2018-10-10		0			0	0	0	0	0	12.17	2	19.000	Working	0	0	0	0	0	0	0	0	0	0	0	0	0	0
117009902214801	117009902	2018-10-24		0			0	0	0	0	0	12.30	1	19.000	Working	0	0	0	0	0	0	0	0	0	0	0	0	0	0
117009902214802	117009902	2018-10-24		0			0	0	0	0	0	12.30	2	19.000	Working	0	0	0	0	0	0	0	0	0	0	0	0	0	0
117009902214941	117009902	2018-11-07		0			0	0	0	0	0	12.08	1	19.000	Working	0	0	0	0	0	0	0	0	0	0	0	0	0	0
117009902214942	117009902	2018-11-07		0			0	0	0	0	0	12.08	2	19.000	Working	0	0	0	0	0	0	0	0	0	0	0	0	0	0
117009902215081	117009902	2018-11-21		0			0	0	0	0	0	12.28	1	19.000	Working	0	0	0	0	0	0	0	0	0	0	0	0	0	0
117009902215082	117009902	2018-11-21		1			1	0	0	0	0	12.28	2	19.000	Working	0	1	0	1	0	0	0	0	0	0	0	0	1	0
117009902215221	117009902	2018-12-05		0			0	0	0	0	0	12.25	1	19.000	Working	0	0	0	0	0	0	0	0	0	0	0	0	0	0
117009902215222	117009902	2018-12-05		0			0	0	0	0	0	12.25	2	19.000	Working	0	0	0	0	0	0	0	0	0	0	0	0	0	0
117009902215361	117009902	2018-12-19		0			0	0	0	0	0	12.08	1	19.000	Working	0	0	0	0	0	0	0	0	0	0	0	0	0	0
117009902215362	117009902	2018-12-19		0			0	0	0	0	0	12.08	2	19.000	Working	0	0	0	0	0	0	0	0	0	0	0	0	0	0
117009902215511	117009902	2019-01-03		0			0	0	0	0	0	12.22	1	19.000	Working	0	0	0	0	0	0	0	0	0	0	0	0	0	0
117009902215512	117009902	2019-01-03		0			0	0	0	0	0	12.22	2	19.000	Working	0	0	0	0	0	0	0	0	0	0	0	0	0	0
117009902215641	117009902	2019-01-16		0			0	0	0	0	0	12.37	1	19.000	Working	0	0	0	0	0	0	0	0	0	0	0	0	0	0
117009902215642	117009902	2019-01-16		0			0	0	0	0	0	12.37	2	19.000	Working	0	0	0	0	0	0	0	0	0	0	0	0	0	0
117009902215781	117009902	2019-01-30		0			0	0	0	0	0	12.55	1	19.000	Working	0	0	0	0	0	0	0	0	0	0	0	0	0	0
117009902215782	117009902	2019-01-30		0			0	0	0	0	0	12.55	2	19.000	Working	0	0	0	0	0	0	0	0	0	0	0	0	0	0
117009902215921	117009902	2019-02-13		0			0	0	0	0	0	12.20	1	19.000	Working	0	0	0	0	0	0	0	0	0	0	0	0	0	0
117009902215922	117009902	2019-02-13		0			0	0	0	0	0	12.20	2	19.000	Working	0	0	0	0	0	0	0	0	0	0	0	0	0	0
117009902216061	117009902	2019-02-27		0			0	0	0	0	0	13.42	1	19.000	Working	0	0	0	0	0	0	0	0	0	0	0	0	0	0
117009902216062	117009902	2019-02-27		0			0	0	0	0	0	13.42	2	19.000	Working	0	0	0	0	0	0	0	0	0	0	0	0	0	0
117009902216201	117009902	2019-03-13		0			0	0	0	0	0	12.20	1	19.000	Working	0	0	0	0	0	0	0	0	0	0	0	0	0	0
117009902216202	117009902	2019-03-13		0			0	0	0	0	0	12.20	2	19.000	Working	0	0	0	0	0	0	0	0	0	0	0	0	0	0
117009902216341	117009902	2019-03-27		0			0	0	0	0	0	12.32	1	19.000	Working	0	0	0	0	0	0	0	0	0	0	0	0	0	0
117009902216342	117009902	2019-03-27		0			0	0	0	0	0	12.32	2	19.000	Working	0	0	0	0	0	0	0	0	0	0	0	0	0	0
117009902216481	117009902	2019-04-10		0			0	0	0	0	0	12.08	1	19.000	Working	0	0	0	0	0	0	0	0	0	0	0	0	0	0
117009902216482	117009902	2019-04-10		0			0	0	0	0	0	12.08	2	19.000	Working	0	0	0	0	0	0	0	0	0	0	0	0	0	0
117009902216621	117009902	2019-04-24		0			0	0	0	0	0	12.28	1	19.000	Working	0	0	0	0	0	0	0	0	0	0	0	0	0	0
117009902216622	117009902	2019-04-24		0			0	0	0	0	0	12.28	2	19.000	Working	0	0	0	0	0	0	0	0	0	0	0	0	0	0
117009902216761	117009902	2019-05-08		0			0	0	0	0	0	12.30	1	19.000	Working	0	0	0	0	0	0	0	0	0	0	0	0	0	0
117009902216762	117009902	2019-05-08		0			0	0	0	0	0	12.30	2	19.000	Working	0	0	0	0	0	0	0	0	0	0	0	0	0	0
117009902216901	117009902	2019-05-22		0			0	0	0	0	0	12.45	1	19.000	Working	0	0	0	0	0	0	0	0	0	0	0	0	0	0
117009902216902	117009902	2019-05-22		0			0	0	0	0	0	12.45	2	19.000	Working	0	0	0	0	0	0	0	0	0	0	0	0	0	0
117009902217041	117009902	2019-06-05		1			1	0	0	0	0	12.42	1	19.000	Working	0	1	0	1	0	0	0	0	0	0	0	0	1	0
117009902217042	117009902	2019-06-05		0			0	0	0	0	0	12.42	2	19.000	Working	0	0	0	0	0	0	0	0	0	0	0	0	0	0
117009902217181	117009902	2019-06-19		1			1	0	0	0	0	12.60	1	19.000	Working	0	1	0	1	0	0	0	0	0	0	0	0	1	0
117009902217182	117009902	2019-06-19		0			0	0	0	0	0	12.60	2	19.000	Working	0	0	0	0	0	0	0	0	0	0	0	0	0	0
117009902217321	117009902	2019-07-03		1			1	0	0	1	0	12.32	1	19.000	Working	0	2	0	2	0	0	0	0	0	0	0	0	1	0
117009902217322	117009902	2019-07-03		0			0	0	0	0	0	12.32	2	19.000	Working	0	0	0	0	0	0	0	0	0	0	0	0	0	0
117009902217461	117009902	2019-07-17		1			1	0	0	0	0	12.58	1	19.000	Working	0	1	0	1	0	0	0	0	0	0	0	0	1	0
117009902217462	117009902	2019-07-17		1			1	0	0	0	0	12.58	2	19.000	Working	0	1	0	0	0	0	0	1	0	0	0	0	0	1
117009902217601	117009902	2019-07-31		1			1	0	0	0	0	13.70	1	19.000	Working	0	1	0	1	0	0	0	0	0	0	0	0	1	0
117009902217602	117009902	2019-07-31		1			0	1	0	0	0	13.70	2	19.000	Working	0	1	0	1	0	0	0	0	0	0	0	0	1	0
117009902217741	117009902	2019-08-14		0			0	0	0	0	0	13.45	1	19.000	Working	0	0	0	0	0	0	0	0	0	0	0	0	0	0
117009902217742	117009902	2019-08-14		0			0	0	0	0	0	13.45	2	19.000	Working	0	0	0	0	0	0	0	0	0	0	0	0	0	0
117009902217881	117009902	2019-08-28		1			0	1	0	0	0	13.57	1	19.000	Working	0	1	0	1	0	0	0	0	0	0	0	0	1	0
117009902217882	117009902	2019-08-28		0			0	0	0	0	0	13.57	2	19.000	Working	0	0	0	0	0	0	0	0	0	0	0	0	0	0
117009902218021	117009902	2019-09-11	1	0	1	0	0	0	0	0	0	12.37	1	19.000	Working	0	0	0	0	0	0	0	0	0	0	0	0	0	0
117009902218022	117009902	2019-09-11		1			1	0	0	0	0	12.37	2	19.000	Working	0	1	0	1	0	0	0	0	0	0	0	0	1	0
117009902218161	117009902	2019-09-25		0			0	0	0	0	0	12.53	1	19.000	Working	0	0	0	0	0	0	0	0	0	0	0	0	0	0
117009902218162	117009902	2019-09-25		0			0	0	0	0	0	12.53	2	19.000	Working	0	0	0	0	0	0	0	0	0	0	0	0	0	0
117009902218301	117009902	2019-10-09		0			0	0	0	0	0	12.37	1	19.000	Working	0	0	0	0	0	0	0	0	0	0	0	0	0	0
117009902218302	117009902	2019-10-09		0			0	0	0	0	0	12.37	2	19.000	Working	0	0	0	0	0	0	0	0	0	0	0	0	0	0
118002402211301	118002402	2017-11-02		1			1	0	0	0	0	14.20	1	19.000	Working	0	1	0	1	0	0	0	0	0	0	0	0	1	0
118002402211451	118002402	2017-11-17		0			0	0	0	0	0	13.83	1	19.000	Working	0	0	0	0	0	0	0	0	0	0	0	0	0	0
118002402211591	118002402	2017-12-01		0			0	0	0	0	0	11.78	1	19.000	Working	0	0	0	0	0	0	0	0	0	0	0	0	0	0
118002402211592	118002402	2017-12-01		0			0	0	0	0	0	11.78	2	19.000	Working	0	0	0	0	0	0	0	0	0	0	0	0	0	0
118002402211731	118002402	2017-12-15	1	0	1	0	0	0	0	0	0	11.75	1	19.000	Working	0	0	0	0	0	0	0	0	0	0	0	0	0	0
118002402211732	118002402	2017-12-15		2			1	1	0	0	0	11.75	2	19.000	Working	0	2	0	2	0	0	0	0	0	0	0	0	2	0
118002402211881	118002402	2017-12-30		0			0	0	0	0	0	11.67	1	19.000	Working	0	0	0	0	0	0	0	0	0	0	0	0	0	0
118002402212021	118002402	2018-01-13		0			0	0	0	0	0	13.45	1	19.000	Working	0	0	0	0	0	0	0	0	0	0	0	0	0	0
118002402212022	118002402	2018-01-13		0			0	0	0	0	0	13.45	2	19.000	Working	0	0	0	0	0	0	0	0	0	0	0	0	0	0
118002402212151	118002402	2018-01-26		0			0	0	0	0	0	12.38	1	19.000	Working	0	0	0	0	0	0	0	0	0	0	0	0	0	0
118002402212152	118002402	2018-01-26		0			0	0	0	0	0	12.38	2	19.000	Working	0	0	0	0	0	0	0	0	0	0	0	0	0	0
118002402212291	118002402	2018-02-09		0			0	0	0	0	0	11.75	1	19.000	Working	0	0	0	0	0	0	0	0	0	0	0	0	0	0
118002402212292	118002402	2018-02-09		0			0	0	0	0	0	11.75	2	19.000	Working	0	0	0	0	0	0	0	0	0	0	0	0	0	0
118002402212431	118002402	2018-02-23		0			0	0	0	0	0	11.88	1	19.000	Working	0	0	0	0	0	0	0	0	0	0	0	0	0	0
118002402212432	118002402	2018-02-23		0			0	0	0	0	0	11.88	2	19.000	Working	0	0	0	0	0	0	0	0	0	0	0	0	0	0
118002402212571	118002402	2018-03-09		0			0	0	0	0	0	11.95	1	19.000	Working	0	0	0	0	0	0	0	0	0	0	0	0	0	0
118002402212572	118002402	2018-03-09		0			0	0	0	0	0	11.95	2	19.000	Working	0	0	0	0	0	0	0	0	0	0	0	0	0	0
118002402212711	118002402	2018-03-23	1	0	1	0	0	0	0	0	0	12.57	1	19.000	Working	0	0	0	0	0	0	0	0	0	0	0	0	0	0
118002402212712	118002402	2018-03-23		1			1	0	0	0	0	12.57	2	19.000	Working	0	1	0	1	0	0	0	0	0	0	0	0	1	0
118002402212851	118002402	2018-04-06		0			0	0	0	0	0	11.72	1	19.000	Working	0	0	0	0	0	0	0	0	0	0	0	0	0	0
118002402212852	118002402	2018-04-06		0			0	0	0	0	0	11.72	2	19.000	Working	0	0	0	0	0	0	0	0	0	0	0	0	0	0
118002402212991	118002402	2018-04-20		0			0	0	0	0	0	12.02	1	19.000	Working	0	0	0	0	0	0	0	0	0	0	0	0	0	0
118002402212992	118002402	2018-04-20		0			0	0	0	0	0	12.02	2	19.000	Working	0	0	0	0	0	0	0	0	0	0	0	0	0	0
118002402213131	118002402	2018-05-04	1	5	1	0	1	4	0	0	0	12.52	1	19.000	Working	0	6	0	6	0	1	0	0	0	0	0	0	5	0
118002402213132	118002402	2018-05-04		3			0	3	0	0	0	12.52	2	19.000	Working	0	3	0	3	0	0	0	0	0	0	0	0	3	0
118002402213271	118002402	2018-05-18		3			2	1	0	0	0	12.58	1	19.000	Working	0	3	0	3	0	0	0	0	0	0	0	0	3	0
118002402213272	118002402	2018-05-18		50			12	38	0	0	0	12.58	2	19.000	Working	0	81	0	81	0	9	0	0	0	0	0	0	72	0
118002402213411	118002402	2018-06-01	1	28	1	0	9	19	0	0	0	12.00	1	19.000	Working	0	34	0	34	0	2	0	0	0	4	0	0	28	0
118002402213412	118002402	2018-06-01		0			0	0	0	0	0	12.00	2	19.000	Working	0	1	0	1	0	1	0	0	0	0	0	0	0	0
118002402213551	118002402	2018-06-15		9			3	6	0	0	0	11.68	1	19.000	Working	0	10	0	9	0	0	0	1	0	0	0	0	9	1
118002402213552	118002402	2018-06-15		5			1	4	0	1	0	11.68	2	19.000	Working	0	6	0	6	0	0	0	0	0	0	0	0	5	0
118002402213691	118002402	2018-06-29		1			1	0	0	0	0	12.23	1	19.000	Working	0	1	0	1	0	0	0	0	0	0	0	0	1	0
118002402213692	118002402	2018-06-29		0			0	0	0	0	0	12.23	2	19.000	Working	0	0	0	0	0	0	0	0	0	0	0	0	0	0
118002402213831	118002402	2018-07-13		0			0	0	0	0	0	11.73	1	19.000	Working	0	2	0	0	0	0	0	2	0	0	0	0	0	2
118002402213832	118002402	2018-07-13		0			0	0	0	0	0	11.73	2	19.000	Working	0	0	0	0	0	0	0	0	0	0	0	0	0	0
118002402213971	118002402	2018-07-27		0			0	0	0	0	0	11.95	1	19.000	Working	0	0	0	0	0	0	0	0	0	0	0	0	0	0
118002402213972	118002402	2018-07-27		0			0	0	0	0	0	11.95	2	19.000	Working	0	0	0	0	0	0	0	0	0	0	0	0	0	0
118002402214111	118002402	2018-08-10		0			0	0	0	0	0	12.45	1	19.000	Working	0	0	0	0	0	0	0	0	0	0	0	0	0	0
118002402214112	118002402	2018-08-10		0			0	0	0	0	0	12.45	2	19.000	Working	0	0	0	0	0	0	0	0	0	0	0	0	0	0
118002402214251	118002402	2018-08-24		0			0	0	0	0	0	12.25	1	19.000	Working	0	0	0	0	0	0	0	0	0	0	0	0	0	0
118002402214252	118002402	2018-08-24		0			0	0	0	0	0	12.25	2	19.000	Working	0	0	0	0	0	0	0	0	0	0	0	0	0	0
118002402214391	118002402	2018-09-07	1	0	1	0	0	0	0	1	0	11.70	1	19.000	Working	0	1	0	1	0	0	0	0	0	0	0	0	0	0
118002402214392	118002402	2018-09-07		0			0	0	0	0	0	11.70	2	19.000	Working	0	0	0	0	0	0	0	0	0	0	0	0	0	0
118002402214551	118002402	2018-09-23		0			0	0	0	0	0	13.33	1	19.000	Working	0	0	0	0	0	0	0	0	0	0	0	0	0	0
118002402214552	118002402	2018-09-23		0			0	0	0	0	0	13.33	2	19.000	Working	0	0	0	0	0	0	0	0	0	0	0	0	0	0
118002402214671	118002402	2018-10-05		0			0	0	0	0	0	11.67	1	19.000	Working	0	0	0	0	0	0	0	0	0	0	0	0	0	0
118002402214672	118002402	2018-10-05		0			0	0	0	0	0	11.67	2	19.000	Working	0	0	0	0	0	0	0	0	0	0	0	0	0	0
118002402214811	118002402	2018-10-19		1			0	1	0	0	0	12.50	1	19.000	Working	0	1	0	1	0	0	0	0	0	0	0	0	1	0
118002402214812	118002402	2018-10-19		0			0	0	0	0	0	12.50	2	19.000	Working	0	0	0	0	0	0	0	0	0	0	0	0	0	0
118002402214951	118002402	2018-11-02		0			0	0	0	0	0	11.67	1	19.000	Working	0	1	0	1	0	0	0	0	0	1	0	0	0	0
118002402214952	118002402	2018-11-02		1			0	1	0	0	0	11.67	2	19.000	Working	0	1	0	1	0	0	0	0	0	0	0	0	1	0
118002402215091	118002402	2018-11-16		0			0	0	0	0	0	13.33	1	19.000	Working	0	0	0	0	0	0	0	0	0	0	0	0	0	0
118002402215092	118002402	2018-11-16		1			0	1	0	0	0	13.33	2	19.000	Working	0	1	0	1	0	0	0	0	0	0	0	0	1	0
118002402215231	118002402	2018-11-30		0			0	0	0	0	0	13.33	1	19.000	Working	0	0	0	0	0	0	0	0	0	0	0	0	0	0
118002402215232	118002402	2018-11-30		0			0	0	0	0	0	13.33	2	19.000	Working	0	0	0	0	0	0	0	0	0	0	0	0	0	0
118002402215371	118002402	2018-12-14		0			0	0	0	0	0	12.37	1	19.000	Working	0	0	0	0	0	0	0	0	0	0	0	0	0	0
118002402215372	118002402	2018-12-14		0			0	0	0	0	0	12.37	2	19.000	Working	0	0	0	0	0	0	0	0	0	0	0	0	0	0
118002402215521	118002402	2018-12-29		0			0	0	0	0	0	12.00	1	19.000	Working	0	0	0	0	0	0	0	0	0	0	0	0	0	0
118002402215522	118002402	2018-12-29		0			0	0	0	0	0	12.00	2	19.000	Working	0	0	0	0	0	0	0	0	0	0	0	0	0	0
118002402215651	118002402	2019-01-11		0			0	0	0	0	0	12.55	1	19.000	Working	0	0	0	0	0	0	0	0	0	0	0	0	0	0
118002402215652	118002402	2019-01-11		0			0	0	0	0	0	12.55	2	19.000	Working	0	0	0	0	0	0	0	0	0	0	0	0	0	0
118002402215791	118002402	2019-01-25	1	0	1	0	0	0	0	0	0	11.92	1	19.000	Working	0	1	0	1	0	1	0	0	0	0	0	0	0	0
118002402215792	118002402	2019-01-25		0			0	0	0	0	0	11.92	2	19.000	Working	0	0	0	0	0	0	0	0	0	0	0	0	0	0
118002402215931	118002402	2019-02-08		0			0	0	0	0	0	11.75	1	19.000	Working	0	0	0	0	0	0	0	0	0	0	0	0	0	0
118002402215932	118002402	2019-02-08		0			0	0	0	0	0	11.75	2	19.000	Working	0	0	0	0	0	0	0	0	0	0	0	0	0	0
118002402216071	118002402	2019-02-22		0			0	0	0	0	0	12.08	1	19.000	Working	0	0	0	0	0	0	0	0	0	0	0	0	0	0
118002402216072	118002402	2019-02-22		0			0	0	0	0	0	12.08	2	19.000	Working	0	0	0	0	0	0	0	0	0	0	0	0	0	0
118002402216211	118002402	2019-03-08	1	0	1	0	0	0	0	0	0	11.73	1	19.000	Working	0	0	0	0	0	0	0	0	0	0	0	0	0	0
118002402216212	118002402	2019-03-08		1			0	1	0	0	0	11.73	2	19.000	Working	0	1	0	1	0	0	0	0	0	0	0	0	1	0
118002402216351	118002402	2019-03-22		0			0	0	0	0	0	13.33	1	19.000	Working	0	0	0	0	0	0	0	0	0	0	0	0	0	0
118002402216352	118002402	2019-03-22		0			0	0	0	0	0	13.33	2	19.000	Working	0	0	0	0	0	0	0	0	0	0	0	0	0	0
118002402216491	118002402	2019-04-05		0			0	0	0	0	0	11.67	1	19.000	Working	0	0	0	0	0	0	0	0	0	0	0	0	0	0
118002402216492	118002402	2019-04-05		0			0	0	0	0	0	11.67	2	19.000	Working	0	0	0	0	0	0	0	0	0	0	0	0	0	0
118002402216631	118002402	2019-04-19		0			0	0	0	0	0	12.50	1	19.000	Working	0	0	0	0	0	0	0	0	0	0	0	0	0	0
118002402216632	118002402	2019-04-19		0			0	0	0	0	0	12.50	2	19.000	Working	0	0	0	0	0	0	0	0	0	0	0	0	0	0
118002402216771	118002402	2019-05-03	1	0	1	0	0	0	0	0	0	11.75	1	19.000	Working	0	0	0	0	0	0	0	0	0	0	0	0	0	0
118002402216772	118002402	2019-05-03		1			0	1	0	0	0	11.75	2	19.000	Working	0	1	0	1	0	0	0	0	0	0	0	0	1	0
118002402216911	118002402	2019-05-17		5			4	1	0	0	0	11.78	1	19.000	Working	0	8	0	8	0	1	0	0	0	2	0	0	5	0
118002402216912	118002402	2019-05-17		0			0	0	0	0	0	11.78	2	19.000	Working	0	0	0	0	0	0	0	0	0	0	0	0	0	0
118002402217051	118002402	2019-05-31		0			0	0	0	0	0	11.78	1	19.000	Working	0	0	0	0	0	0	0	0	0	0	0	0	0	0
118002402217052	118002402	2019-05-31		1			0	1	0	0	0	11.78	2	19.000	Working	0	1	0	1	0	0	0	0	0	0	0	0	1	0
118002402217191	118002402	2019-06-14	1	5	1	0	0	5	0	0	0	11.70	1	19.000	Working	0	5	0	5	0	0	0	0	0	0	0	0	5	0
118002402217192	118002402	2019-06-14		5			1	4	0	4	0	11.70	2	19.000	Working	0	9	0	9	0	0	0	0	0	0	0	0	5	0
118002402217331	118002402	2019-06-28		5			2	3	0	0	0	11.70	1	19.000	Working	0	7	0	7	0	0	0	0	0	2	0	0	5	0
118002402217332	118002402	2019-06-28		8			5	3	0	0	0	11.70	2	19.000	Working	0	8	0	8	0	0	0	0	0	0	0	0	8	0
118002402217471	118002402	2019-07-12	1	2	1	0	1	1	0	2	0	11.75	1	19.000	Working	0	4	0	4	0	0	0	0	0	0	0	0	2	0
118002402217472	118002402	2019-07-12		1			0	1	0	4	0	11.75	2	19.000	Working	0	6	0	6	0	0	0	0	0	1	0	0	1	0
118002402217611	118002402	2019-07-26	1	2	1	0	0	2	0	0	0	12.27	1	19.000	Working	0	2	0	2	0	0	0	0	0	0	0	0	2	0
118002402217612	118002402	2019-07-26		2			0	2	0	1	0	12.27	2	19.000	Working	0	3	0	3	0	0	0	0	0	0	0	0	2	0
118002402217751	118002402	2019-08-09		0			0	0	0	0	0	11.67	1	19.000	Working	0	0	0	0	0	0	0	0	0	0	0	0	0	0
118002402217752	118002402	2019-08-09		0			0	0	0	0	0	11.67	2	19.000	Working	0	0	0	0	0	0	0	0	0	0	0	0	0	0
118002402217891	118002402	2019-08-23		0			0	0	0	0	0	12.08	1	19.000	Working	0	0	0	0	0	0	0	0	0	0	0	0	0	0
118002402217892	118002402	2019-08-23		0			0	0	0	0	0	12.08	2	19.000	Working	0	0	0	0	0	0	0	0	0	0	0	0	0	0
118002402218031	118002402	2019-09-06	2	3	2	0	1	2	0	0	0	13.37	1	19.000	Working	0	3	0	3	0	0	0	0	0	0	0	0	3	0
118002402218032	118002402	2019-09-06		0			0	0	0	0	0	13.37	2	19.000	Working	0	0	0	0	0	0	0	0	0	0	0	0	0	0
118002402218171	118002402	2019-09-20	0	2	1	1	0	2	0	0	0	13.73	1	19.000	Working	0	2	0	2	0	0	0	0	0	0	0	0	2	0
118002402218172	118002402	2019-09-20		0			0	0	0	0	0	13.73	2	19.000	Working	0	0	0	0	0	0	0	0	0	0	0	0	0	0
118002402218311	118002402	2019-10-04		0			0	0	0	0	0	11.75	1	19.000	Working	0	0	0	0	0	0	0	0	0	0	0	0	0	0
118002402218312	118002402	2019-10-04		2			2	0	0	1	0	11.75	2	19.000	Working	0	3	0	3	0	0	0	0	0	0	0	0	2	0
118009702211301	118009702	2017-11-12		1			0	1	0	0	0	12.53	1	19.000	Working	0	1	0	1	0	0	0	0	0	0	0	0	1	0
118009702211302	118009702	2017-11-12		0			0	0	0	1	0	12.53	2	19.000	Working	0	1	0	1	0	0	0	0	0	0	0	0	0	0
118009702211451	118009702	2017-11-27		2			0	2	0	3	0	12.03	1	19.000	Working	0	6	0	6	0	0	0	0	0	1	0	0	2	0
118009702211452	118009702	2017-11-27		2			1	1	0	0	0	12.03	2	19.000	Working	0	2	0	2	0	0	0	0	0	0	0	0	2	0
118009702211591	118009702	2017-12-11	1	1	1	0	0	1	0	1	0	12.02	1	19.000	Working	0	4	0	4	0	0	0	0	0	2	0	0	1	0
118009702211592	118009702	2017-12-11		0			0	0	0	0	0	12.02	2	19.000	Working	0	0	0	0	0	0	0	0	0	0	0	0	0	0
118009702211731	118009702	2017-12-25		0			0	0	0	0	0	13.95	1	19.000	Working	0	0	0	0	0	0	0	0	0	0	0	0	0	0
118009702211732	118009702	2017-12-25		0			0	0	0	0	0	13.95	2	19.000	Working	0	0	0	0	0	0	0	0	0	0	0	0	0	0
118009702211881	118009702	2018-01-09	2	0	2	0	0	0	0	0	0	12.08	1	19.000	Working	0	1	0	1	0	1	0	0	0	0	0	0	0	0
118009702211882	118009702	2018-01-09		0			0	0	0	0	0	12.08	2	19.000	Working	0	1	0	1	0	1	0	0	0	0	0	0	0	0
118009702212021	118009702	2018-01-23		0			0	0	0	0	0	12.60	1	19.000	Working	0	0	0	0	0	0	0	0	0	0	0	0	0	0
118009702212022	118009702	2018-01-23		0			0	0	0	0	0	12.60	2	19.000	Working	0	0	0	0	0	0	0	0	0	0	0	0	0	0
118009702212151	118009702	2018-02-05	1	0	1	0	0	0	0	0	0	11.83	1	19.000	Working	0	0	0	0	0	0	0	0	0	0	0	0	0	0
118009702212152	118009702	2018-02-05		0			0	0	0	0	0	11.83	2	19.000	Working	0	1	0	1	0	0	0	0	0	1	0	0	0	0
118009702212291	118009702	2018-02-19	1	1	1	0	0	1	0	0	0	12.20	1	19.000	Working	0	1	0	1	0	0	0	0	0	0	0	0	1	0
118009702212292	118009702	2018-02-19		0			0	0	0	0	0	12.20	2	19.000	Working	0	0	0	0	0	0	0	0	0	0	0	0	0	0
118009702212431	118009702	2018-03-05		0			0	0	0	0	0	12.00	1	19.000	Working	0	0	0	0	0	0	0	0	0	0	0	0	0	0
118009702212432	118009702	2018-03-05		0			0	0	0	0	0	12.00	2	19.000	Working	0	0	0	0	0	0	0	0	0	0	0	0	0	0
118009702212571	118009702	2018-03-19	1	1	1	0	0	1	0	0	0	12.33	1	19.000	Working	0	1	0	1	0	0	0	0	0	0	0	0	1	0
118009702212572	118009702	2018-03-19		0			0	0	0	0	0	12.33	2	19.000	Working	0	0	0	0	0	0	0	0	0	0	0	0	0	0
118009702212711	118009702	2018-04-02		1			0	1	0	0	0	11.93	1	19.000	Working	0	1	0	1	0	0	0	0	0	0	0	0	1	0
118009702212712	118009702	2018-04-02		1			0	1	0	0	0	11.93	2	19.000	Working	0	1	0	1	0	0	0	0	0	0	0	0	1	0
118009702212851	118009702	2018-04-16		0			0	0	0	0	0	13.52	1	19.000	Working	0	0	0	0	0	0	0	0	0	0	0	0	0	0
118009702212852	118009702	2018-04-16		0			0	0	0	0	0	13.52	2	19.000	Working	0	0	0	0	0	0	0	0	0	0	0	0	0	0
118009702212991	118009702	2018-04-30		1			0	1	0	0	0	12.12	1	19.000	Working	0	1	0	1	0	0	0	0	0	0	0	0	1	0
118009702212992	118009702	2018-04-30		0			0	0	0	0	0	12.12	2	19.000	Working	0	0	0	0	0	0	0	0	0	0	0	0	0	0
118009702213131	118009702	2018-05-14		8			3	5	0	0	0	11.85	1	19.000	Working	0	8	0	8	0	0	0	0	0	0	0	0	8	0
118009702213132	118009702	2018-05-14		8			4	4	0	1	0	11.85	2	19.000	Working	0	12	0	12	0	3	0	0	0	0	0	0	8	0
118009702213271	118009702	2018-05-28		5			1	4	0	0	0	11.87	1	19.000	Working	0	5	0	5	0	0	0	0	0	0	0	0	5	0
118009702213272	118009702	2018-05-28		5			0	5	0	5	0	11.87	2	19.000	Working	0	10	0	10	0	0	0	0	0	0	0	0	5	0
118009702213411	118009702	2018-06-11		9			3	6	0	1	0	11.88	1	19.000	Working	0	11	0	10	0	0	0	1	0	0	0	0	9	1
118009702213412	118009702	2018-06-11		1			0	1	0	0	0	11.88	2	19.000	Working	0	2	0	1	0	0	1	1	0	0	0	0	1	0
118009702213551	118009702	2018-06-25		1			0	1	0	0	0	11.85	1	19.000	Working	0	3	0	2	0	1	0	1	0	0	0	0	1	1
118009702213552	118009702	2018-06-25		2			0	2	0	0	0	11.85	2	19.000	Working	0	3	0	3	0	1	0	0	0	0	0	0	2	0
118009702213691	118009702	2018-07-09		0			0	0	0	0	0	12.05	1	19.000	Working	0	0	0	0	0	0	0	0	0	0	0	0	0	0
118009702213692	118009702	2018-07-09		0			0	0	0	1	0	12.05	2	19.000	Working	0	1	0	1	0	0	0	0	0	0	0	0	0	0
118009702213831	118009702	2018-07-23		0			0	0	0	0	0	11.92	1	19.000	Working	0	0	0	0	0	0	0	0	0	0	0	0	0	0
118009702213832	118009702	2018-07-23		0			0	0	0	0	0	11.92	2	19.000	Working	0	0	0	0	0	0	0	0	0	0	0	0	0	0
118009702213971	118009702	2018-08-06		0			0	0	0	0	0	11.90	1	19.000	Working	0	0	0	0	0	0	0	0	0	0	0	0	0	0
118009702213972	118009702	2018-08-06		0			0	0	0	0	0	11.90	2	19.000	Working	0	0	0	0	0	0	0	0	0	0	0	0	0	0
118009702214111	118009702	2018-08-20		0			0	0	0	0	0	12.25	1	19.000	Working	0	0	0	0	0	0	0	0	0	0	0	0	0	0
118009702214112	118009702	2018-08-20		0			0	0	0	0	0	12.25	2	19.000	Working	0	0	0	0	0	0	0	0	0	0	0	0	0	0
118009702214251	118009702	2018-09-03		0			0	0	0	0	0	11.88	1	19.000	Working	0	0	0	0	0	0	0	0	0	0	0	0	0	0
118009702214252	118009702	2018-09-03		0			0	0	0	0	0	11.88	2	19.000	Working	0	0	0	0	0	0	0	0	0	0	0	0	0	0
118009702214391	118009702	2018-09-17		0			0	0	0	0	0	11.75	1	19.000	Working	0	0	0	0	0	0	0	0	0	0	0	0	0	0
118009702214392	118009702	2018-09-17		0			0	0	0	0	0	11.75	2	19.000	Working	0	0	0	0	0	0	0	0	0	0	0	0	0	0
118009702214551	118009702	2018-10-03		1			0	1	0	0	0	12.33	1	19.000	Working	0	1	0	1	0	0	0	0	0	0	0	0	1	0
118009702214552	118009702	2018-10-03		0			0	0	0	0	0	12.33	2	19.000	Working	0	0	0	0	0	0	0	0	0	0	0	0	0	0
118009702214671	118009702	2018-10-15		0			0	0	0	0	0	11.98	1	19.000	Working	0	0	0	0	0	0	0	0	0	0	0	0	0	0
118009702214672	118009702	2018-10-15		0			0	0	0	0	0	11.98	2	19.000	Working	0	0	0	0	0	0	0	0	0	0	0	0	0	0
118009702214811	118009702	2018-10-29		0			0	0	0	0	0	11.82	1	19.000	Working	0	0	0	0	0	0	0	0	0	0	0	0	0	0
118009702214812	118009702	2018-10-29		0			0	0	0	0	0	11.82	2	19.000	Working	0	0	0	0	0	0	0	0	0	0	0	0	0	0
118009702214951	118009702	2018-11-12		0			0	0	0	0	0	12.50	1	19.000	Working	0	0	0	0	0	0	0	0	0	0	0	0	0	0
118009702214952	118009702	2018-11-12		0			0	0	0	1	0	12.50	2	19.000	Working	0	1	0	1	0	0	0	0	0	0	0	0	0	0
118009702215091	118009702	2018-11-26	1	1	1	0	1	0	0	0	0	11.93	1	19.000	Working	0	1	0	1	0	0	0	0	0	0	0	0	1	0
118009702215092	118009702	2018-11-26		0			0	0	0	0	0	11.93	2	19.000	Working	0	0	0	0	0	0	0	0	0	0	0	0	0	0
118009702215231	118009702	2018-12-10		0			0	0	0	0	0	11.85	1	19.000	Working	0	0	0	0	0	0	0	0	0	0	0	0	0	0
118009702215232	118009702	2018-12-10		0			0	0	0	0	0	11.85	2	19.000	Working	0	0	0	0	0	0	0	0	0	0	0	0	0	0
118009702215371	118009702	2018-12-24		0			0	0	0	0	0	11.87	1	19.000	Working	0	0	0	0	0	0	0	0	0	0	0	0	0	0
118009702215372	118009702	2018-12-24		0			0	0	0	0	0	11.87	2	19.000	Working	0	0	0	0	0	0	0	0	0	0	0	0	0	0
118009702215521	118009702	2019-01-08	1	0	1	0	0	0	0	0	0	12.55	1	19.000	Working	0	0	0	0	0	0	0	0	0	0	0	0	0	0
118009702215522	118009702	2019-01-08		1			0	1	0	0	0	12.55	2	19.000	Working	0	1	0	1	0	0	0	0	0	0	0	0	1	0
118009702215651	118009702	2019-01-21		0			0	0	0	0	0	11.88	1	19.000	Working	0	0	0	0	0	0	0	0	0	0	0	0	0	0
118009702215652	118009702	2019-01-21		0			0	0	0	0	0	11.88	2	19.000	Working	0	0	0	0	0	0	0	0	0	0	0	0	0	0
118009702215791	118009702	2019-02-04		0			0	0	0	0	0	11.90	1	19.000	Working	0	0	0	0	0	0	0	0	0	0	0	0	0	0
118009702215792	118009702	2019-02-04		0			0	0	0	0	0	11.90	2	19.000	Working	0	0	0	0	0	0	0	0	0	0	0	0	0	0
118009702215931	118009702	2019-02-18		0			0	0	0	0	0	12.28	1	19.000	Working	0	0	0	0	0	0	0	0	0	0	0	0	0	0
118009702215932	118009702	2019-02-18		0			0	0	0	0	0	12.28	2	19.000	Working	0	0	0	0	0	0	0	0	0	0	0	0	0	0
118009702216071	118009702	2019-03-04		0			0	0	0	0	0	13.62	1	19.000	Working	0	0	0	0	0	0	0	0	0	0	0	0	0	0
118009702216072	118009702	2019-03-04		0			0	0	0	0	0	13.62	2	19.000	Working	0	0	0	0	0	0	0	0	0	0	0	0	0	0
118009702216211	118009702	2019-03-18		0			0	0	0	0	0	11.95	1	19.000	Working	0	0	0	0	0	0	0	0	0	0	0	0	0	0
118009702216212	118009702	2019-03-18		0			0	0	0	0	0	11.95	2	19.000	Working	0	0	0	0	0	0	0	0	0	0	0	0	0	0
118009702216351	118009702	2019-04-01		0			0	0	0	0	0	12.47	1	19.000	Working	0	0	0	0	0	0	0	0	0	0	0	0	0	0
118009702216352	118009702	2019-04-01		0			0	0	0	0	0	12.47	2	19.000	Working	0	0	0	0	0	0	0	0	0	0	0	0	0	0
118009702216491	118009702	2019-04-15		0			0	0	0	0	0	12.33	1	19.000	Working	0	0	0	0	0	0	0	0	0	0	0	0	0	0
118009702216492	118009702	2019-04-15		0			0	0	0	0	0	12.33	2	19.000	Working	0	0	0	0	0	0	0	0	0	0	0	0	0	0
118009702216631	118009702	2019-04-29		0			0	0	0	0	0	12.50	1	19.000	Working	0	0	0	0	0	0	0	0	0	0	0	0	0	0
118009702216632	118009702	2019-04-29		0			0	0	0	0	0	12.50	2	19.000	Working	0	0	0	0	0	0	0	0	0	0	0	0	0	0
118009702216771	118009702	2019-05-13		0			0	0	0	0	0	11.88	1	19.000	Working	0	0	0	0	0	0	0	0	0	0	0	0	0	0
118009702216772	118009702	2019-05-13		0			0	0	0	0	0	11.88	2	19.000	Working	0	0	0	0	0	0	0	0	0	0	0	0	0	0
118009702216911	118009702	2019-05-27		2			0	2	0	0	0	12.62	1	19.000	Working	0	2	0	2	0	0	0	0	0	0	0	0	2	0
118009702216912	118009702	2019-05-27		1			0	1	0	0	0	12.62	2	19.000	Working	0	1	0	1	0	0	0	0	0	0	0	0	1	0
118009702217051	118009702	2019-06-10		0			0	0	0	0	0	12.28	1	19.000	Working	0	2	0	2	0	2	0	0	0	0	0	0	0	0
118009702217052	118009702	2019-06-10		1			0	1	0	0	0	12.28	2	19.000	Working	0	1	0	1	0	0	0	0	0	0	0	0	1	0
118009702217191	118009702	2019-06-24		0			0	0	0	0	0	11.88	1	19.000	Working	0	0	0	0	0	0	0	0	0	0	0	0	0	0
118009702217192	118009702	2019-06-24		0			0	0	0	0	0	11.88	2	19.000	Working	0	0	0	0	0	0	0	0	0	0	0	0	0	0
118009702217331	118009702	2019-07-08		2			2	0	0	0	0	13.95	1	19.000	Working	0	2	0	2	0	0	0	0	0	0	0	0	2	0
118009702217332	118009702	2019-07-08		1			0	1	0	0	0	13.95	2	19.000	Working	0	1	0	1	0	0	0	0	0	0	0	0	1	0
118009702217471	118009702	2019-07-22		5			3	2	0	0	0	11.90	1	19.000	Working	0	5	0	5	0	0	0	0	0	0	0	0	5	0
118009702217472	118009702	2019-07-22		0			0	0	0	0	0	11.90	2	19.000	Working	0	0	0	0	0	0	0	0	0	0	0	0	0	0
118009702217611	118009702	2019-08-05		0			0	0	0	0	0	11.87	1	19.000	Working	0	2	0	2	0	2	0	0	0	0	0	0	0	0
118009702217612	118009702	2019-08-05		2			2	0	0	0	0	11.87	2	19.000	Working	0	3	0	3	0	1	0	0	0	0	0	0	2	0
118009702217751	118009702	2019-08-19	1	0	1	0	0	0	0	0	0	11.85	1	19.000	Working	0	0	0	0	0	0	0	0	0	0	0	0	0	0
118009702217752	118009702	2019-08-19		4			1	3	0	0	0	11.85	2	19.000	Working	0	4	0	4	0	0	0	0	0	0	0	0	4	0
118009702217891	118009702	2019-09-02		0			0	0	0	0	0	12.50	1	19.000	Working	0	0	0	0	0	0	0	0	0	0	0	0	0	0
118009702217892	118009702	2019-09-02		1			0	1	0	0	0	12.50	2	19.000	Working	0	1	0	1	0	0	0	0	0	0	0	0	1	0
118009702218031	118009702	2019-09-16		1			0	1	0	0	0	12.10	1	19.000	Working	0	1	0	1	0	0	0	0	0	0	0	0	1	0
118009702218032	118009702	2019-09-16		0			0	0	0	0	0	12.10	2	19.000	Working	0	0	0	0	0	0	0	0	0	0	0	0	0	0
118009702218171	118009702	2019-09-30		0			0	0	0	0	0	13.70	1	19.000	Working	0	0	0	0	0	0	0	0	0	0	0	0	0	0
118009702218172	118009702	2019-09-30		0			0	0	0	0	0	13.70	2	19.000	Working	0	0	0	0	0	0	0	0	0	0	0	0	0	0
118009702218311	118009702	2019-10-14		0			0	0	0	0	0	13.52	1	19.000	Working	0	0	0	0	0	0	0	0	0	0	0	0	0	0
118009702218312	118009702	2019-10-14		0			0	0	0	0	0	13.52	2	19.000	Working	0	0	0	0	0	0	0	0	0	0	0	0	0	0
118010701211301	118010701	2017-11-09		0			0	0	0	0	0	13.50	1	19.000	Working	0	0	0	0	0	0	0	0	0	0	0	0	0	0
118010701211451	118010701	2017-11-24		2			0	2	0	0	0	11.82	1	19.000	Working	0	2	2	0	0	0	0	0	0	0	0	2	0	0
118010701211591	118010701	2017-12-08		0			0	0	0	0	0	10.82	1	19.000	Working	0	0	0	0	0	0	0	0	0	0	0	0	0	0
118010701211731	118010701	2017-12-22	1	0	1	0	0	0	0	0	0	13.82	1	19.000	Working	0	1	0	1	0	0	0	0	0	1	0	0	0	0
118010701211881	118010701	2018-01-06		0			0	0	0	0	0	11.97	1	19.000	Working	0	0	0	0	0	0	0	0	0	0	0	0	0	0
118010701212021	118010701	2018-01-20		0			0	0	0	0	0	13.33	1	19.000	Working	0	0	0	0	0	0	0	0	0	0	0	0	0	0
118010701212151	118010701	2018-02-02		0			0	0	0	0	0	11.67	1	19.000	Working	0	0	0	0	0	0	0	0	0	0	0	0	0	0
118010701212291	118010701	2018-02-16		0			0	0	0	0	0	12.10	1	19.000	Working	0	0	0	0	0	0	0	0	0	0	0	0	0	0
118010701212431	118010701	2018-03-02		0			0	0	0	0	0	11.92	1	19.000	Working	0	0	0	0	0	0	0	0	0	0	0	0	0	0
118010701212571	118010701	2018-03-16		0			0	0	0	0	0	12.17	1	19.000	Working	0	0	0	0	0	0	0	0	0	0	0	0	0	0
118010701212711	118010701	2018-03-30		0			0	0	0	0	0	11.77	1	19.000	Working	0	0	0	0	0	0	0	0	0	0	0	0	0	0
118010701212851	118010701	2018-04-13		0			0	0	0	0	0	13.48	1	19.000	Working	0	0	0	0	0	0	0	0	0	0	0	0	0	0
118010701212991	118010701	2018-04-27		0			0	0	0	0	0	12.20	1	19.000	Working	0	0	0	0	0	0	0	0	0	0	0	0	0	0
118010701213131	118010701	2018-05-11	1	18	1	0	3	15	0	0	0	11.72	1	19.000	Working	0	18	0	18	0	0	0	0	0	0	0	0	18	0
118010701213271	118010701	2018-05-25		10			2	8	0	0	0	11.68	1	19.000	Working	0	12	0	12	0	2	0	0	0	0	0	0	10	0
118010701213411	118010701	2018-06-08		0			0	0	0	0	0	11.70	1	19.000	Working	0	0	0	0	0	0	0	0	0	0	0	0	0	0
118010701213551	118010701	2018-06-22		0			0	0	0	0	0	11.77	1	19.000	Working	0	0	0	0	0	0	0	0	0	0	0	0	0	0
118010701213691	118010701	2018-07-06		0			0	0	0	0	0	11.88	1	19.000	Working	0	0	0	0	0	0	0	0	0	0	0	0	0	0
118010701213831	118010701	2018-07-20		0			0	0	0	0	0	11.73	1	19.000	Working	0	0	0	0	0	0	0	0	0	0	0	0	0	0
118010701213971	118010701	2018-08-03		0			0	0	0	0	0	11.72	1	19.000	Working	0	0	0	0	0	0	0	0	0	0	0	0	0	0
118010701214111	118010701	2018-08-17		0			0	0	0	0	0	12.33	1	19.000	Working	0	0	0	0	0	0	0	0	0	0	0	0	0	0
118010701214251	118010701	2018-08-31		0			0	0	0	0	0	11.73	1	19.000	Working	0	0	0	0	0	0	0	0	0	0	0	0	0	0
118010701214391	118010701	2018-09-14		0			0	0	0	0	0	10.97	1	19.000	Working	0	0	0	0	0	0	0	0	0	0	0	0	0	0
118010701214551	118010701	2018-09-30		0			0	0	0	0	0	12.58	1	19.000	Working	0	0	0	0	0	0	0	0	0	0	0	0	0	0
118010701214671	118010701	2018-10-12		0			0	0	0	0	0	11.80	1	19.000	Working	0	0	0	0	0	0	0	0	0	0	0	0	0	0
118010701214811	118010701	2018-10-26		1			0	1	0	0	0	11.67	1	19.000	Working	0	1	0	1	0	0	0	0	0	0	0	0	1	0
118010701214951	118010701	2018-11-09		0			0	0	0	1	0	13.33	1	19.000	Working	0	1	0	1	0	0	0	0	0	0	0	0	0	0
118010701215091	118010701	2018-11-23		0			0	0	0	0	0	13.33	1	19.000	Working	0	0	0	0	0	0	0	0	0	0	0	0	0	0
118010701215231	118010701	2018-12-07	1	0	1	0	0	0	0	0	0	11.67	1	19.000	Working	0	1	0	1	0	0	0	0	0	1	0	0	0	0
118010701215371	118010701	2018-12-21	1	0	1	0	0	0	0	1	0	11.67	1	19.000	Working	0	1	0	1	0	0	0	0	0	0	0	0	0	0
118010701215521	118010701	2019-01-05		0			0	0	0	0	0	12.20	1	19.000	Working	0	0	0	0	0	0	0	0	0	0	0	0	0	0
118010701215651	118010701	2019-01-18		0			0	0	0	0	0	11.68	1	19.000	Working	0	0	0	0	0	0	0	0	0	0	0	0	0	0
118010701215791	118010701	2019-02-01		0			0	0	0	0	0	11.67	1	19.000	Working	0	0	0	0	0	0	0	0	0	0	0	0	0	0
118010701215931	118010701	2019-02-15		0			0	0	0	0	0	12.17	1	19.000	Working	0	0	0	0	0	0	0	0	0	0	0	0	0	0
118010701216071	118010701	2019-03-01		0			0	0	0	0	0	12.15	1	19.000	Working	0	0	0	0	0	0	0	0	0	0	0	0	0	0
118010701216211	118010701	2019-03-15		0			0	0	0	0	0	11.83	1	19.000	Working	0	0	0	0	0	0	0	0	0	0	0	0	0	0
118010701216351	118010701	2019-03-29	1	1	1	0	0	1	0	0	0	12.58	1	19.000	Working	0	1	0	1	0	0	0	0	0	0	0	0	1	0
118010701216491	118010701	2019-04-12		0			0	0	0	0	0	12.22	1	19.000	Working	0	0	0	0	0	0	0	0	0	0	0	0	0	0
118010701216631	118010701	2019-04-26		0			0	0	0	0	0	12.60	1	19.000	Working	0	0	0	0	0	0	0	0	0	0	0	0	0	0
118010701216771	118010701	2019-05-10		0			0	0	0	0	0	11.67	1	19.000	Working	0	0	0	0	0	0	0	0	0	0	0	0	0	0
118010701216911	118010701	2019-05-24		0			0	0	0	0	0	11.87	1	19.000	Working	0	0	0	0	0	0	0	0	0	0	0	0	0	0
118010701217051	118010701	2019-06-07		2			1	1	0	0	0	12.07	1	19.000	Working	0	2	0	2	0	0	0	0	0	0	0	0	2	0
118010701217191	118010701	2019-06-21		0			0	0	0	0	0	11.73	1	19.000	Working	0	0	0	0	0	0	0	0	0	0	0	0	0	0
118010701217331	118010701	2019-07-05		0			0	0	0	0	0	14.07	1	19.000	Working	0	1	0	1	0	1	0	0	0	0	0	0	0	0
118010701217471	118010701	2019-07-19		1			0	1	0	1	0	11.77	1	19.000	Working	0	2	0	2	0	0	0	0	0	0	0	0	1	0
118010701217611	118010701	2019-08-02		4			1	3	0	0	0	11.68	1	19.000	Working	0	4	0	4	0	0	0	0	0	0	0	0	4	0
118010701217751	118010701	2019-08-16		0			0	0	0	0	0	11.67	1	19.000	Working	0	0	0	0	0	0	0	0	0	0	0	0	0	0
118010701217891	118010701	2019-08-30		2			0	2	0	0	0	13.33	1	19.000	Working	0	2	0	2	0	0	0	0	0	0	0	0	2	0
118010701218031	118010701	2019-09-13		0			0	0	0	0	0	13.58	1	19.000	Working	0	0	0	0	0	0	0	0	0	0	0	0	0	0
118010701218171	118010701	2019-09-27		0			0	0	0	0	0	13.52	1	19.000	Working	0	0	0	0	0	0	0	0	0	0	0	0	0	0
118010701218311	118010701	2019-10-11		0			0	0	0	0	0	13.48	1	19.000	Working	0	0	0	0	0	0	0	0	0	0	0	0	0	0
119000701211301	119000701	2017-11-03		0			0	0	0	0	0	11.67	1	19.000	Working	0	0	0	0	0	0	0	0	0	0	0	0	0	0
119000701211451	119000701	2017-11-18		0			0	0	0	0	0	13.98	1	19.000	Working	0	1	0	1	0	1	0	0	0	0	0	0	0	0
119000701211591	119000701	2017-12-02	2	3	2	0	1	2	0	1	0	12.63	1	19.000	Working	0	4	0	4	0	0	0	0	0	0	0	0	3	0
119000701211731	119000701	2017-12-16	1	1	1	0	1	0	0	0	0	13.48	1	19.000	Working	0	1	0	1	0	0	0	0	0	0	0	0	1	0
119000701211881	119000701	2017-12-31		0			0	0	0	0	0	12.65	1	19.000	Working	0	0	0	0	0	0	0	0	0	0	0	0	0	0
119000701212021	119000701	2018-01-14		0			0	0	0	0	0	11.83	1	19.000	Working	0	1	1	0	0	0	0	0	0	0	0	1	0	0
119000701212151	119000701	2018-01-27		0			0	0	0	0	0	12.33	1	19.000	Working	0	0	0	0	0	0	0	0	0	0	0	0	0	0
119000701212291	119000701	2018-02-10		0			0	0	0	0	0	12.58	1	19.000	Working	0	0	0	0	0	0	0	0	0	0	0	0	0	0
119000701212431	119000701	2018-02-24		0			0	0	0	0	0	12.47	1	19.000	Working	0	0	0	0	0	0	0	0	0	0	0	0	0	0
119000701212571	119000701	2018-03-10		0			0	0	0	0	0	12.07	1	19.000	Working	0	0	0	0	0	0	0	0	0	0	0	0	0	0
119000701212711	119000701	2018-03-24		0			0	0	0	0	0	12.55	1	19.000	Working	0	0	0	0	0	0	0	0	0	0	0	0	0	0
119000701212851	119000701	2018-04-07		0			0	0	0	0	0	12.37	1	19.000	Working	0	0	0	0	0	0	0	0	0	0	0	0	0	0
119000701212852	119000701	2018-04-07		0			0	0	0	0	0	12.37	2	19.000	Working	0	0	0	0	0	0	0	0	0	0	0	0	0	0
119000701212991	119000701	2018-04-21	1	1	1	0	1	0	0	0	0	13.88	1	19.000	Working	0	1	0	1	0	0	0	0	0	0	0	0	1	0
119000701212992	119000701	2018-04-21		0			0	0	0	0	0	13.88	2	19.000	Working	0	0	0	0	0	0	0	0	0	0	0	0	0	0
119000701213131	119000701	2018-05-05		1			0	1	0	0	0	13.38	1	19.000	Working	0	1	0	1	0	0	0	0	0	0	0	0	1	0
119000701213132	119000701	2018-05-05		0			0	0	0	0	0	13.38	2	19.000		0	0	0	0	0	0	0	0	0	0	0	0	0	0
119000701213271	119000701	2018-05-19		0			0	0	0	0	0	13.35	1	19.000	Working	0	0	0	0	0	0	0	0	0	0	0	0	0	0
119000701213272	119000701	2018-05-19		0			0	0	0	0	0	13.35	2	19.000		0	0	0	0	0	0	0	0	0	0	0	0	0	0
119000701213411	119000701	2018-06-02		4			0	4	0	0	0	13.52	1	19.000	Working	0	4	0	4	0	0	0	0	0	0	0	0	4	0
119000701213551	119000701	2018-06-16		0			0	0	0	0	0	13.37	1	19.000	Working	0	0	0	0	0	0	0	0	0	0	0	0	0	0
119000701213552	119000701	2018-06-16		0			0	0	0	0	0	13.37	2	19.000	Working	0	0	0	0	0	0	0	0	0	0	0	0	0	0
119000701213691	119000701	2018-06-30		0			0	0	0	0	0	13.43	1	19.000	Working	0	0	0	0	0	0	0	0	0	0	0	0	0	0
119000701213692	119000701	2018-06-30		0			0	0	0	0	0	13.43	2	19.000	Working	0	0	0	0	0	0	0	0	0	0	0	0	0	0
119000701213831	119000701	2018-07-14		0			0	0	0	0	0	12.55	1	19.000	Working	0	0	0	0	0	0	0	0	0	0	0	0	0	0
119000701213832	119000701	2018-07-14		0			0	0	0	0	0	12.55	2	19.000	Working	0	0	0	0	0	0	0	0	0	0	0	0	0	0
119000701213971	119000701	2018-07-28		0			0	0	0	0	0	12.63	1	19.000	Working	0	0	0	0	0	0	0	0	0	0	0	0	0	0
119000701213972	119000701	2018-07-28		0			0	0	0	0	0	12.63	2	19.000	Working	0	0	0	0	0	0	0	0	0	0	0	0	0	0
119000701214111	119000701	2018-08-11		0			0	0	0	0	0	11.93	1	19.000	Working	0	0	0	0	0	0	0	0	0	0	0	0	0	0
119000701214112	119000701	2018-08-11		0			0	0	0	0	0	11.93	2	19.000	Working	0	0	0	0	0	0	0	0	0	0	0	0	0	0
119000701214251	119000701	2018-08-25		0			0	0	0	0	0	12.60	1	19.000	Working	0	0	0	0	0	0	0	0	0	0	0	0	0	0
119000701214252	119000701	2018-08-25		0			0	0	0	0	0	12.60	2	19.000	Working	0	0	0	0	0	0	0	0	0	0	0	0	0	0
119000701214391	119000701	2018-09-08		0			0	0	0	0	0	12.47	1	19.000	Working	0	0	0	0	0	0	0	0	0	0	0	0	0	0
119000701214392	119000701	2018-09-08		0			0	0	0	0	0	12.47	2	19.000	Working	0	0	0	0	0	0	0	0	0	0	0	0	0	0
119000701214551	119000701	2018-09-24		0			0	0	0	0	0	11.97	1	19.000	Working	0	1	0	0	0	0	0	1	0	0	0	0	0	1
119000701214552	119000701	2018-09-24		0			0	0	0	0	0	11.97	2	19.000	Working	0	0	0	0	0	0	0	0	0	0	0	0	0	0
119000701214671	119000701	2018-10-06		0			0	0	0	0	0	12.62	1	19.000	Working	0	0	0	0	0	0	0	0	0	0	0	0	0	0
119000701214672	119000701	2018-10-06		2			0	2	0	0	0	12.62	2	19.000	Working	0	2	0	2	0	0	0	0	0	0	0	0	2	0
119000701214811	119000701	2018-10-20		0			0	0	0	0	0	12.53	1	19.000	Working	0	0	0	0	0	0	0	0	0	0	0	0	0	0
119000701214812	119000701	2018-10-20		1			0	1	0	0	0	12.53	2	19.000	Working	0	1	0	1	0	0	0	0	0	0	0	0	1	0
119000701214951	119000701	2018-11-03		0			0	0	0	0	0	12.00	1	19.000	Working	0	0	0	0	0	0	0	0	0	0	0	0	0	0
119000701214952	119000701	2018-11-03		0			0	0	0	0	0	12.00	2	19.000	Working	0	0	0	0	0	0	0	0	0	0	0	0	0	0
119000701215091	119000701	2018-11-17		0			0	0	0	0	0	13.68	1	19.000	Working	0	0	0	0	0	0	0	0	0	0	0	0	0	0
119000701215092	119000701	2018-11-17		0			0	0	0	0	0	13.68	2	19.000	Working	0	0	0	0	0	0	0	0	0	0	0	0	0	0
119000701215231	119000701	2018-12-01		0			0	0	0	0	0	13.37	1	19.000	Working	0	0	0	0	0	0	0	0	0	0	0	0	0	0
119000701215232	119000701	2018-12-01		0			0	0	0	0	0	13.37	2	19.000	Working	0	0	0	0	0	0	0	0	0	0	0	0	0	0
119000701215371	119000701	2018-12-15		0			0	0	0	0	0	12.62	1	19.000	Working	0	0	0	0	0	0	0	0	0	0	0	0	0	0
119000701215372	119000701	2018-12-15		0			0	0	0	0	0	12.62	2	19.000	Working	0	0	0	0	0	0	0	0	0	0	0	0	0	0
119000701215521	119000701	2018-12-30		0			0	0	0	0	0	14.10	1	19.000	Working	0	0	0	0	0	0	0	0	0	0	0	0	0	0
119000701215522	119000701	2018-12-30		0			0	0	0	0	0	14.10	2	19.000	Working	0	0	0	0	0	0	0	0	0	0	0	0	0	0
119000701215651	119000701	2019-01-12		0			0	0	0	0	0	12.63	1	19.000	Working	0	0	0	0	0	0	0	0	0	0	0	0	0	0
119000701215652	119000701	2019-01-12		0			0	0	0	0	0	12.63	2	19.000	Working	0	0	0	0	0	0	0	0	0	0	0	0	0	0
119000701215791	119000701	2019-01-26		0			0	0	0	0	0	12.65	1	19.000	Working	0	0	0	0	0	0	0	0	0	0	0	0	0	0
119000701215792	119000701	2019-01-26		0			0	0	0	0	0	12.65	2	19.000	Working	0	0	0	0	0	0	0	0	0	0	0	0	0	0
119000701215931	119000701	2019-02-09	1	0	1	0	0	0	0	0	0	13.33	1	19.000	Working	0	1	0	1	0	1	0	0	0	0	0	0	0	0
119000701215932	119000701	2019-02-09		0			0	0	0	0	0	13.33	2	19.000	Working	0	0	0	0	0	0	0	0	0	0	0	0	0	0
119000701216071	119000701	2019-02-23		0			0	0	0	0	0	14.07	1	19.000	Working	0	0	0	0	0	0	0	0	0	0	0	0	0	0
119000701216072	119000701	2019-02-23		0			0	0	0	0	0	14.07	2	19.000	Working	0	0	0	0	0	0	0	0	0	0	0	0	0	0
119000701216211	119000701	2019-03-09		0			0	0	0	0	0	12.38	1	19.000	Working	0	0	0	0	0	0	0	0	0	0	0	0	0	0
119000701216212	119000701	2019-03-09		0			0	0	0	0	0	12.38	2	19.000	Working	0	0	0	0	0	0	0	0	0	0	0	0	0	0
119000701216351	119000701	2019-03-23		0			0	0	0	0	0	11.83	1	19.000	Working	0	0	0	0	0	0	0	0	0	0	0	0	0	0
119000701216352	119000701	2019-03-23		0			0	0	0	0	0	11.83	2	19.000	Working	0	0	0	0	0	0	0	0	0	0	0	0	0	0
119000701216491	119000701	2019-04-06		0			0	0	0	0	0	13.33	1	19.000	Working	0	0	0	0	0	0	0	0	0	0	0	0	0	0
119000701216492	119000701	2019-04-06		0			0	0	0	0	0	13.33	2	19.000	Working	0	0	0	0	0	0	0	0	0	0	0	0	0	0
119000701216631	119000701	2019-04-20		0			0	0	0	0	0	13.60	1	19.000	Working	0	0	0	0	0	0	0	0	0	0	0	0	0	0
119000701216632	119000701	2019-04-20		0			0	0	0	0	0	13.60	2	19.000	Working	0	0	0	0	0	0	0	0	0	0	0	0	0	0
119000701216771	119000701	2019-05-04		0			0	0	0	0	0	12.57	1	19.000	Working	0	0	0	0	0	0	0	0	0	0	0	0	0	0
119000701216772	119000701	2019-05-04		0			0	0	0	0	0	12.57	2	19.000	Working	0	0	0	0	0	0	0	0	0	0	0	0	0	0
119000701216911	119000701	2019-05-18		0			0	0	0	0	0	13.83	1	19.000	Working	0	0	0	0	0	0	0	0	0	0	0	0	0	0
119000701216912	119000701	2019-05-18		0			0	0	0	0	0	13.83	2	19.000	Working	0	0	0	0	0	0	0	0	0	0	0	0	0	0
119000701217051	119000701	2019-06-01		0			0	0	0	0	0	11.92	1	19.000	Working	0	0	0	0	0	0	0	0	0	0	0	0	0	0
119000701217052	119000701	2019-06-01		2			1	1	0	0	0	11.92	2	19.000	Working	0	2	0	2	0	0	0	0	0	0	0	0	2	0
119000701217191	119000701	2019-06-15		1			0	1	0	0	0	12.55	1	19.000	Working	0	2	0	2	0	1	0	0	0	0	0	0	1	0
119000701217192	119000701	2019-06-15		0			0	0	0	0	0	12.55	2	19.000	Working	0	0	0	0	0	0	0	0	0	0	0	0	0	0
119000701217331	119000701	2019-06-29		0			0	0	0	0	0	13.42	1	19.000	Working	0	0	0	0	0	0	0	0	0	0	0	0	0	0
119000701217332	119000701	2019-06-29		0			0	0	0	0	0	13.42	2	19.000	Working	0	0	0	0	0	0	0	0	0	0	0	0	0	0
119000701217471	119000701	2019-07-13		0			0	0	0	0	0	12.60	1	19.000	Working	0	0	0	0	0	0	0	0	0	0	0	0	0	0
119000701217472	119000701	2019-07-13		1			1	0	0	1	0	12.60	2	19.000	Working	0	3	0	3	0	0	0	0	0	1	0	0	1	0
119000701217611	119000701	2019-07-27		1			0	1	0	0	0	12.45	1	19.000	Working	0	2	0	2	0	1	0	0	0	0	0	0	1	0
119000701217612	119000701	2019-07-27		0			0	0	0	0	0	12.45	2	19.000	Working	0	0	0	0	0	0	0	0	0	0	0	0	0	0
119000701217751	119000701	2019-08-10		0			0	0	0	0	0	12.62	1	19.000	Working	0	0	0	0	0	0	0	0	0	0	0	0	0	0
119000701217752	119000701	2019-08-10		0			0	0	0	0	0	12.62	2	19.000	Working	0	0	0	0	0	0	0	0	0	0	0	0	0	0
119000701217891	119000701	2019-08-24		0			0	0	0	0	0	11.97	1	19.000	Working	0	0	0	0	0	0	0	0	0	0	0	0	0	0
119000701217892	119000701	2019-08-24		0			0	0	0	0	0	11.97	2	19.000	Working	0	0	0	0	0	0	0	0	0	0	0	0	0	0
119000701218031	119000701	2019-09-07		0			0	0	0	0	0	11.90	1	19.000	Working	0	0	0	0	0	0	0	0	0	0	0	0	0	0
119000701218032	119000701	2019-09-07		0			0	0	0	0	0	11.90	2	19.000	Working	0	0	0	0	0	0	0	0	0	0	0	0	0	0
119000701218171	119000701	2019-09-21		0			0	0	0	0	0	12.23	1	19.000	Working	0	0	0	0	0	0	0	0	0	0	0	0	0	0
119000701218172	119000701	2019-09-21		0			0	0	0	0	0	12.23	2	19.000	Working	0	0	0	0	0	0	0	0	0	0	0	0	0	0
119000701218311	119000701	2019-10-05		0			0	0	0	0	0	12.08	1	19.000	Working	0	0	0	0	0	0	0	0	0	0	0	0	0	0
119000701218312	119000701	2019-10-05		0			0	0	0	0	0	12.08	2	19.000	Working	0	1	0	0	0	0	1	1	0	0	0	0	0	0
119008201211301	119008201	2017-11-11	1	4	1	0	2	2	0	0	0	12.32	1	19.000	Working	0	6	0	6	0	2	0	0	0	0	0	0	4	0
119008201211451	119008201	2017-11-26	2	7	2	0	3	4	3	0	0	13.60	1	19.000	Working	0	11	3	7	0	0	0	1	0	0	0	0	7	1
119008201211591	119008201	2017-12-10		4			0	4	0	0	0	11.85	1	19.000	Working	0	6	2	4	2	0	0	0	0	0	0	0	4	0
119008201211731	119008201	2017-12-24	6	5	6	0	2	3	0	0	0	12.55	1	19.000	Working	0	8	0	7	0	2	0	1	0	0	0	0	5	1
119008201211881	119008201	2018-01-08	3	4	3	0	1	3	0	0	0	12.20	1	19.000	Working	0	7	1	3	0	0	0	3	0	0	0	1	3	3
119008201212021	119008201	2018-01-22	1	1	1	0	0	1	0	0	0	12.48	1	19.000	Working	0	1	0	1	0	0	0	0	0	0	0	0	1	0
119008201212151	119008201	2018-02-04		0			0	0	0	0	0	12.00	1	19.000	Working	0	0	0	0	0	0	0	0	0	0	0	0	0	0
119008201212291	119008201	2018-02-18	1	1	1	0	0	1	0	0	0	12.32	1	19.000	Working	0	1	0	1	0	0	0	0	0	0	0	0	1	0
119008201212431	119008201	2018-03-04	4	4	4	0	1	3	0	0	0	12.12	1	19.000	Working	0	4	0	4	0	0	0	0	0	0	0	0	4	0
119008201212571	119008201	2018-03-18		0			0	0	0	0	0	13.52	1	19.000	Working	0	0	0	0	0	0	0	0	0	0	0	0	0	0
119008201212711	119008201	2018-04-01	1	3	1	0	1	2	0	0	0	12.02	1	19.000	Working	0	3	0	3	0	0	0	0	0	0	0	0	3	0
119008201212851	119008201	2018-04-15	2	13	2	0	8	5	0	0	0	13.37	1	19.000	Working	0	14	0	14	0	0	0	0	0	1	0	0	13	0
119008201212991	119008201	2018-04-29		10			2	8	0	0	0	12.42	1	19.000	Working	0	12	0	12	0	0	0	0	0	2	0	0	10	0
119008201213131	119008201	2018-05-13		41			13	28	0	0	0	12.03	1	19.000	Working	0	41	0	41	0	0	0	0	0	0	0	0	41	0
119008201213271	119008201	2018-05-27		15			9	6	0	0	0	12.02	1	19.000	Working	0	20	0	20	0	1	0	0	0	4	0	0	15	0
119008201213411	119008201	2018-06-10		7			2	5	0	0	0	12.03	1	19.000	Working	0	8	0	7	0	0	0	1	0	0	0	0	7	1
119008201213551	119008201	2018-06-24		0			0	0	0	0	0	12.10	1	19.000	Working	0	0	0	0	0	0	0	0	0	0	0	0	0	0
119008201213691	119008201	2018-07-08	2	8	2	0	1	7	0	1	0	12.23	1	19.000	Working	0	10	0	10	0	1	0	0	0	0	0	0	8	0
119008201213831	119008201	2018-07-22		2			0	2	0	0	0	12.07	1	19.000	Working	0	5	0	2	0	0	0	3	0	0	0	0	2	3
119008201213971	119008201	2018-08-05		3			1	2	0	0	0	12.08	1	19.000	Working	0	3	0	3	0	0	0	0	0	0	0	0	3	0
119008201214111	119008201	2018-08-19	1	3	1	0	1	2	0	0	0	12.15	1	19.000	Working	0	3	0	3	0	0	0	0	0	0	0	0	3	0
119008201214251	119008201	2018-09-02		4			1	3	0	0	0	12.07	1	19.000	Working	0	5	0	5	0	0	0	0	0	1	0	0	4	0
119008201214391	119008201	2018-09-16		4			1	3	0	0	0	11.90	1	19.000	Working	0	4	0	4	0	0	0	0	0	0	0	0	4	0
119008201214551	119008201	2018-10-02		2			0	2	0	0	0	12.23	1	19.000	Working	0	2	0	2	0	0	0	0	0	0	0	0	2	0
119008201214671	119008201	2018-10-14	1	3	1	0	0	3	0	0	0	12.18	1	19.000	Working	0	3	0	3	0	0	0	0	0	0	0	0	3	0
119008201214811	119008201	2018-10-28	2	2	2	0	1	1	0	0	0	12.02	1	19.000	Working	0	2	0	2	0	0	0	0	0	0	0	0	2	0
119008201214951	119008201	2018-11-11		0			0	0	0	0	0	12.38	1	19.000	Working	0	1	0	1	0	0	0	0	0	1	0	0	0	0
119008201215091	119008201	2018-11-25	1	2	1	0	0	2	0	0	0	12.18	1	19.000	Working	0	2	0	2	0	0	0	0	0	0	0	0	2	0
119008201215231	119008201	2018-12-09	3	2	3	0	2	0	0	1	0	12.03	1	19.000	Working	0	3	0	3	0	0	0	0	0	0	0	0	2	0
119008201215371	119008201	2018-12-23	2	0	2	0	0	0	0	0	0	12.03	1	19.000	Working	0	3	0	2	0	2	0	1	0	0	0	0	0	1
119008201215521	119008201	2019-01-07		0			0	0	0	0	0	13.43	1	19.000	Working	0	0	0	0	0	0	0	0	0	0	0	0	0	0
119008201215651	119008201	2019-01-20		0			0	0	0	0	0	12.07	1	19.000	Working	0	0	0	0	0	0	0	0	0	0	0	0	0	0
119008201215791	119008201	2019-02-03	1	1	1	0	0	1	0	0	0	12.15	1	19.000	Working	0	1	0	1	0	0	0	0	0	0	0	0	1	0
119008201215931	119008201	2019-02-17		0			0	0	0	0	0	12.40	1	19.000	Working	0	0	0	0	0	0	0	0	0	0	0	0	0	0
119008201216071	119008201	2019-03-03	2	2	2	0	0	2	0	0	0	13.68	1	19.000	Working	0	2	0	2	0	0	0	0	0	0	0	0	2	0
119008201216211	119008201	2019-03-17	1	0	1	0	0	0	0	0	0	12.07	1	19.000	Working	0	1	0	1	0	0	0	0	0	1	0	0	0	0
119008201216351	119008201	2019-03-31		0			0	0	0	0	0	12.32	1	19.000	Working	0	0	0	0	0	0	0	0	0	0	0	0	0	0
119008201216491	119008201	2019-04-14		0			0	0	0	0	0	12.43	1	19.000	Working	0	0	0	0	0	0	0	0	0	0	0	0	0	0
119008201216631	119008201	2019-04-28		0			0	0	0	0	0	12.58	1	19.000	Working	0	0	0	0	0	0	0	0	0	0	0	0	0	0
119008201216771	119008201	2019-05-12	1	1	1	0	0	1	0	0	0	12.02	1	19.000	Working	0	1	0	1	0	0	0	0	0	0	0	0	1	0
119008201216911	119008201	2019-05-26		6			0	6	0	0	0	13.38	1	19.000	Working	0	9	0	9	0	3	0	0	0	0	0	0	6	0
119008201217051	119008201	2019-06-09	1	35	1	0	22	13	0	0	0	12.43	1	19.000	Working	0	64	0	64	0	13	0	0	0	16	0	0	35	0
119008201217191	119008201	2019-06-23	1	15	1	0	9	6	0	0	0	12.03	1	19.000	Working	0	20	0	20	0	5	0	0	0	0	0	0	15	0
119008201217331	119008201	2019-07-07		18			11	7	0	0	0	13.87	1	19.000	Working	10	22	0	22	0	4	0	0	0	0	0	0	18	0
119008201217471	119008201	2019-07-21		6			4	2	0	3	0	12.27	1	19.000	Working	0	10	0	9	0	1	0	1	0	0	0	0	5	1
119008201217611	119008201	2019-08-04		3			1	2	0	0	0	12.02	1	19.000	Working	0	4	0	4	0	1	0	0	0	0	0	0	3	0
119008201217751	119008201	2019-08-18	2	7	2	0	4	3	0	0	0	12.03	1	19.000	Working	0	9	0	9	0	0	0	0	0	2	0	0	7	0
119008201217891	119008201	2019-09-01	3	13	3	0	6	7	0	0	0	12.38	1	19.000	Working	0	14	0	13	0	0	1	1	0	0	0	0	13	0
119008201218031	119008201	2019-09-15	1	1	1	0	0	1	0	0	0	14.13	1	19.000	Working	0	2	0	2	0	1	0	0	0	0	0	0	1	0
119008201218171	119008201	2019-09-29	1	2	1	0	0	2	0	0	0	12.53	1	19.000	Working	0	2	0	2	0	0	0	0	0	0	0	0	2	0
119008201218311	119008201	2019-10-13	2	11	2	0	7	4	0	1	0	12.57	1	19.000	Working	0	15	0	13	0	0	0	2	0	1	0	0	11	2
119008702211301	119008702	2017-11-06		1			0	1	0	0	0	12.15	1	19.000	Working	0	1	0	1	0	0	0	0	0	0	0	0	1	0
119008702211302	119008702	2017-11-06		0			0	0	0	0	0	12.15	2	19.000	Working	0	0	0	0	0	0	0	0	0	0	0	0	0	0
119008702211451	119008702	2017-11-21		0			0	0	0	0	0	13.42	1	19.000	Working	0	0	0	0	0	0	0	0	0	0	0	0	0	0
119008702211452	119008702	2017-11-21		2			1	1	0	2	0	13.42	2	19.000	Working	0	4	0	4	0	0	0	0	0	0	0	0	2	0
119008702211591	119008702	2017-12-05		0			0	0	0	0	0	12.25	1	19.000	Working	0	0	0	0	0	0	0	0	0	0	0	0	0	0
119008702211592	119008702	2017-12-05		0			0	0	0	0	0	12.25	2	19.000	Working	0	0	0	0	0	0	0	0	0	0	0	0	0	0
119008702211731	119008702	2017-12-19		0			0	0	0	0	0	12.65	1	19.000	Working	0	0	0	0	0	0	0	0	0	0	0	0	0	0
119008702211732	119008702	2017-12-19		0			0	0	0	0	0	12.65	2	19.000	Working	0	0	0	0	0	0	0	0	0	0	0	0	0	0
119008702211881	119008702	2018-01-03		0			0	0	0	0	0	12.35	1	19.000	Working	0	0	0	0	0	0	0	0	0	0	0	0	0	0
119008702211882	119008702	2018-01-03		0			0	0	0	0	0	12.35	2	19.000	Working	0	0	0	0	0	0	0	0	0	0	0	0	0	0
119008702212021	119008702	2018-01-17		0			0	0	0	0	0	12.27	1	19.000	Working	0	0	0	0	0	0	0	0	0	0	0	0	0	0
119008702212022	119008702	2018-01-17		0			0	0	0	0	0	12.27	2	19.000	Working	0	0	0	0	0	0	0	0	0	0	0	0	0	0
119008702212151	119008702	2018-01-30		0			0	0	0	0	0	12.08	1	19.000	Working	0	0	0	0	0	0	0	0	0	0	0	0	0	0
119008702212152	119008702	2018-01-30		0			0	0	0	0	0	12.08	2	19.000	Working	0	0	0	0	0	0	0	0	0	0	0	0	0	0
119008702212291	119008702	2018-02-13		0			0	0	0	0	0	13.48	1	19.000	Working	0	0	0	0	0	0	0	0	0	0	0	0	0	0
119008702212292	119008702	2018-02-13		0			0	0	0	0	0	13.48	2	19.000	Working	0	0	0	0	0	0	0	0	0	0	0	0	0	0
119008702212431	119008702	2018-02-27		0			0	0	0	0	0	12.20	1	19.000	Working	0	0	0	0	0	0	0	0	0	0	0	0	0	0
119008702212432	119008702	2018-02-27		0			0	0	0	0	0	12.20	2	19.000	Working	0	0	0	0	0	0	0	0	0	0	0	0	0	0
119008702212571	119008702	2018-03-13		0			0	0	0	0	0	13.65	1	19.000	Working	0	0	0	0	0	0	0	0	0	0	0	0	0	0
119008702212572	119008702	2018-03-13		0			0	0	0	0	0	13.65	2	19.000	Working	0	0	0	0	0	0	0	0	0	0	0	0	0	0
119008702212711	119008702	2018-03-27		0			0	0	0	0	0	12.17	1	19.000	Working	0	0	0	0	0	0	0	0	0	0	0	0	0	0
119008702212712	119008702	2018-03-27		0			0	0	0	0	0	12.17	2	19.000	Working	0	0	0	0	0	0	0	0	0	0	0	0	0	0
119008702212851	119008702	2018-04-10		0			0	0	0	0	0	12.30	1	19.000	Working	0	0	0	0	0	0	0	0	0	0	0	0	0	0
119008702212852	119008702	2018-04-10		0			0	0	0	0	0	12.30	2	19.000	Working	0	0	0	0	0	0	0	0	0	0	0	0	0	0
119008702212991	119008702	2018-04-24		0			0	0	0	0	0	12.60	1	19.000	Working	0	0	0	0	0	0	0	0	0	0	0	0	0	0
119008702212992	119008702	2018-04-24		0			0	0	0	0	0	12.60	2	19.000	Working	0	0	0	0	0	0	0	0	0	0	0	0	0	0
119008702213131	119008702	2018-05-08		5			2	3	0	0	0	12.25	1	19.000	Working	0	5	0	5	0	0	0	0	0	0	0	0	5	0
119008702213132	119008702	2018-05-08		5			0	5	0	0	0	12.25	2	19.000	Working	0	5	0	5	0	0	0	0	0	0	0	0	5	0
119008702213271	119008702	2018-05-22		2			0	2	0	0	0	12.25	1	19.000	Working	0	5	0	5	0	3	0	0	0	0	0	0	2	0
119008702213272	119008702	2018-05-22		4			1	3	0	0	0	12.25	2	19.000	Working	0	4	0	4	0	0	0	0	0	0	0	0	4	0
119008702213411	119008702	2018-06-05		4			2	2	0	2	0	12.35	1	19.000	Working	0	10	0	10	0	2	0	0	0	2	0	0	4	0
119008702213412	119008702	2018-06-05		0			0	0	0	0	0	12.35	2	19.000	Working	0	0	0	0	0	0	0	0	0	0	0	0	0	0
119008702213551	119008702	2018-06-19	1	4	1	0	2	2	0	0	0	12.30	1	19.000	Working	0	4	0	4	0	0	0	0	0	0	0	0	4	0
119008702213552	119008702	2018-06-19		1			0	1	0	0	0	12.30	2	19.000	Working	0	1	0	1	0	0	0	0	0	0	0	0	1	0
119008702213691	119008702	2018-07-03		0			0	0	0	0	0	12.42	1	19.000	Working	0	0	0	0	0	0	0	0	0	0	0	0	0	0
119008702213692	119008702	2018-07-03		0			0	0	0	0	0	12.42	2	19.000	Working	0	0	0	0	0	0	0	0	0	0	0	0	0	0
119008702213831	119008702	2018-07-17	1	1	1	0	0	1	0	0	0	12.22	1	19.000	Working	0	1	0	1	0	0	0	0	0	0	0	0	1	0
119008702213832	119008702	2018-07-17		0			0	0	0	0	0	12.22	2	19.000	Working	0	0	0	0	0	0	0	0	0	0	0	0	0	0
119008702213971	119008702	2018-07-31		0			0	0	0	0	0	12.28	1	19.000	Working	0	0	0	0	0	0	0	0	0	0	0	0	0	0
119008702213972	119008702	2018-07-31		0			0	0	0	0	0	12.28	2	19.000	Working	0	0	0	0	0	0	0	0	0	0	0	0	0	0
119008702214111	119008702	2018-08-14		0			0	0	0	0	0	12.07	1	19.000	Working	0	0	0	0	0	0	0	0	0	0	0	0	0	0
119008702214112	119008702	2018-08-14		0			0	0	0	0	0	12.07	2	19.000	Working	0	0	0	0	0	0	0	0	0	0	0	0	0	0
119008702214251	119008702	2018-08-28		0			0	0	0	0	0	12.17	1	19.000	Working	0	0	0	0	0	0	0	0	0	0	0	0	0	0
119008702214252	119008702	2018-08-28		0			0	0	0	0	0	12.17	2	19.000	Working	0	0	0	0	0	0	0	0	0	0	0	0	0	0
119008702214391	119008702	2018-09-11	1	0	1	0	0	0	0	0	0	12.07	1	19.000	Working	0	0	0	0	0	0	0	0	0	0	0	0	0	0
119008702214392	119008702	2018-09-11		1			0	1	0	0	0	12.07	2	19.000	Working	0	1	0	1	0	0	0	0	0	0	0	0	1	0
119008702214551	119008702	2018-09-27		0			0	0	0	0	0	12.12	1	19.000	Working	0	0	0	0	0	0	0	0	0	0	0	0	0	0
119008702214552	119008702	2018-09-27		0			0	0	0	0	0	12.12	2	19.000	Working	0	0	0	0	0	0	0	0	0	0	0	0	0	0
119008702214671	119008702	2018-10-09		0			0	0	0	0	0	12.33	1	19.000	Working	0	0	0	0	0	0	0	0	0	0	0	0	0	0
119008702214672	119008702	2018-10-09		0			0	0	0	0	0	12.33	2	19.000	Working	0	0	0	0	0	0	0	0	0	0	0	0	0	0
119008702214811	119008702	2018-10-23		0			0	0	0	0	0	12.22	1	19.000	Working	0	0	0	0	0	0	0	0	0	0	0	0	0	0
119008702214812	119008702	2018-10-23		0			0	0	0	0	0	12.22	2	19.000	Working	0	0	0	0	0	0	0	0	0	0	0	0	0	0
119008702214951	119008702	2018-11-06		0			0	0	0	0	0	12.25	1	19.000	Working	0	0	0	0	0	0	0	0	0	0	0	0	0	0
119008702214952	119008702	2018-11-06		0			0	0	0	0	0	12.25	2	19.000	Working	0	0	0	0	0	0	0	0	0	0	0	0	0	0
119008702215091	119008702	2018-11-20		0			0	0	0	0	0	12.48	1	19.000	Working	0	0	0	0	0	0	0	0	0	0	0	0	0	0
119008702215092	119008702	2018-11-20		0			0	0	0	0	0	12.48	2	19.000	Working	0	0	0	0	0	0	0	0	0	0	0	0	0	0
119008702215231	119008702	2018-12-04		0			0	0	0	0	0	12.25	1	19.000	Working	0	0	0	0	0	0	0	0	0	0	0	0	0	0
119008702215232	119008702	2018-12-04		0			0	0	0	0	0	12.25	2	19.000	Working	0	0	0	0	0	0	0	0	0	0	0	0	0	0
119008702215371	119008702	2018-12-18		0			0	0	0	0	0	12.25	1	19.000	Working	0	0	0	0	0	0	0	0	0	0	0	0	0	0
119008702215372	119008702	2018-12-18		0			0	0	0	0	0	12.25	2	19.000	Working	0	0	0	0	0	0	0	0	0	0	0	0	0	0
119008702215521	119008702	2019-01-02	1	0	1	0	0	0	0	0	0	13.62	1	19.000	Working	0	1	0	1	0	1	0	0	0	0	0	0	0	0
119008702215522	119008702	2019-01-02		0			0	0	0	0	0	13.62	2	19.000	Working	0	0	0	0	0	0	0	0	0	0	0	0	0	0
119008702215651	119008702	2019-01-15		0			0	0	0	0	0	12.28	1	19.000	Working	0	0	0	0	0	0	0	0	0	0	0	0	0	0
119008702215652	119008702	2019-01-15		0			0	0	0	0	0	12.28	2	19.000	Working	0	0	0	0	0	0	0	0	0	0	0	0	0	0
119008702215791	119008702	2019-01-29		0			0	0	0	0	0	12.30	1	19.000	Working	0	0	0	0	0	0	0	0	0	0	0	0	0	0
119008702215792	119008702	2019-01-29		0			0	0	0	0	0	12.30	2	19.000	Working	0	0	0	0	0	0	0	0	0	0	0	0	0	0
119008702215931	119008702	2019-02-12		0			0	0	0	0	0	12.50	1	19.000	Working	0	0	0	0	0	0	0	0	0	0	0	0	0	0
119008702215932	119008702	2019-02-12		0			0	0	0	0	0	12.50	2	19.000	Working	0	0	0	0	0	0	0	0	0	0	0	0	0	0
119008702216071	119008702	2019-02-26		0			0	0	0	0	0	13.80	1	19.000	Working	0	0	0	0	0	0	0	0	0	0	0	0	0	0
119008702216072	119008702	2019-02-26		0			0	0	0	0	0	13.80	2	19.000	Working	0	0	0	0	0	0	0	0	0	0	0	0	0	0
119008702216211	119008702	2019-03-12		0			0	0	0	0	0	12.20	1	19.000	Working	0	0	0	0	0	0	0	0	0	0	0	0	0	0
119008702216212	119008702	2019-03-12		0			0	0	0	0	0	12.20	2	19.000	Working	0	0	0	0	0	0	0	0	0	0	0	0	0	0
119008702216351	119008702	2019-03-26		0			0	0	0	0	0	12.52	1	19.000	Working	0	0	0	0	0	0	0	0	0	0	0	0	0	0
119008702216352	119008702	2019-03-26		0			0	0	0	0	0	12.52	2	19.000	Working	0	0	0	0	0	0	0	0	0	0	0	0	0	0
119008702216491	119008702	2019-04-09		0			0	0	0	0	0	12.53	1	19.000	Working	0	0	0	0	0	0	0	0	0	0	0	0	0	0
119008702216492	119008702	2019-04-09		0			0	0	0	0	0	12.53	2	19.000	Working	0	0	0	0	0	0	0	0	0	0	0	0	0	0
119008702216631	119008702	2019-04-23		0			0	0	0	0	0	13.35	1	19.000	Working	0	0	0	0	0	0	0	0	0	0	0	0	0	0
119008702216632	119008702	2019-04-23		0			0	0	0	0	0	13.35	2	19.000	Working	0	0	0	0	0	0	0	0	0	0	0	0	0	0
119008702216771	119008702	2019-05-07		0			0	0	0	0	0	12.20	1	19.000	Working	0	0	0	0	0	0	0	0	0	0	0	0	0	0
119008702216772	119008702	2019-05-07		0			0	0	0	0	0	12.20	2	19.000	Working	0	0	0	0	0	0	0	0	0	0	0	0	0	0
119008702216911	119008702	2019-05-21	1	0	1	0	0	0	0	1	0	13.52	1	19.000	Working	0	1	0	1	0	0	0	0	0	0	0	0	0	0
119008702216912	119008702	2019-05-21		1			0	1	0	0	0	13.52	2	19.000	Working	0	1	0	1	0	0	0	0	0	0	0	0	1	0
119008702217051	119008702	2019-06-04		1			0	1	0	0	0	12.60	1	19.000	Working	0	1	0	1	0	0	0	0	0	0	0	0	1	0
119008702217052	119008702	2019-06-04		0			0	0	0	0	0	12.60	2	19.000	Working	0	0	0	0	0	0	0	0	0	0	0	0	0	0
119008702217191	119008702	2019-06-18		1			0	1	0	0	0	12.18	1	19.000	Working	0	1	0	1	0	0	0	0	0	0	0	0	1	0
119008702217192	119008702	2019-06-18		1			0	1	0	0	0	12.18	2	19.000	Working	0	2	0	2	0	1	0	0	0	0	0	0	1	0
119008702217331	119008702	2019-07-02		0			0	0	0	0	0	13.78	1	19.000	Working	0	0	0	0	0	0	0	0	0	0	0	0	0	0
119008702217332	119008702	2019-07-02		3			2	1	0	0	0	13.78	2	19.000	Working	0	3	0	3	0	0	0	0	0	0	0	0	3	0
119008702217471	119008702	2019-07-16	1	2	1	0	0	2	0	0	0	12.07	1	19.000	Working	0	3	0	3	0	1	0	0	0	0	0	0	2	0
119008702217472	119008702	2019-07-16		2			1	1	0	1	0	12.07	2	19.000	Working	0	3	0	3	0	0	0	0	0	0	0	0	2	0
119008702217611	119008702	2019-07-30		0			0	0	0	0	0	12.23	1	19.000	Working	0	0	0	0	0	0	0	0	0	0	0	0	0	0
119008702217612	119008702	2019-07-30		0			0	0	0	0	0	12.23	2	19.000	Working	0	0	0	0	0	0	0	0	0	0	0	0	0	0
119008702217751	119008702	2019-08-13	1	2	1	0	0	2	0	0	0	12.23	1	19.000	Working	0	2	0	2	0	0	0	0	0	0	0	0	2	0
119008702217752	119008702	2019-08-13		3			2	1	0	0	0	12.23	2	19.000	Working	0	3	0	3	0	0	0	0	0	0	0	0	3	0
119008702217891	119008702	2019-08-27		0			0	0	0	0	0	12.25	1	19.000	Working	0	0	0	0	0	0	0	0	0	0	0	0	0	0
119008702217892	119008702	2019-08-27		0			0	0	0	0	0	12.25	2	19.000	Working	0	0	0	0	0	0	0	0	0	0	0	0	0	0
119008702218031	119008702	2019-09-10		0			0	0	0	0	0	13.95	1	19.000	Working	0	0	0	0	0	0	0	0	0	0	0	0	0	0
119008702218032	119008702	2019-09-10		0			0	0	0	0	0	13.95	2	19.000	Working	0	0	0	0	0	0	0	0	0	0	0	0	0	0
119008702218171	119008702	2019-09-24		0			0	0	0	0	0	12.20	1	19.000	Working	0	0	0	0	0	0	0	0	0	0	0	0	0	0
119008702218172	119008702	2019-09-24		0			0	0	0	0	0	12.20	2	19.000	Working	0	0	0	0	0	0	0	0	0	0	0	0	0	0
119008702218311	119008702	2019-10-08	1	1	1	0	0	1	0	0	0	12.45	1	19.000	Working	0	1	0	1	0	0	0	0	0	0	0	0	1	0
119008702218312	119008702	2019-10-08		0			0	0	0	0	0	12.45	2	19.000	Working	0	0	0	0	0	0	0	0	0	0	0	0	0	0
120000201211301	120000201	2017-11-14	3	10	3	0	4	6	0	2	0	12.03	1	19.000	Working	0	12	0	12	0	0	0	0	0	0	0	0	10	0
120000201211302	120000201	2017-11-14		0			0	0	0	0	0	12.03	2	19.000	Working	0	0	0	0	0	0	0	0	0	0	0	0	0	0
120000201211451	120000201	2017-11-29		3			0	3	0	0	0	12.43	1	19.000	Working	0	3	0	3	0	0	0	0	0	0	0	0	3	0
120000201211452	120000201	2017-11-29		6			2	4	0	0	0	12.43	2	19.000	Working	0	8	0	6	0	0	0	2	0	0	1	0	6	1
120000201211591	120000201	2017-12-13	1	1	1	0	0	1	0	0	0	12.45	1	19.000	Working	0	1	0	1	0	0	0	0	0	0	0	0	1	0
120000201211592	120000201	2017-12-13		2			0	2	0	0	0	12.45	2	19.000	Working	0	2	0	2	0	0	0	0	0	0	0	0	2	0
120000201211731	120000201	2017-12-27	3	3	3	0	0	3	0	0	0	13.67	1	19.000	Working	0	3	0	3	0	0	0	0	0	0	0	0	3	0
120000201211732	120000201	2017-12-27		1			0	1	0	0	0	13.67	2	19.000	Working	0	1	0	1	0	0	0	0	0	0	0	0	1	0
120000201211881	120000201	2018-01-11		0			0	0	0	0	0	12.52	1	19.000	Working	0	0	0	0	0	0	0	0	0	0	0	0	0	0
120000201211882	120000201	2018-01-11		0			0	0	0	0	0	12.52	2	19.000	Working	0	0	0	0	0	0	0	0	0	0	0	0	0	0
120000201212021	120000201	2018-01-25		0			0	0	0	0	0	11.98	1	19.000	Working	0	0	0	0	0	0	0	0	0	0	0	0	0	0
120000201212022	120000201	2018-01-25		0			0	0	0	0	0	11.98	2	19.000	Working	0	0	0	0	0	0	0	0	0	0	0	0	0	0
120000201212151	120000201	2018-02-07	1	0	1	0	0	0	0	0	0	12.17	1	19.000	Working	0	0	0	0	0	0	0	0	0	0	0	0	0	0
120000201212152	120000201	2018-02-07		1			0	1	0	0	0	12.17	2	19.000	Working	0	1	0	1	0	0	0	0	0	0	0	0	1	0
120000201212291	120000201	2018-02-21		0			0	0	0	0	0	12.50	1	19.000	Working	0	0	0	0	0	0	0	0	0	0	0	0	0	0
120000201212292	120000201	2018-02-21		0			0	0	0	0	0	12.50	2	19.000	Working	0	0	0	0	0	0	0	0	0	0	0	0	0	0
120000201212431	120000201	2018-03-07	5	0	5	0	0	0	0	0	0	12.33	1	19.000	Working	0	0	0	0	0	0	0	0	0	0	0	0	0	0
120000201212432	120000201	2018-03-07		4			2	2	0	1	0	12.33	2	19.000	Working	0	5	0	5	0	0	0	0	0	0	0	0	4	0
120000201212571	120000201	2018-03-21		1			1	0	0	0	0	12.47	1	19.000	Working	0	1	1	0	0	0	0	0	0	0	0	1	0	0
120000201212572	120000201	2018-03-21		0			0	0	0	0	0	12.47	2	19.000	Working	0	0	0	0	0	0	0	0	0	0	0	0	0	0
120000201212711	120000201	2018-04-04	1	1	1	0	1	0	0	0	0	12.37	1	19.000	Working	0	1	0	1	0	0	0	0	0	0	0	0	1	0
120000201212712	120000201	2018-04-04		0			0	0	0	0	0	12.37	2	19.000	Working	0	1	0	1	0	1	0	0	0	0	0	0	0	0
120000201212851	120000201	2018-04-18		3			0	3	0	1	0	12.23	1	19.000	Working	0	4	0	4	0	0	0	0	0	0	0	0	3	0
120000201212852	120000201	2018-04-18		0			0	0	0	0	0	12.23	2	19.000	Working	0	0	0	0	0	0	0	0	0	0	0	0	0	0
120000201212991	120000201	2018-05-02		0			0	0	0	0	0	13.72	1	19.000	Working	0	0	0	0	0	0	0	0	0	0	0	0	0	0
120000201212992	120000201	2018-05-02		5			1	4	0	2	0	13.72	2	19.000	Working	0	7	0	7	0	0	0	0	0	0	0	0	5	0
120000201213131	120000201	2018-05-16	1	24	1	0	9	15	0	1	0	12.38	1	19.000	Working	0	25	0	25	0	0	0	0	0	0	0	0	24	0
120000201213132	120000201	2018-05-16		10			5	5	0	1	0	12.38	2	19.000	Working	0	17	0	17	0	4	0	0	0	2	0	0	10	0
120000201213271	120000201	2018-05-30		3			0	3	0	1	0	12.57	1	19.000	Working	0	4	0	4	0	0	0	0	0	0	0	0	3	0
120000201213272	120000201	2018-05-30		18			5	13	0	0	0	12.57	2	19.000	Working	0	18	0	18	0	0	0	0	0	0	0	0	18	0
120000201213411	120000201	2018-06-13	2	13	2	0	4	9	0	11	0	12.65	1	19.000	Working	0	28	0	28	0	4	0	0	0	0	0	0	13	0
120000201213412	120000201	2018-06-13		23			8	15	0	14	0	12.65	2	19.000	Working	0	46	0	46	0	4	0	0	0	5	0	0	23	0
120000201213551	120000201	2018-06-27		1			0	1	0	0	0	12.48	1	19.000	Working	0	1	0	1	0	0	0	0	0	0	0	0	1	0
120000201213552	120000201	2018-06-27		0			0	0	0	0	0	12.48	2	19.000	Working	0	0	0	0	0	0	0	0	0	0	0	0	0	0
120000201213691	120000201	2018-07-11		1			0	1	0	0	0	12.60	1	19.000	Working	0	1	0	1	0	0	0	0	0	0	0	0	1	0
120000201213692	120000201	2018-07-11		0			0	0	0	0	0	12.60	2	19.000	Working	0	1	0	1	0	0	0	0	0	1	0	0	0	0
120000201213831	120000201	2018-07-25		1			0	1	0	0	0	12.35	1	19.000	Working	0	1	0	1	0	0	0	0	0	0	0	0	1	0
120000201213832	120000201	2018-07-25		0			0	0	0	0	0	12.35	2	19.000	Working	0	0	0	0	0	0	0	0	0	0	0	0	0	0
120000201213971	120000201	2018-08-08		0			0	0	0	0	0	12.42	1	19.000	Working	0	1	0	0	0	0	0	1	0	0	0	0	0	1
120000201213972	120000201	2018-08-08		0			0	0	0	0	0	12.42	2	19.000	Working	0	0	0	0	0	0	0	0	0	0	0	0	0	0
120000201214111	120000201	2018-08-22	3	1	3	0	0	1	0	0	0	12.03	1	19.000	Working	0	3	0	3	0	1	0	0	0	1	0	0	1	0
120000201214112	120000201	2018-08-22		2			0	2	0	0	0	12.03	2	19.000	Working	0	2	0	2	0	0	0	0	0	0	0	0	2	0
120000201214251	120000201	2018-09-05		0			0	0	0	0	0	12.43	1	19.000	Working	0	0	0	0	0	0	0	0	0	0	0	0	0	0
120000201214252	120000201	2018-09-05		0			0	0	0	0	0	12.43	2	19.000	Working	0	0	0	0	0	0	0	0	0	0	0	0	0	0
120000201214391	120000201	2018-09-19		0			0	0	0	0	0	12.27	1	19.000	Working	0	0	0	0	0	0	0	0	0	0	0	0	0	0
120000201214392	120000201	2018-09-19		0			0	0	0	0	0	12.27	2	19.000	Working	0	0	0	0	0	0	0	0	0	0	0	0	0	0
120000201214551	120000201	2018-10-05		1			0	1	0	0	0	12.03	1	19.000	Working	0	1	0	1	0	0	0	0	0	0	0	0	1	0
120000201214552	120000201	2018-10-05		0			0	0	0	0	0	12.03	2	19.000	Working	0	0	0	0	0	0	0	0	0	0	0	0	0	0
120000201214671	120000201	2018-10-17		0			0	0	0	0	0	12.48	1	19.000	Working	0	0	0	0	0	0	0	0	0	0	0	0	0	0
120000201214672	120000201	2018-10-17		1			0	1	0	0	0	12.48	2	19.000	Working	0	2	0	2	0	1	0	0	0	0	0	0	1	0
120000201214811	120000201	2018-10-31	1	0	1	0	0	0	0	0	0	12.35	1	19.000	Working	0	0	0	0	0	0	0	0	0	0	0	0	0	0
120000201214812	120000201	2018-10-31		1			1	0	0	0	0	12.35	2	19.000	Working	0	1	0	1	0	0	0	0	0	0	0	0	1	0
120000201214952	120000201	2018-11-14		6			4	2	0	0	0	12.12	2	19.000	Working	0	8	0	7	0	1	0	1	0	0	0	0	6	1
120000201215091	120000201	2018-11-28	1	0	1	0	0	0	0	0	0	12.65	1	19.000	Working	0	0	0	0	0	0	0	0	0	0	0	0	0	0
120000201215092	120000201	2018-11-28		1			0	1	0	0	0	12.65	2	19.000	Working	0	1	0	1	0	0	0	0	0	0	0	0	1	0
120000201215231	120000201	2018-12-12	1	0	1	0	0	0	0	0	0	12.35	1	19.000	Working	0	0	0	0	0	0	0	0	0	0	0	0	0	0
120000201215232	120000201	2018-12-12		1			1	0	0	0	0	12.35	2	19.000	Working	0	1	0	1	0	0	0	0	0	0	0	0	1	0
120000201215371	120000201	2018-12-26		0			0	0	0	0	0	12.43	1	19.000	Working	0	0	0	0	0	0	0	0	0	0	0	0	0	0
120000201215372	120000201	2018-12-26		0			0	0	0	0	0	12.43	2	19.000	Working	0	0	0	0	0	0	0	0	0	0	0	0	0	0
120000201215521	120000201	2019-01-10		0			0	0	0	0	0	13.77	1	19.000	Working	0	0	0	0	0	0	0	0	0	0	0	0	0	0
120000201215522	120000201	2019-01-10		0			0	0	0	0	0	13.77	2	19.000	Working	0	0	0	0	0	0	0	0	0	0	0	0	0	0
120000201215651	120000201	2019-01-23		0			0	0	0	0	0	12.42	1	19.000	Working	0	0	0	0	0	0	0	0	0	0	0	0	0	0
120000201215652	120000201	2019-01-23		0			0	0	0	0	0	12.42	2	19.000	Working	0	0	0	0	0	0	0	0	0	0	0	0	0	0
120000201215791	120000201	2019-02-06		0			0	0	0	0	0	12.48	1	19.000	Working	0	0	0	0	0	0	0	0	0	0	0	0	0	0
120000201215792	120000201	2019-02-06		0			0	0	0	0	0	12.48	2	19.000	Working	0	0	0	0	0	0	0	0	0	0	0	0	0	0
120000201215931	120000201	2019-02-20		0			0	0	0	0	0	12.47	1	19.000	Working	0	0	0	0	0	0	0	0	0	0	0	0	0	0
120000201215932	120000201	2019-02-20		0			0	0	0	0	0	12.47	2	19.000	Working	0	0	0	0	0	0	0	0	0	0	0	0	0	0
120000201216071	120000201	2019-03-06		0			0	0	0	0	0	13.92	1	19.000	Working	0	0	0	0	0	0	0	0	0	0	0	0	0	0
120000201216072	120000201	2019-03-06		0			0	0	0	0	0	13.92	2	19.000	Working	0	0	0	0	0	0	0	0	0	0	0	0	0	0
120000201216211	120000201	2019-03-20		0			0	0	0	0	0	12.23	1	19.000	Working	0	0	0	0	0	0	0	0	0	0	0	0	0	0
120000201216212	120000201	2019-03-20		0			0	0	0	0	0	12.23	2	19.000	Working	0	0	0	0	0	0	0	0	0	0	0	0	0	0
120000201216351	120000201	2019-04-03		0			0	0	0	0	0	11.97	1	19.000	Working	0	0	0	0	0	0	0	0	0	0	0	0	0	0
120000201216352	120000201	2019-04-03		0			0	0	0	0	0	11.97	2	19.000	Working	0	0	0	0	0	0	0	0	0	0	0	0	0	0
120000201216491	120000201	2019-04-17		0			0	0	0	0	0	12.53	1	19.000	Working	0	0	0	0	0	0	0	0	0	0	0	0	0	0
120000201216492	120000201	2019-04-17		0			0	0	0	0	0	12.53	2	19.000	Working	0	0	0	0	0	0	0	0	0	0	0	0	0	0
120000201216631	120000201	2019-05-01	1	1	1	0	0	1	0	0	0	13.45	1	19.000	Working	0	1	0	1	0	0	0	0	0	0	0	0	1	0
120000201216632	120000201	2019-05-01		0			0	0	0	0	0	13.45	2	19.000	Working	0	0	0	0	0	0	0	0	0	0	0	0	0	0
120000201216771	120000201	2019-05-15		0			0	0	0	0	0	12.35	1	19.000	Working	0	0	0	0	0	0	0	0	0	0	0	0	0	0
120000201216772	120000201	2019-05-15		0			0	0	0	0	0	12.35	2	19.000	Working	0	0	0	0	0	0	0	0	0	0	0	0	0	0
120000201216911	120000201	2019-05-29		0			0	0	0	0	0	13.70	1	19.000	Working	0	0	0	0	0	0	0	0	0	0	0	0	0	0
120000201216912	120000201	2019-05-29		0			0	0	0	0	0	13.70	2	19.000	Working	0	0	0	0	0	0	0	0	0	0	0	0	0	0
120000201217051	120000201	2019-06-12		0			0	0	0	0	0	13.42	1	19.000	Working	0	0	0	0	0	0	0	0	0	0	0	0	0	0
120000201217052	120000201	2019-06-12		0			0	0	0	0	0	13.42	2	19.000	Working	0	0	0	0	0	0	0	0	0	0	0	0	0	0
120000201217191	120000201	2019-06-26		1			1	0	0	0	0	12.37	1	19.000	Working	0	1	0	1	0	0	0	0	0	0	0	0	1	0
120000201217192	120000201	2019-06-26		0			0	0	0	0	0	12.37	2	19.000	Working	0	0	0	0	0	0	0	0	0	0	0	0	0	0
120000201217331	120000201	2019-07-10	1	5	1	0	2	3	0	0	0	13.67	1	19.000	Working	0	5	0	5	0	0	0	0	0	0	0	0	5	0
120000201217332	120000201	2019-07-10		0			0	0	0	0	0	13.67	2	19.000	Working	0	0	0	0	0	0	0	0	0	0	0	0	0	0
120000201217471	120000201	2019-07-24		3			2	1	0	0	0	12.37	1	19.000	Working	0	3	0	3	0	0	0	0	0	0	0	0	3	0
120000201217472	120000201	2019-07-24		0			0	0	0	0	0	12.37	2	19.000	Working	0	0	0	0	0	0	0	0	0	0	0	0	0	0
120000201217611	120000201	2019-08-07		0			0	0	0	0	0	12.43	1	19.000	Working	0	0	0	0	0	0	0	0	0	0	0	0	0	0
120000201217612	120000201	2019-08-07		2			1	1	0	0	0	12.43	2	19.000	Working	0	2	0	2	0	0	0	0	0	0	0	0	2	0
120000201217751	120000201	2019-08-21		0			0	0	0	0	0	12.42	1	19.000	Working	0	0	0	0	0	0	0	0	0	0	0	0	0	0
120000201217752	120000201	2019-08-21		0			0	0	0	0	0	12.42	2	19.000	Working	0	0	0	0	0	0	0	0	0	0	0	0	0	0
120000201217891	120000201	2019-09-04		0			0	0	0	0	0	12.32	1	19.000	Working	0	0	0	0	0	0	0	0	0	0	0	0	0	0
120000201217892	120000201	2019-09-04		0			0	0	0	0	0	12.32	2	19.000	Working	0	0	0	0	0	0	0	0	0	0	0	0	0	0
120000201218031	120000201	2019-09-18		0			0	0	0	0	0	12.12	1	19.000	Working	0	0	0	0	0	0	0	0	0	0	0	0	0	0
120000201218032	120000201	2019-09-18		0			0	0	0	0	0	12.12	2	19.000	Working	0	1	0	1	0	1	0	0	0	0	0	0	0	0
120000201218171	120000201	2019-10-02		0			0	0	0	0	0	12.62	1	19.000	Working	0	0	0	0	0	0	0	0	0	0	0	0	0	0
120000201218172	120000201	2019-10-02		0			0	0	0	0	0	12.62	2	19.000	Working	0	0	0	0	0	0	0	0	0	0	0	0	0	0
120000201218311	120000201	2019-10-16	1	0	1	0	0	0	0	0	0	12.13	1	19.000	Working	0	0	0	0	0	0	0	0	0	0	0	0	0	0
120000201218312	120000201	2019-10-16		1			1	0	0	0	0	12.13	2	19.000	Working	0	1	0	1	0	0	0	0	0	0	0	0	1	0
120005401211301	120005401	2017-11-12	1	4	1	0	1	3	0	0	0	14.13	1	19.000	Working	0	4	0	4	0	0	0	0	0	0	0	0	4	0
120005401211302	120005401	2017-11-12		5			2	3	0	0	0	14.13	2	19.000	Working	0	5	0	3	0	0	0	2	0	0	0	0	3	2
120005401211451	120005401	2017-11-27		0			0	0	0	0	1	11.93	1	19.000	Working	0	1	0	0	0	0	0	1	0	0	0	0	0	0
120005401211452	120005401	2017-11-27		0			0	0	0	0	0	11.93	2	19.000	Working	0	2	0	0	0	0	0	2	0	0	1	0	0	1
120005401211591	120005401	2017-12-11		6			4	2	0	0	1	13.38	1	19.000	Working	0	8	1	6	0	0	0	1	1	0	0	0	6	0
120005401211592	120005401	2017-12-11		2			1	1	0	0	0	13.38	2	19.000	Working	0	2	0	2	0	0	0	0	0	0	0	0	2	0
120005401211731	120005401	2017-12-25		2			0	2	0	0	0	12.57	1	19.000	Working	0	3	0	2	0	0	0	1	0	0	0	0	2	1
120005401211732	120005401	2017-12-25		1			1	0	0	0	0	12.57	2	19.000	Working	0	1	0	1	0	0	0	0	0	0	0	0	1	0
120005401211881	120005401	2018-01-09		0			0	0	0	0	0	13.52	1	19.000	Working	0	0	0	0	0	0	0	0	0	0	0	0	0	0
120005401211882	120005401	2018-01-09		0			0	0	0	0	0	13.52	2	19.000	Working	0	0	0	0	0	0	0	0	0	0	0	0	0	0
120005401212021	120005401	2018-01-23	3	0	3	0	0	0	1	1	0	10.97	1	19.000	Working	0	3	1	2	0	0	0	0	0	1	0	0	0	0
120005401212022	120005401	2018-01-23		1			0	1	0	0	0	10.97	2	19.000	Working	0	1	0	1	0	0	0	0	0	0	0	0	1	0
120005401212023	120005401	2018-01-23		0			0	0	0	0	0	10.97	3	19.000	Working	0	0	0	0	0	0	0	0	0	0	0	0	0	0
120005401212151	120005401	2018-02-05	3	0	3	0	0	0	0	1	0	12.52	1	19.000	Working	0	2	0	2	0	1	0	0	0	0	0	0	0	0
120005401212152	120005401	2018-02-05		0			0	0	0	0	0	12.52	2	19.000	Working	0	1	0	1	0	1	0	0	0	0	0	0	0	0
120005401212153	120005401	2018-02-05		0			0	0	0	0	0	12.52	3	19.000	Working	0	0	0	0	0	0	0	0	0	0	0	0	0	0
120005401212291	120005401	2018-02-19	2	0	2	0	0	0	0	0	0	11.73	1	19.000	Working	0	0	0	0	0	0	0	0	0	0	0	0	0	0
120005401212292	120005401	2018-02-19		2			0	2	0	0	0	11.73	2	19.000	Working	0	2	0	2	0	0	0	0	0	0	0	0	2	0
120005401212293	120005401	2018-02-19										11.73	3	19.000	Working														
120005401212431	120005401	2018-03-05	3	3	3	0	1	2	0	0	0	13.38	1	19.000	Working	0	3	1	2	0	0	0	0	0	0	0	1	2	0
120005401212432	120005401	2018-03-05		0			0	0	0	0	0	13.38	2	19.000	Working	0	0	0	0	0	0	0	0	0	0	0	0	0	0
120005401212433	120005401	2018-03-05		1			0	1	0	0	0	13.38	3	19.000	Working	0	1	0	1	0	0	0	0	0	0	0	0	1	0
120005401212571	120005401	2018-03-19	1	0	1	0	0	0	0	0	0	13.33	1	19.000	Working	0	0	0	0	0	0	0	0	0	0	0	0	0	0
120005401212572	120005401	2018-03-19		0			0	0	0	0	0	13.33	2	19.000	Working	0	0	0	0	0	0	0	0	0	0	0	0	0	0
120005401212573	120005401	2018-03-19		1			0	1	0	0	0	13.33	3	19.000	Working	0	1	0	1	0	0	0	0	0	0	0	0	1	0
120005401212711	120005401	2018-04-02	3	0	3	0	0	0	0	0	0	11.70	1	19.000	Working	0	0	0	0	0	0	0	0	0	0	0	0	0	0
120005401212712	120005401	2018-04-02		2			0	2	0	0	0	11.70	2	19.000	Working	0	2	0	2	0	0	0	0	0	0	0	0	2	0
120005401212713	120005401	2018-04-02		2			1	1	0	0	0	11.70	3	19.000	Working	0	2	0	2	0	0	0	0	0	0	0	0	2	0
120005401212851	120005401	2018-04-16		0			0	0	0	0	0	11.95	1	19.000	Working	0	0	0	0	0	0	0	0	0	0	0	0	0	0
120005401212852	120005401	2018-04-16		0			0	0	0	0	0	11.95	2	19.000	Working	0	0	0	0	0	0	0	0	0	0	0	0	0	0
120005401212853	120005401	2018-04-16		4			0	4	0	0	0	11.95	3	19.000	Working	0	4	0	4	0	0	0	0	0	0	0	0	4	0
120005401212991	120005401	2018-04-30		2			0	2	0	0	0	14.22	1	19.000	Working	0	2	0	2	0	0	0	0	0	0	0	0	2	0
120005401212992	120005401	2018-04-30		2			0	2	0	0	0	14.22	2	19.000	Working	0	2	0	2	0	0	0	0	0	0	0	0	2	0
120005401212993	120005401	2018-04-30		0			0	0	0	0	0	14.22	3	19.000	Working	0	0	0	0	0	0	0	0	0	0	0	0	0	0
120005401213131	120005401	2018-05-14		31			12	19	0	0	0	13.72	1	19.000	Working	0	51	0	51	0	9	0	0	0	11	0	0	31	0
120005401213132	120005401	2018-05-14		8			3	5	0	0	0	13.72	2	19.000	Working	0	8	0	8	0	0	0	0	0	0	0	0	8	0
120005401213271	120005401	2018-05-28	1	12	1	0	2	10	0	0	0	13.82	1	19.000	Working	0	12	0	12	0	0	0	0	0	0	0	0	12	0
120005401213272	120005401	2018-05-28		0			0	0	0	0	0	13.82	2	19.000	Working	0	0	0	0	0	0	0	0	0	0	0	0	0	0
120005401213411	120005401	2018-06-11		16			9	7	0	3	0	13.80	1	19.000	Working	0	24	0	24	0	2	0	0	0	3	0	0	16	0
120005401213412	120005401	2018-06-11		11			3	8	0	0	0	13.80	2	19.000	Working	0	11	0	11	0	0	0	0	0	0	0	0	11	0
120005401213551	120005401	2018-06-25	2	3	2	0	1	2	0	0	0	13.60	1	19.000	Working	0	3	0	3	0	0	0	0	0	0	0	0	3	0
120005401213552	120005401	2018-06-25		8			3	5	0	0	0	13.60	2	19.000	Working	0	8	0	8	0	0	0	0	0	0	0	0	8	0
120005401213691	120005401	2018-07-09		2			0	2	0	0	0	13.65	1	19.000	Working	0	2	0	2	0	0	0	0	0	0	0	0	2	0
120005401213692	120005401	2018-07-09		1			0	1	0	0	0	13.65	2	19.000	Working	0	1	0	1	0	0	0	0	0	0	0	0	1	0
120005401213831	120005401	2018-07-23	1	0	1	0	0	0	0	0	0	13.45	1	19.000	Working	0	0	0	0	0	0	0	0	0	0	0	0	0	0
120005401213832	120005401	2018-07-23		5			1	4	0	0	0	13.45	2	19.000	Working	0	7	0	5	0	0	0	2	0	0	0	0	5	2
120005401213971	120005401	2018-08-06		0			0	0	0	0	0	13.52	1	19.000	Working	0	0	0	0	0	0	0	0	0	0	0	0	0	0
120005401213972	120005401	2018-08-06		0			0	0	0	0	0	13.52	2	19.000	Working	0	0	0	0	0	0	0	0	0	0	0	0	0	0
120005401214111	120005401	2018-08-20	2	1	2	0	1	0	0	0	0	11.75	1	19.000	Working	0	1	0	1	0	0	0	0	0	0	0	0	1	0
120005401214112	120005401	2018-08-20		0			0	0	0	0	0	11.75	2	19.000	Working	0	1	0	1	0	0	0	0	0	1	0	0	0	0
120005401214251	120005401	2018-09-03		0			0	0	0	0	0	13.48	1	19.000	Working	0	0	0	0	0	0	0	0	0	0	0	0	0	0
120005401214252	120005401	2018-09-03		0			0	0	0	0	0	13.48	2	19.000	Working	0	0	0	0	0	0	0	0	0	0	0	0	0	0
120005401214391	120005401	2018-09-17		0			0	0	0	0	0	11.73	1	19.000	Working	0	0	0	0	0	0	0	0	0	0	0	0	0	0
120005401214392	120005401	2018-09-17		1			0	1	0	0	0	11.73	2	19.000	Working	0	1	0	1	0	0	0	0	0	0	0	0	1	0
120005401214551	120005401	2018-10-03		0			0	0	0	0	0	11.85	1	19.000	Working	0	0	0	0	0	0	0	0	0	0	0	0	0	0
120005401214552	120005401	2018-10-03		0			0	0	0	0	0	11.85	2	19.000	Working	0	0	0	0	0	0	0	0	0	0	0	0	0	0
120005401214671	120005401	2018-10-15		0			0	0	0	0	0	13.48	1	19.000	Working	0	0	0	0	0	0	0	0	0	0	0	0	0	0
120005401214672	120005401	2018-10-15		1			1	0	0	0	0	13.48	2	19.000	Working	0	1	0	1	0	0	0	0	0	0	0	0	1	0
120005401214811	120005401	2018-10-29		3			0	3	0	0	0	13.43	1	19.000	Working	0	3	0	3	0	0	0	0	0	0	0	0	3	0
120005401214812	120005401	2018-10-29		1			1	0	0	0	0	13.43	2	19.000	Working	0	1	0	1	0	0	0	0	0	0	0	0	1	0
120005401214951	120005401	2018-11-12		2			1	1	0	0	0	11.88	1	19.000	Working	0	2	0	2	0	0	0	0	0	0	0	0	2	0
120005401214952	120005401	2018-11-12		0			0	0	0	0	0	11.88	2	19.000	Working	0	0	0	0	0	0	0	0	0	0	0	0	0	0
120005401215091	120005401	2018-11-26		2			0	2	0	0	0	14.05	1	19.000	Working	0	3	0	2	0	0	0	1	0	0	0	0	2	1
120005401215092	120005401	2018-11-26		0			0	0	0	0	0	14.05	2	19.000	Working	0	0	0	0	0	0	0	0	0	0	0	0	0	0
120005401215231	120005401	2018-12-10	4	1	4	0	0	1	0	0	1	13.65	1	19.000	Working	0	2	0	1	0	0	0	1	0	0	0	0	1	0
120005401215232	120005401	2018-12-10		2			1	1	0	1	0	13.65	2	19.000	Working	0	3	0	3	0	0	0	0	0	0	0	0	2	0
120005401215371	120005401	2018-12-24		0			0	0	0	0	0	13.53	1	19.000	Working	0	0	0	0	0	0	0	0	0	0	0	0	0	0
120005401215372	120005401	2018-12-24		0			0	0	0	0	0	13.53	2	19.000	Working	0	0	0	0	0	0	0	0	0	0	0	0	0	0
120005401215521	120005401	2019-01-08	2	0	2	0	0	0	0	0	0	14.10	1	19.000	Working	0	0	0	0	0	0	0	0	0	0	0	0	0	0
120005401215522	120005401	2019-01-08		2			0	2	0	0	0	14.10	2	19.000	Working	0	2	0	2	0	0	0	0	0	0	0	0	2	0
120005401215651	120005401	2019-01-21	2	1	2	0	0	1	0	0	0	13.55	1	19.000	Working	0	2	0	2	0	1	0	0	0	0	0	0	1	0
120005401215652	120005401	2019-01-21		0			0	0	0	0	0	13.55	2	19.000	Working	0	0	0	0	0	0	0	0	0	0	0	0	0	0
120005401215791	120005401	2019-02-04	2	1	2	0	0	1	0	0	0	13.60	1	19.000	Working	0	3	0	2	0	1	0	1	0	0	1	0	1	0
120005401215792	120005401	2019-02-04		0			0	0	0	0	0	13.60	2	19.000	Working	0	0	0	0	0	0	0	0	0	0	0	0	0	0
120005401215931	120005401	2019-02-18	4	0	4	0	0	0	0	2	0	13.52	1	19.000	Working	0	2	0	2	0	0	0	0	0	0	0	0	0	0
120005401215932	120005401	2019-02-18		1			0	1	0	0	0	13.52	2	19.000	Working	0	2	0	2	0	1	0	0	0	0	0	0	1	0
120005401216071	120005401	2019-03-04	1	0	1	0	0	0	0	0	0	14.18	1	19.000	Working	0	1	0	1	0	1	0	0	0	0	0	0	0	0
120005401216072	120005401	2019-03-04		0			0	0	0	0	0	14.18	2	19.000	Working	0	0	0	0	0	0	0	0	0	0	0	0	0	0
120005401216211	120005401	2019-03-18	1	0	1	0	0	0	0	0	0	12.23	1	19.000	Working	0	0	0	0	0	0	0	0	0	0	0	0	0	0
120005401216212	120005401	2019-03-18		0			0	0	0	0	0	12.23	2	19.000	Working	0	1	0	1	0	1	0	0	0	0	0	0	0	0
120005401216351	120005401	2019-04-01	1	0	1	0	0	0	0	0	0	11.67	1	19.000	Working	0	0	0	0	0	0	0	0	0	0	0	0	0	0
120005401216352	120005401	2019-04-01		0			0	0	0	0	0	11.67	2	19.000	Working	0	1	0	1	0	1	0	0	0	0	0	0	0	0
120005401216491	120005401	2019-04-15		0			0	0	0	0	0	13.63	1	19.000	Working	0	0	0	0	0	0	0	0	0	0	0	0	0	0
120005401216492	120005401	2019-04-15		0			0	0	0	0	0	13.63	2	19.000	Working	0	0	0	0	0	0	0	0	0	0	0	0	0	0
120005401216631	120005401	2019-04-29		0			0	0	0	0	0	13.77	1	19.000	Working	0	0	0	0	0	0	0	0	0	0	0	0	0	0
120005401216632	120005401	2019-04-29		0			0	0	0	0	0	13.77	2	19.000	Working	0	0	0	0	0	0	0	0	0	0	0	0	0	0
120005401216771	120005401	2019-05-13	3	4	3	0	1	3	0	0	0	13.45	1	19.000	Working	0	4	0	4	0	0	0	0	0	0	0	0	4	0
120005401216772	120005401	2019-05-13		0			0	0	0	0	0	13.45	2	19.000	Working	0	0	0	0	0	0	0	0	0	0	0	0	0	0
120005401216911	120005401	2019-05-27		3			1	2	0	0	0	13.98	1	19.000	Working	0	3	0	3	0	0	0	0	0	0	0	0	3	0
120005401216912	120005401	2019-05-27		1			1	0	0	0	0	13.98	2	19.000	Working	0	1	0	1	0	0	0	0	0	0	0	0	1	0
120005401217051	120005401	2019-06-10		2			1	1	0	0	0	13.93	1	19.000	Working	0	2	0	2	0	0	0	0	0	0	0	0	2	0
120005401217052	120005401	2019-06-10		2			0	2	0	0	0	13.93	2	19.000	Working	0	2	0	2	0	0	0	0	0	0	0	0	2	0
120005401217053	120005401	2019-06-10		0			0	0	0	0	0	13.93	3	19.000	Working	0	0	0	0	0	0	0	0	0	0	0	0	0	0
120005401217191	120005401	2019-06-24		0			0	0	0	0	0	13.38	1	19.000	Working	0	1	0	1	0	0	0	0	0	1	0	0	0	0
120005401217192	120005401	2019-06-24		4			0	4	0	0	0	13.38	2	19.000	Working	0	4	0	4	0	0	0	0	0	0	0	0	4	0
120005401217193	120005401	2019-06-24		0			0	0	0	0	0	13.38	3	19.000	Working	0	0	0	0	0	0	0	0	0	0	0	0	0	0
120005401217331	120005401	2019-07-08		22			13	9	0	0	0	12.27	1	19.000	Working	15	27	0	27	0	5	0	0	0	0	0	0	22	0
120005401217332	120005401	2019-07-08		15			8	7	0	0	0	12.27	2	19.000	Working	0	18	0	18	0	3	0	0	0	0	0	0	15	0
120005401217333	120005401	2019-07-08		0			0	0	0	0	0	12.27	3	19.000		17	0	0	0	0	0	0	0	0	0	0	0	0	0
120005401217471	120005401	2019-07-22	1	0	1	0	0	0	0	0	0	13.45	1	19.000	Working	0	0	0	0	0	0	0	0	0	0	0	0	0	0
120005401217472	120005401	2019-07-22		5			3	2	0	1	0	13.45	2	19.000	Working	0	6	0	6	0	0	0	0	0	0	0	0	5	0
120005401217473	120005401	2019-07-22		0			0	0	0	0	0	13.45	3	19.000	Working	0	0	0	0	0	0	0	0	0	0	0	0	0	0
120005401217611	120005401	2019-08-05		0			0	0	0	0	0	13.53	1	19.000	Working	0	0	0	0	0	0	0	0	0	0	0	0	0	0
120005401217612	120005401	2019-08-05		5			3	2	0	0	0	13.53	2	19.000	Working	0	5	0	5	0	0	0	0	0	0	0	0	5	0
120005401217751	120005401	2019-08-19	3	2	4	1	0	2	0	0	0	13.55	1	19.000	Working	0	4	0	4	0	2	0	0	0	0	0	0	2	0
120005401217752	120005401	2019-08-19		3			1	2	0	0	0	13.55	2	19.000	Working	0	4	0	4	0	1	0	0	0	0	0	0	3	0
120005401217753	120005401	2019-08-19		0			0	0	0	0	0	13.55	3	19.000	Working	0	0	0	0	0	0	0	0	0	0	0	0	0	0
120005401217891	120005401	2019-09-02		2			1	1	0	0	0	11.75	1	19.000	Working	0	2	0	1	0	0	0	1	0	0	0	0	1	1
120005401217892	120005401	2019-09-02		0			0	0	0	0	0	11.75	2	19.000	Working	0	0	0	0	0	0	0	0	0	0	0	0	0	0
120005401217893	120005401	2019-09-02		0			0	0	0	0	0	11.75	3	19.000	Working	0	0	0	0	0	0	0	0	0	0	0	0	0	0
120005401218031	120005401	2019-09-16		1			0	1	0	0	0	12.07	1	19.000	Working	0	1	0	1	0	0	0	0	0	0	0	0	1	0
120005401218032	120005401	2019-09-16		0			0	0	0	0	0	12.07	2	19.000	Working	0	0	0	0	0	0	0	0	0	0	0	0	0	0
120005401218033	120005401	2019-09-16										12.07	3	19.000	Working														
120005401218171	120005401	2019-09-30		0			0	0	0	0	0	11.95	1	19.000	Working	0	0	0	0	0	0	0	0	0	0	0	0	0	0
120005401218172	120005401	2019-09-30		0			0	0	0	0	0	11.95	2	19.000	Working	0	0	0	0	0	0	0	0	0	0	0	0	0	0
120005401218311	120005401	2019-10-14		0			0	0	0	0	0	11.95	1	19.000	Working	0	0	0	0	0	0	0	0	0	0	0	0	0	0
120005401218312	120005401	2019-10-14		3			2	1	0	0	0	11.95	2	19.000	Working	0	3	0	3	0	0	0	0	0	0	0	0	3	0
120005401218313	120005401	2019-10-14		0			0	0	0	0	0	11.95	3	19.000	Working	0	0	0	0	0	0	0	0	0	0	0	0	0	0
121004301211301	121004301	2017-11-09		0			0	0	0	0	0	14.30	1	19.000	Working	0	0	0	0	0	0	0	0	0	0	0	0	0	0
121004301211302	121004301	2017-11-09		0			0	0	0	0	0	14.30	2	19.000	Working	0	0	0	0	0	0	0	0	0	0	0	0	0	0
121004301211451	121004301	2017-11-24		2			0	2	0	2	0	13.83	1	19.000	Working	0	4	0	4	0	0	0	0	0	0	0	0	2	0
121004301211452	121004301	2017-11-24		0			0	0	0	0	0	13.83	2	19.000	Working	0	0	0	0	0	0	0	0	0	0	0	0	0	0
121004301211591	121004301	2017-12-08		0			0	0	0	0	0	12.22	1	19.000	Working	0	0	0	0	0	0	0	0	0	0	0	0	0	0
121004301211592	121004301	2017-12-08		0			0	0	0	0	0	12.22	2	19.000	Working	0	0	0	0	0	0	0	0	0	0	0	0	0	0
121004301211731	121004301	2017-12-22		0			0	0	0	0	0	12.03	1	19.000	Working	0	0	0	0	0	0	0	0	0	0	0	0	0	0
121004301211732	121004301	2017-12-22		0			0	0	0	0	0	12.03	2	19.000	Working	0	0	0	0	0	0	0	0	0	0	0	0	0	0
121004301211881	121004301	2018-01-06		0			0	0	0	0	0	12.08	1	19.000	Working	0	0	0	0	0	0	0	0	0	0	0	0	0	0
121004301211882	121004301	2018-01-06		0			0	0	0	0	0	12.08	2	19.000	Working	0	0	0	0	0	0	0	0	0	0	0	0	0	0
121004301212021	121004301	2018-01-20		0			0	0	0	0	0	12.55	1	19.000	Working	0	0	0	0	0	0	0	0	0	0	0	0	0	0
121004301212022	121004301	2018-01-20		0			0	0	0	0	0	12.55	2	19.000	Working	0	0	0	0	0	0	0	0	0	0	0	0	0	0
121004301212151	121004301	2018-02-02	2	0	2	0	0	0	0	0	0	12.05	1	19.000	Working	0	0	0	0	0	0	0	0	0	0	0	0	0	0
121004301212152	121004301	2018-02-02		1			0	1	0	0	0	12.05	2	19.000	Working	0	4	2	2	1	1	0	0	1	0	0	0	1	0
121004301212291	121004301	2018-02-16		0			0	0	0	0	0	12.00	1	19.000	Working	0	0	0	0	0	0	0	0	0	0	0	0	0	0
121004301212292	121004301	2018-02-16		0			0	0	0	0	0	12.00	2	19.000	Working	0	0	0	0	0	0	0	0	0	0	0	0	0	0
121004301212431	121004301	2018-03-02		0			0	0	0	0	0	12.20	1	19.000	Working	0	0	0	0	0	0	0	0	0	0	0	0	0	0
121004301212432	121004301	2018-03-02		0			0	0	0	0	0	12.20	2	19.000	Working	0	0	0	0	0	0	0	0	0	0	0	0	0	0
121004301212571	121004301	2018-03-16		0			0	0	0	0	0	12.27	1	19.000	Working	0	0	0	0	0	0	0	0	0	0	0	0	0	0
121004301212572	121004301	2018-03-16		0			0	0	0	0	0	12.27	2	19.000	Working	0	0	0	0	0	0	0	0	0	0	0	0	0	0
121004301212711	121004301	2018-03-30		0			0	0	0	0	0	12.35	1	19.000	Working	0	0	0	0	0	0	0	0	0	0	0	0	0	0
121004301212712	121004301	2018-03-30		0			0	0	0	0	0	12.35	2	19.000	Working	0	0	0	0	0	0	0	0	0	0	0	0	0	0
121004301212851	121004301	2018-04-13		1			0	1	0	0	0	13.87	1	19.000	Working	0	1	0	1	0	0	0	0	0	0	0	0	1	0
121004301212852	121004301	2018-04-13		0			0	0	0	0	0	13.87	2	19.000	Working	0	0	0	0	0	0	0	0	0	0	0	0	0	0
121004301212991	121004301	2018-04-27		0			0	0	0	0	0	14.15	1	19.000	Working	0	0	0	0	0	0	0	0	0	0	0	0	0	0
121004301212992	121004301	2018-04-27		0			0	0	0	0	0	14.15	2	19.000	Working	0	0	0	0	0	0	0	0	0	0	0	0	0	0
121004301213131	121004301	2018-05-11		0			0	0	0	0	0	12.20	1	19.000	Working	0	0	0	0	0	0	0	0	0	0	0	0	0	0
121004301213132	121004301	2018-05-11		7			2	5	0	0	0	12.20	2	19.000	Working	0	9	0	9	0	2	0	0	0	0	0	0	7	0
121004301213271	121004301	2018-05-25		0			0	0	0	0	0	11.92	1	19.000	Working	0	0	0	0	0	0	0	0	0	0	0	0	0	0
121004301213272	121004301	2018-05-25		1			0	1	0	0	0	11.92	2	19.000	Working	0	1	0	1	0	0	0	0	0	0	0	0	1	0
121004301213411	121004301	2018-06-08		0			0	0	0	0	0	12.42	1	19.000	Working	0	0	0	0	0	0	0	0	0	0	0	0	0	0
121004301213412	121004301	2018-06-08		2			0	2	0	0	0	12.42	2	19.000	Working	0	2	0	2	0	0	0	0	0	0	0	0	2	0
121004301213551	121004301	2018-06-22		0			0	0	0	0	0	12.57	1	19.000	Working	0	0	0	0	0	0	0	0	0	0	0	0	0	0
121004301213552	121004301	2018-06-22		2			0	2	0	0	0	12.57	2	19.000	Working	0	2	0	2	0	0	0	0	0	0	0	0	2	0
121004301213691	121004301	2018-07-06		0			0	0	0	0	0	13.47	1	19.000	Working	0	0	0	0	0	0	0	0	0	0	0	0	0	0
121004301213692	121004301	2018-07-06		0			0	0	0	0	0	13.47	2	19.000	Working	0	0	0	0	0	0	0	0	0	0	0	0	0	0
121004301213831	121004301	2018-07-20		0			0	0	0	0	0	13.40	1	19.000	Working	0	0	0	0	0	0	0	0	0	0	0	0	0	0
121004301213832	121004301	2018-07-20		0			0	0	0	0	0	13.40	2	19.000	Working	0	0	0	0	0	0	0	0	0	0	0	0	0	0
121004301213971	121004301	2018-08-03		0			0	0	0	0	0	12.63	1	19.000	Working	0	0	0	0	0	0	0	0	0	0	0	0	0	0
121004301213972	121004301	2018-08-03		0			0	0	0	0	0	12.63	2	19.000	Working	0	0	0	0	0	0	0	0	0	0	0	0	0	0
121004301214111	121004301	2018-08-17		0			0	0	0	0	0	13.33	1	19.000	Working	0	0	0	0	0	0	0	0	0	0	0	0	0	0
121004301214112	121004301	2018-08-17		0			0	0	0	0	0	13.33	2	19.000	Working	0	0	0	0	0	0	0	0	0	0	0	0	0	0
121004301214251	121004301	2018-08-31		0			0	0	0	0	0	12.55	1	19.000	Working	0	0	0	0	0	0	0	0	0	0	0	0	0	0
121004301214252	121004301	2018-08-31		0			0	0	0	0	0	12.55	2	19.000	Working	0	0	0	0	0	0	0	0	0	0	0	0	0	0
121004301214391	121004301	2018-09-14		0			0	0	0	0	0	13.47	1	19.000	Working	0	0	0	0	0	0	0	0	0	0	0	0	0	0
121004301214392	121004301	2018-09-14		0			0	0	0	0	0	13.47	2	19.000	Working	0	0	0	0	0	0	0	0	0	0	0	0	0	0
121004301214551	121004301	2018-09-30		0			0	0	0	0	0	12.30	1	19.000	Working	0	0	0	0	0	0	0	0	0	0	0	0	0	0
121004301214552	121004301	2018-09-30		0			0	0	0	0	0	12.30	2	19.000	Working	0	0	0	0	0	0	0	0	0	0	0	0	0	0
121004301214671	121004301	2018-10-12		0			0	0	0	0	0	12.35	1	19.000	Working	0	0	0	0	0	0	0	0	0	0	0	0	0	0
121004301214672	121004301	2018-10-12		0			0	0	0	0	0	12.35	2	19.000	Working	0	0	0	0	0	0	0	0	0	0	0	0	0	0
121004301214811	121004301	2018-10-26		0			0	0	0	0	0	11.75	1	19.000	Working	0	0	0	0	0	0	0	0	0	0	0	0	0	0
121004301214812	121004301	2018-10-26		0			0	0	0	0	0	11.75	2	19.000	Working	0	0	0	0	0	0	0	0	0	0	0	0	0	0
121004301214951	121004301	2018-11-09		0			0	0	0	0	0	12.37	1	19.000	Working	0	0	0	0	0	0	0	0	0	0	0	0	0	0
121004301214952	121004301	2018-11-09		0			0	0	0	0	0	12.37	2	19.000	Working	0	0	0	0	0	0	0	0	0	0	0	0	0	0
121004301215091	121004301	2018-11-23		0			0	0	0	0	0	12.42	1	19.000	Working	0	0	0	0	0	0	0	0	0	0	0	0	0	0
121004301215092	121004301	2018-11-23		0			0	0	0	0	0	12.42	2	19.000	Working	0	0	0	0	0	0	0	0	0	0	0	0	0	0
121004301215231	121004301	2018-12-07		0			0	0	0	0	0	12.53	1	19.000	Working	0	0	0	0	0	0	0	0	0	0	0	0	0	0
121004301215232	121004301	2018-12-07		0			0	0	0	0	0	12.53	2	19.000	Working	0	0	0	0	0	0	0	0	0	0	0	0	0	0
121004301215371	121004301	2018-12-21		0			0	0	0	0	0	12.22	1	19.000	Working	0	0	0	0	0	0	0	0	0	0	0	0	0	0
121004301215372	121004301	2018-12-21		0			0	0	0	0	0	12.22	2	19.000	Working	0	0	0	0	0	0	0	0	0	0	0	0	0	0
121004301215521	121004301	2019-01-05		0			0	0	0	0	0	11.90	1	19.000	Working	0	0	0	0	0	0	0	0	0	0	0	0	0	0
121004301215522	121004301	2019-01-05		0			0	0	0	0	0	11.90	2	19.000	Working	0	0	0	0	0	0	0	0	0	0	0	0	0	0
121004301215651	121004301	2019-01-18		0			0	0	0	0	0	11.67	1	19.000	Working	0	0	0	0	0	0	0	0	0	0	0	0	0	0
121004301215652	121004301	2019-01-18		0			0	0	0	0	0	11.67	2	19.000	Working	0	0	0	0	0	0	0	0	0	0	0	0	0	0
121004301215791	121004301	2019-02-01		0			0	0	0	0	0	12.20	1	19.000	Working	0	0	0	0	0	0	0	0	0	0	0	0	0	0
121004301215792	121004301	2019-02-01		0			0	0	0	0	0	12.20	2	19.000	Working	0	0	0	0	0	0	0	0	0	0	0	0	0	0
121004301215931	121004301	2019-02-15		0			0	0	0	0	0	12.00	1	19.000	Working	0	0	0	0	0	0	0	0	0	0	0	0	0	0
121004301215932	121004301	2019-02-15		0			0	0	0	0	0	12.00	2	19.000	Working	0	0	0	0	0	0	0	0	0	0	0	0	0	0
121004301216071	121004301	2019-03-01		0			0	0	0	0	0	12.43	1	19.000	Working	0	0	0	0	0	0	0	0	0	0	0	0	0	0
121004301216072	121004301	2019-03-01		0			0	0	0	0	0	12.43	2	19.000	Working	0	0	0	0	0	0	0	0	0	0	0	0	0	0
121004301216211	121004301	2019-03-15		0			0	0	0	0	0	12.33	1	19.000	Working	0	0	0	0	0	0	0	0	0	0	0	0	0	0
121004301216213	121004301	2019-03-15		0			0	0	0	0	0	12.33	3	19.000	Working	0	0	0	0	0	0	0	0	0	0	0	0	0	0
121004301216351	121004301	2019-03-29		0			0	0	0	0	0	13.58	1	19.000	Working	0	0	0	0	0	0	0	0	0	0	0	0	0	0
121004301216353	121004301	2019-03-29		0			0	0	0	0	0	13.58	3	19.000	Working	0	0	0	0	0	0	0	0	0	0	0	0	0	0
121004301216491	121004301	2019-04-12		0			0	0	0	0	0	12.08	1	19.000	Working	0	0	0	0	0	0	0	0	0	0	0	0	0	0
121004301216492	121004301	2019-04-12		0			0	0	0	0	0	12.08	2	19.000	Working	0	0	0	0	0	0	0	0	0	0	0	0	0	0
121004301216631	121004301	2019-04-26		0			0	0	0	0	0	11.97	1	19.000	Working	0	0	0	0	0	0	0	0	0	0	0	0	0	0
121004301216633	121004301	2019-04-26		0			0	0	0	0	0	11.97	3	19.000	Working	0	0	0	0	0	0	0	0	0	0	0	0	0	0
121004301216771	121004301	2019-05-10		0			0	0	0	0	0	12.50	1	19.000	Working	0	0	0	0	0	0	0	0	0	0	0	0	0	0
121004301216773	121004301	2019-05-10		0			0	0	0	0	0	12.50	3	19.000	Working	0	0	0	0	0	0	0	0	0	0	0	0	0	0
121004301216911	121004301	2019-05-24		0			0	0	0	0	0	12.15	1	19.000	Working	0	0	0	0	0	0	0	0	0	0	0	0	0	0
121004301216912	121004301	2019-05-24		0			0	0	0	0	0	12.15	2	19.000	Working	0	0	0	0	0	0	0	0	0	0	0	0	0	0
121004301217051	121004301	2019-06-07		2			0	2	0	0	0	12.12	1	19.000	Working	0	2	0	2	0	0	0	0	0	0	0	0	2	0
121004301217053	121004301	2019-06-07		0			0	0	0	0	0	12.12	3	19.000	Working	0	0	0	0	0	0	0	0	0	0	0	0	0	0
121004301217191	121004301	2019-06-21		0			0	0	0	0	0	13.42	1	19.000	Working	0	0	0	0	0	0	0	0	0	0	0	0	0	0
121004301217192	121004301	2019-06-21		0			0	0	0	0	0	13.42	2	19.000	Working	0	0	0	0	0	0	0	0	0	0	0	0	0	0
121004301217331	121004301	2019-07-05		0			0	0	0	0	0	12.55	1	19.000	Working	0	2	0	2	0	0	0	0	0	2	0	0	0	0
121004301217332	121004301	2019-07-05		0			0	0	0	0	0	12.55	2	19.000		0	1	0	0	0	0	0	1	0	0	1	0	0	0
121004301217333	121004301	2019-07-05										12.55	3	19.000	Working														
121004301217471	121004301	2019-07-19	1	0	1	0	0	0	0	0	0	13.35	1	19.000	Working	0	0	0	0	0	0	0	0	0	0	0	0	0	0
121004301217473	121004301	2019-07-19		0			0	0	0	0	0	13.35	3	19.000	Working	0	2	0	2	0	1	0	0	0	1	0	0	0	0
121004301217611	121004301	2019-08-02		0			0	0	0	0	0	12.38	1	19.000	Working	0	0	0	0	0	0	0	0	0	0	0	0	0	0
121004301217612	121004301	2019-08-02		0			0	0	0	0	0	12.38	2	19.000		0	0	0	0	0	0	0	0	0	0	0	0	0	0
121004301217613	121004301	2019-08-02										12.38	3	19.000	Working														
121004301217751	121004301	2019-08-16		1			0	1	0	0	0	12.37	1	19.000	Working	0	2	0	1	0	0	1	1	0	0	0	0	1	0
121004301217752	121004301	2019-08-16		0			0	0	0	0	0	12.37	2	19.000	Working	0	0	0	0	0	0	0	0	0	0	0	0	0	0
121004301217891	121004301	2019-08-30		0			0	0	0	0	0	12.32	1	19.000	Working	0	0	0	0	0	0	0	0	0	0	0	0	0	0
121004301217892	121004301	2019-08-30		0			0	0	0	0	0	12.32	2	19.000		0	0	0	0	0	0	0	0	0	0	0	0	0	0
121004301217893	121004301	2019-08-30										12.32	3	19.000	Working														
121004301218031	121004301	2019-09-13		0			0	0	0	0	0	13.45	1	19.000	Working	0	0	0	0	0	0	0	0	0	0	0	0	0	0
121004301218033	121004301	2019-09-13		0			0	0	0	0	0	13.45	3	19.000	Working	0	0	0	0	0	0	0	0	0	0	0	0	0	0
121004301218171	121004301	2019-09-27	1	1	1	0	1	0	0	0	0	13.68	1	19.000	Working	0	1	0	1	0	0	0	0	0	0	0	0	1	0
121004301218173	121004301	2019-09-27		0			0	0	0	0	0	13.68	3	19.000	Working	0	0	0	0	0	0	0	0	0	0	0	0	0	0
121004301218311	121004301	2019-10-11		0			0	0	0	0	0	13.68	1	19.000	Working	0	0	0	0	0	0	0	0	0	0	0	0	0	0
121004301218313	121004301	2019-10-11		0			0	0	0	0	0	13.68	3	19.000	Working	0	0	0	0	0	0	0	0	0	0	0	0	0	0
121005001211261	121005001	2017-11-04	1	1	1	0	0	1	0	0	0	13.90	1	19.000	Working	0	2	0	2	0	1	0	0	0	0	0	0	1	0
121005001211262	121005001	2017-11-04		1			0	1	0	0	0	13.90	2	19.000	Working	0	2	0	2	0	0	0	0	0	1	0	0	1	0
121005001211441	121005001	2017-11-22		1			1	0	0	0	0	13.47	1	19.000	Working	0	2	0	2	0	0	0	0	0	1	0	0	1	0
121005001211442	121005001	2017-11-22		1			0	1	0	1	0	13.47	2	19.000	Working	0	2	0	2	0	0	0	0	0	0	0	0	1	0
121005001211581	121005001	2017-12-06		1			0	1	0	0	0	12.32	1	19.000	Working	0	1	0	1	0	0	0	0	0	0	0	0	1	0
121005001211582	121005001	2017-12-06		1			1	0	0	0	0	12.32	2	19.000	Working	0	1	1	0	0	0	0	0	0	0	0	1	0	0
121005001211721	121005001	2017-12-20		0			0	0	0	0	0	12.15	1	19.000	Working	0	1	0	1	0	1	0	0	0	0	0	0	0	0
121005001211722	121005001	2017-12-20		0			0	0	0	0	0	12.15	2	19.000	Working	0	0	0	0	0	0	0	0	0	0	0	0	0	0
121005001211871	121005001	2018-01-04		0			0	0	0	0	0	12.45	1	19.000	Working	0	0	0	0	0	0	0	0	0	0	0	0	0	0
121005001211872	121005001	2018-01-04		0			0	0	0	0	0	12.45	2	19.000	Working	0	0	0	0	0	0	0	0	0	0	0	0	0	0
121005001212011	121005001	2018-01-18	1	1	1	0	0	1	0	0	0	13.45	1	19.000	Working	0	1	0	1	0	0	0	0	0	0	0	0	1	0
121005001212012	121005001	2018-01-18		0			0	0	0	0	0	13.45	2	19.000	Working	0	0	0	0	0	0	0	0	0	0	0	0	0	0
121005001212141	121005001	2018-01-31		0			0	0	0	0	0	12.28	1	19.000	Working	0	0	0	0	0	0	0	0	0	0	0	0	0	0
121005001212142	121005001	2018-01-31		0			0	0	0	0	0	12.28	2	19.000	Working	0	0	0	0	0	0	0	0	0	0	0	0	0	0
121005001212281	121005001	2018-02-14	1	0	1	0	0	0	0	0	0	12.22	1	19.000	Working	0	0	0	0	0	0	0	0	0	0	0	0	0	0
121005001212282	121005001	2018-02-14		0			0	0	0	1	0	12.22	2	19.000	Working	0	1	0	1	0	0	0	0	0	0	0	0	0	0
121005001212421	121005001	2018-02-28		0			0	0	0	0	0	12.48	1	19.000	Working	0	0	0	0	0	0	0	0	0	0	0	0	0	0
121005001212422	121005001	2018-02-28		0			0	0	0	0	0	12.48	2	19.000	Working	0	0	0	0	0	0	0	0	0	0	0	0	0	0
121005001212561	121005001	2018-03-14		0			0	0	0	0	0	12.55	1	19.000	Working	0	0	0	0	0	0	0	0	0	0	0	0	0	0
121005001212562	121005001	2018-03-14		0			0	0	0	0	0	12.55	2	19.000	Working	0	0	0	0	0	0	0	0	0	0	0	0	0	0
121005001212701	121005001	2018-03-28		0			0	0	0	0	0	12.20	1	19.000	Working	0	0	0	0	0	0	0	0	0	0	0	0	0	0
121005001212702	121005001	2018-03-28		1			0	1	0	0	0	12.20	2	19.000	Working	0	1	0	1	0	0	0	0	0	0	0	0	1	0
121005001212841	121005001	2018-04-11		1			0	1	0	0	0	13.35	1	19.000	Working	0	1	0	1	0	0	0	0	0	0	0	0	1	0
121005001212842	121005001	2018-04-11		0			0	0	0	0	0	13.35	2	19.000	Working	0	0	0	0	0	0	0	0	0	0	0	0	0	0
121005001212981	121005001	2018-04-25		0			0	0	0	0	0	13.72	1	19.000	Working	0	0	0	0	0	0	0	0	0	0	0	0	0	0
121005001212982	121005001	2018-04-25		1			1	0	0	1	0	13.72	2	19.000	Working	0	2	0	2	0	0	0	0	0	0	0	0	1	0
121005001213121	121005001	2018-05-09		10			4	6	0	0	0	12.35	1	19.000	Working	0	10	0	10	0	0	0	0	0	0	0	0	10	0
121005001213122	121005001	2018-05-09		0			0	0	0	0	0	12.35	2	19.000	Working	0	0	0	0	0	0	0	0	0	0	0	0	0	0
121005001213261	121005001	2018-05-23		8			3	5	0	0	0	12.25	1	19.000	Working	0	13	0	13	0	2	0	0	0	3	0	0	8	0
121005001213262	121005001	2018-05-23		22			8	14	0	0	0	12.25	2	19.000	Working	0	30	0	30	0	5	0	0	0	3	0	0	22	0
121005001213401	121005001	2018-06-06		15			5	10	0	0	0	12.18	1	19.000	Working	0	15	0	15	0	0	0	0	0	0	0	0	15	0
121005001213402	121005001	2018-06-06		14			2	12	0	1	0	12.18	2	19.000	Working	0	24	0	24	0	3	0	0	0	6	0	0	14	0
121005001213541	121005001	2018-06-20		0			0	0	0	0	0	12.08	1	19.000	Working	0	0	0	0	0	0	0	0	0	0	0	0	0	0
121005001213542	121005001	2018-06-20		0			0	0	0	0	0	12.08	2	19.000	Working	0	0	0	0	0	0	0	0	0	0	0	0	0	0
121005001213681	121005001	2018-07-04		0			0	0	0	0	0	13.33	1	19.000	Working	0	0	0	0	0	0	0	0	0	0	0	0	0	0
121005001213682	121005001	2018-07-04		0			0	0	0	0	0	13.33	2	19.000	Working	0	0	0	0	0	0	0	0	0	0	0	0	0	0
121005001213821	121005001	2018-07-18		0			0	0	0	0	0	12.63	1	19.000	Working	0	0	0	0	0	0	0	0	0	0	0	0	0	0
121005001213822	121005001	2018-07-18		0			0	0	0	0	0	12.63	2	19.000	Working	0	0	0	0	0	0	0	0	0	0	0	0	0	0
121005001213961	121005001	2018-08-01		0			0	0	0	0	0	12.40	1	19.000	Working	0	0	0	0	0	0	0	0	0	0	0	0	0	0
121005001213962	121005001	2018-08-01		0			0	0	0	0	0	12.40	2	19.000	Working	0	0	0	0	0	0	0	0	0	0	0	0	0	0
121005001214101	121005001	2018-08-15		0			0	0	0	0	0	13.58	1	19.000	Working	0	0	0	0	0	0	0	0	0	0	0	0	0	0
121005001214102	121005001	2018-08-15		0			0	0	0	0	0	13.58	2	19.000	Working	0	0	0	0	0	0	0	0	0	0	0	0	0	0
121005001214241	121005001	2018-08-29		0			0	0	0	0	0	13.48	1	19.000	Working	0	0	0	0	0	0	0	0	0	0	0	0	0	0
121005001214242	121005001	2018-08-29		0			0	0	0	0	0	13.48	2	19.000	Working	0	0	0	0	0	0	0	0	0	0	0	0	0	0
121005001214381	121005001	2018-09-12		0			0	0	0	0	0	12.33	1	19.000	Working	0	0	0	0	0	0	0	0	0	0	0	0	0	0
121005001214382	121005001	2018-09-12		0			0	0	0	0	0	12.33	2	19.000	Working	0	0	0	0	0	0	0	0	0	0	0	0	0	0
121005001214541	121005001	2018-09-28		0			0	0	0	0	0	12.13	1	19.000	Working	0	0	0	0	0	0	0	0	0	0	0	0	0	0
121005001214542	121005001	2018-09-28		0			0	0	0	0	0	12.13	2	19.000	Working	0	0	0	0	0	0	0	0	0	0	0	0	0	0
121005001214661	121005001	2018-10-10		0			0	0	0	0	0	12.07	1	19.000	Working	0	0	0	0	0	0	0	0	0	0	0	0	0	0
121005001214662	121005001	2018-10-10		0			0	0	0	0	0	12.07	2	19.000	Working	0	0	0	0	0	0	0	0	0	0	0	0	0	0
121005001214801	121005001	2018-10-24		0			0	0	0	0	0	11.93	1	19.000	Working	0	0	0	0	0	0	0	0	0	0	0	0	0	0
121005001214802	121005001	2018-10-24		0			0	0	0	0	0	11.93	2	19.000	Working	0	0	0	0	0	0	0	0	0	0	0	0	0	0
121005001214941	121005001	2018-11-07		1			1	0	0	0	0	12.20	1	19.000	Working	0	2	0	2	0	0	0	0	0	1	0	0	1	0
121005001214942	121005001	2018-11-07		0			0	0	0	1	0	12.20	2	19.000	Working	0	1	0	1	0	0	0	0	0	0	0	0	0	0
121005001215081	121005001	2018-11-21		0			0	0	0	0	0	12.17	1	19.000	Working	0	0	0	0	0	0	0	0	0	0	0	0	0	0
121005001215082	121005001	2018-11-21		0			0	0	0	0	0	12.17	2	19.000	Working	0	0	0	0	0	0	0	0	0	0	0	0	0	0
121005001215221	121005001	2018-12-05		0			0	0	0	0	0	12.40	1	19.000	Working	0	0	0	0	0	0	0	0	0	0	0	0	0	0
121005001215222	121005001	2018-12-05		0			0	0	0	0	0	12.40	2	19.000	Working	0	0	0	0	0	0	0	0	0	0	0	0	0	0
121005001215361	121005001	2018-12-19		0			0	0	0	0	0	11.95	1	19.000	Working	0	0	0	0	0	0	0	0	0	0	0	0	0	0
121005001215362	121005001	2018-12-19		0			0	0	0	0	0	11.95	2	19.000	Working	0	0	0	0	0	0	0	0	0	0	0	0	0	0
121005001215511	121005001	2019-01-03		0			0	0	0	0	0	12.13	1	19.000	Working	0	0	0	0	0	0	0	0	0	0	0	0	0	0
121005001215512	121005001	2019-01-03		0			0	0	0	0	0	12.13	2	19.000	Working	0	0	0	0	0	0	0	0	0	0	0	0	0	0
121005001215641	121005001	2019-01-16	1	0	1	0	0	0	0	0	0	12.05	1	19.000	Working	0	1	0	1	0	0	0	0	0	1	0	0	0	0
121005001215642	121005001	2019-01-16		0			0	0	0	0	0	12.05	2	19.000	Working	0	0	0	0	0	0	0	0	0	0	0	0	0	0
121005001215781	121005001	2019-01-30	1	1	1	0	0	1	0	0	0	12.47	1	19.000	Working	0	1	0	1	0	0	0	0	0	0	0	0	1	0
121005001215782	121005001	2019-01-30		0			0	0	0	0	0	12.47	2	19.000	Working	0	0	0	0	0	0	0	0	0	0	0	0	0	0
121005001215921	121005001	2019-02-13		0			0	0	0	0	0	12.07	1	19.000	Working	0	0	0	0	0	0	0	0	0	0	0	0	0	0
121005001215922	121005001	2019-02-13		0			0	0	0	0	0	12.07	2	19.000	Working	0	0	0	0	0	0	0	0	0	0	0	0	0	0
121005001216061	121005001	2019-02-27		0			0	0	0	0	0	12.65	1	19.000	Working	0	0	0	0	0	0	0	0	0	0	0	0	0	0
121005001216062	121005001	2019-02-27		0			0	0	0	0	0	12.65	2	19.000	Working	0	0	0	0	0	0	0	0	0	0	0	0	0	0
121005001216201	121005001	2019-03-13		0			0	0	0	0	0	12.03	1	19.000	Working	0	0	0	0	0	0	0	0	0	0	0	0	0	0
121005001216202	121005001	2019-03-13		0			0	0	0	0	0	12.03	2	19.000	Working	0	0	0	0	0	0	0	0	0	0	0	0	0	0
121005001216341	121005001	2019-03-27		0			0	0	0	0	0	12.23	1	19.000	Working	0	0	0	0	0	0	0	0	0	0	0	0	0	0
121005001216342	121005001	2019-03-27		0			0	0	0	0	0	12.23	2	19.000	Working	0	0	0	0	0	0	0	0	0	0	0	0	0	0
121005001216481	121005001	2019-04-10		0			0	0	0	0	0	12.00	1	19.000	Working	0	0	0	0	0	0	0	0	0	0	0	0	0	0
121005001216482	121005001	2019-04-10		0			0	0	0	0	0	12.00	2	19.000	Working	0	0	0	0	0	0	0	0	0	0	0	0	0	0
121005001216621	121005001	2019-04-24		0			0	0	0	0	0	12.22	1	19.000	Working	0	0	0	0	0	0	0	0	0	0	0	0	0	0
121005001216622	121005001	2019-04-24		0			0	0	0	0	0	12.22	2	19.000	Working	0	0	0	0	0	0	0	0	0	0	0	0	0	0
121005001216761	121005001	2019-05-08	0	0	1	1	0	0	0	0	0	12.17	1	19.000	Working	0	0	0	0	0	0	0	0	0	0	0	0	0	0
121005001216762	121005001	2019-05-08		0			0	0	0	1	0	12.17	2	19.000	Working	0	1	0	1	0	0	0	0	0	0	0	0	0	0
121005001216901	121005001	2019-05-22		0			0	0	0	0	0	12.35	1	19.000	Working	0	0	0	0	0	0	0	0	0	0	0	0	0	0
121005001216902	121005001	2019-05-22		0			0	0	0	0	0	12.35	2	19.000	Working	0	0	0	0	0	0	0	0	0	0	0	0	0	0
121005001217041	121005001	2019-06-05		0			0	0	0	0	0	12.33	1	19.000	Working	0	0	0	0	0	0	0	0	0	0	0	0	0	0
121005001217042	121005001	2019-06-05		2			0	2	0	0	0	12.33	2	19.000	Working	0	2	0	2	0	0	0	0	0	0	0	0	2	0
121005001217181	121005001	2019-06-19		1			0	1	0	0	0	12.45	1	19.000	Working	0	1	0	1	0	0	0	0	0	0	0	0	1	0
121005001217182	121005001	2019-06-19		1			0	1	0	0	0	12.45	2	19.000	Working	0	1	0	1	0	0	0	0	0	0	0	0	1	0
121005001217321	121005001	2019-07-03		0			0	0	0	0	0	12.17	1	19.000	Working	0	0	0	0	0	0	0	0	0	0	0	0	0	0
121005001217322	121005001	2019-07-03		0			0	0	0	0	0	12.17	2	19.000	Working	0	0	0	0	0	0	0	0	0	0	0	0	0	0
121005001217461	121005001	2019-07-17		2			1	1	0	0	0	12.42	1	19.000	Working	0	2	0	2	0	0	0	0	0	0	0	0	2	0
121005001217462	121005001	2019-07-17		1			0	1	0	0	0	12.42	2	19.000	Working	0	1	0	1	0	0	0	0	0	0	0	0	1	0
121005001217601	121005001	2019-07-31	1	0	1	0	0	0	0	0	0	13.62	1	19.000	Working	0	0	0	0	0	0	0	0	0	0	0	0	0	0
121005001217602	121005001	2019-07-31		1			0	1	0	0	0	13.62	2	19.000	Working	0	1	0	1	0	0	0	0	0	0	0	0	1	0
121005001217741	121005001	2019-08-14		2			1	1	0	0	0	13.37	1	19.000	Working	0	2	0	2	0	0	0	0	0	0	0	0	2	0
121005001217742	121005001	2019-08-14		2			2	0	0	0	0	13.37	2	19.000	Working	0	2	0	2	0	0	0	0	0	0	0	0	2	0
121005001217881	121005001	2019-08-28		1			1	0	0	0	0	13.50	1	19.000	Working	0	1	0	1	0	0	0	0	0	0	0	0	1	0
121005001217882	121005001	2019-08-28		0			0	0	0	0	0	13.50	2	19.000	Working	0	0	0	0	0	0	0	0	0	0	0	0	0	0
121005001218021	121005001	2019-09-11		0			0	0	0	0	0	12.08	1	19.000	Working	0	0	0	0	0	0	0	0	0	0	0	0	0	0
121005001218022	121005001	2019-09-11		0			0	0	0	0	0	12.08	2	19.000	Working	0	0	0	0	0	0	0	0	0	0	0	0	0	0
121005001218161	121005001	2019-09-25		0			0	0	0	0	0	12.33	1	19.000	Working	0	0	0	0	0	0	0	0	0	0	0	0	0	0
121005001218162	121005001	2019-09-25		0			0	0	0	0	0	12.33	2	19.000	Working	0	0	0	0	0	0	0	0	0	0	0	0	0	0
121005001218301	121005001	2019-10-09		0			0	0	0	0	0	12.12	1	19.000	Working	0	0	0	0	0	0	0	0	0	0	0	0	0	0
121005001218302	121005001	2019-10-09		0			0	0	0	0	0	12.12	2	19.000	Working	0	0	0	0	0	0	0	0	0	0	0	0	0	0
122002001211301	122002001	2017-11-12	1	5	1	0	4	1	0	0	0	14.07	1	19.000	Working	0	5	0	5	0	0	0	0	0	0	0	0	5	0
122002001211451	122002001	2017-11-27		1			0	1	0	1	0	12.63	1	19.000	Working	0	2	0	2	0	0	0	0	0	0	0	0	1	0
122002001211591	122002001	2017-12-11		2			1	1	0	0	0	12.13	1	19.000	Working	0	3	1	2	1	0	0	0	0	0	0	0	2	0
122002001211731	122002001	2017-12-25		0			0	0	0	0	0	12.35	1	19.000	Working	0	0	0	0	0	0	0	0	0	0	0	0	0	0
122002001211881	122002001	2018-01-09	1	1	1	0	0	1	0	0	0	12.28	1	19.000	Working	0	1	0	1	0	0	0	0	0	0	0	0	1	0
122002001212021	122002001	2018-01-23	2	2	2	0	1	1	0	0	0	13.33	1	19.000	Working	0	2	0	2	0	0	0	0	0	0	0	0	2	0
122002001212151	122002001	2018-02-05		0			0	0	0	0	0	12.15	1	19.000	Working	0	0	0	0	0	0	0	0	0	0	0	0	0	0
122002001212291	122002001	2018-02-19		0			0	0	0	0	0	12.05	1	19.000	Working	0	0	0	0	0	0	0	0	0	0	0	0	0	0
122002001212431	122002001	2018-03-05	1	1	1	0	0	1	0	0	0	12.32	1	19.000	Working	0	1	0	1	0	0	0	0	0	0	0	0	1	0
122002001212571	122002001	2018-03-19	1	1	1	0	1	0	0	0	0	12.40	1	19.000	Working	0	1	0	1	0	0	0	0	0	0	0	0	1	0
122002001212711	122002001	2018-04-02		0			0	0	0	0	0	11.88	1	19.000	Working	0	1	0	1	0	1	0	0	0	0	0	0	0	0
122002001212851	122002001	2018-04-16		1			0	1	0	0	0	14.10	1	19.000	Working	0	1	0	1	0	0	0	0	0	0	0	0	1	0
122002001212991	122002001	2018-04-30		16			12	4	0	0	0	13.48	1	19.000	Working	0	17	0	17	0	1	0	0	0	0	0	0	16	0
122002001213131	122002001	2018-05-14		46			29	17	0	0	0	14.02	1	19.000	Working	0	46	0	46	0	0	0	0	0	0	0	0	46	0
122002001213271	122002001	2018-05-28		3			0	3	0	1	0	13.33	1	19.000	Working	0	4	0	4	0	0	0	0	0	0	0	0	3	0
122002001213411	122002001	2018-06-11	1	8	1	0	2	6	0	1	0	11.70	1	19.000	Working	0	9	0	9	0	0	0	0	0	0	0	0	8	0
122002001213551	122002001	2018-06-25		2			1	1	0	0	0	12.07	1	19.000	Working	0	2	0	1	0	0	0	1	0	0	0	0	1	1
122002001213691	122002001	2018-07-09	1	2	1	0	0	2	0	0	0	12.57	1	19.000	Working	0	2	0	2	0	0	0	0	0	0	0	0	2	0
122002001213831	122002001	2018-07-23		1			0	1	0	0	0	12.40	1	19.000	Working	0	2	0	1	0	0	0	1	0	0	0	0	1	1
122002001213971	122002001	2018-08-06		0			0	0	0	0	0	12.25	1	19.000	Working	0	0	0	0	0	0	0	0	0	0	0	0	0	0
122002001214111	122002001	2018-08-20	1	1	1	0	1	0	0	0	0	13.42	1	19.000	Working	0	1	0	1	0	0	0	0	0	0	0	0	1	0
122002001214251	122002001	2018-09-03		1			0	1	0	0	0	12.65	1	19.000	Working	0	1	0	1	0	0	0	0	0	0	0	0	1	0
122002001214391	122002001	2018-09-17		0			0	0	0	0	0	12.07	1	19.000	Working	0	0	0	0	0	0	0	0	0	0	0	0	0	0
122002001214551	122002001	2018-10-03		0			0	0	0	0	0	11.87	1	19.000	Working	0	0	0	0	0	0	0	0	0	0	0	0	0	0
122002001214671	122002001	2018-10-15		4			0	4	0	0	0	11.93	1	19.000	Working	0	4	0	4	0	0	0	0	0	0	0	0	4	0
122002001214811	122002001	2018-10-29		0			0	0	0	0	0	12.02	1	19.000	Working	0	0	0	0	0	0	0	0	0	0	0	0	0	0
122002001214951	122002001	2018-11-12		0			0	0	0	0	0	11.97	1	19.000	Working	0	1	0	1	0	1	0	0	0	0	0	0	0	0
122002001215091	122002001	2018-11-26		0			0	0	0	0	0	12.00	1	19.000	Working	0	0	0	0	0	0	0	0	0	0	0	0	0	0
122002001215231	122002001	2018-12-10	1	1	1	0	0	1	0	0	0	12.12	1	19.000	Working	0	1	0	1	0	0	0	0	0	0	0	0	1	0
122002001215371	122002001	2018-12-24		0			0	0	0	0	0	11.83	1	19.000	Working	0	0	0	0	0	0	0	0	0	0	0	0	0	0
122002001215521	122002001	2019-01-08		0			0	0	0	0	0	12.00	1	19.000	Working	0	0	0	0	0	0	0	0	0	0	0	0	0	0
122002001215651	122002001	2019-01-21		0			0	0	0	0	0	11.90	1	19.000	Working	0	0	0	0	0	0	0	0	0	0	0	0	0	0
122002001215791	122002001	2019-02-04		0			0	0	0	0	0	12.32	1	19.000	Working	0	0	0	0	0	0	0	0	0	0	0	0	0	0
122002001215931	122002001	2019-02-18		0			0	0	0	0	0	11.73	1	19.000	Working	0	0	0	0	0	0	0	0	0	0	0	0	0	0
122002001216071	122002001	2019-03-04		0			0	0	0	0	0	12.55	1	19.000	Working	0	0	0	0	0	0	0	0	0	0	0	0	0	0
122002001216211	122002001	2019-03-18		0			0	0	0	0	0	11.90	1	19.000	Working	0	0	0	0	0	0	0	0	0	0	0	0	0	0
122002001216351	122002001	2019-04-01		0			0	0	0	0	0	13.33	1	19.000	Working	0	0	0	0	0	0	0	0	0	0	0	0	0	0
122002001216491	122002001	2019-04-15		0			0	0	0	0	0	11.88	1	19.000	Working	0	0	0	0	0	0	0	0	0	0	0	0	0	0
122002001216631	122002001	2019-04-29		0			0	0	0	0	0	12.08	1	19.000	Working	0	0	0	0	0	0	0	0	0	0	0	0	0	0
122002001216771	122002001	2019-05-13		0			0	0	0	0	0	12.03	1	19.000	Working	0	0	0	0	0	0	0	0	0	0	0	0	0	0
122002001216911	122002001	2019-05-27		1			0	1	0	0	0	12.27	1	19.000	Working	0	1	0	1	0	0	0	0	0	0	0	0	1	0
122002001217051	122002001	2019-06-10		8			3	5	0	0	0	12.28	1	19.000	Working	0	8	0	8	0	0	0	0	0	0	0	0	8	0
122002001217191	122002001	2019-06-24	1	43	1	0	16	27	0	0	0	12.15	1	19.000	Working	0	48	0	48	0	5	0	0	0	0	0	0	43	0
122002001217331	122002001	2019-07-08	1	15	1	0	8	7	0	0	0	12.02	1	19.000	Working	0	15	0	15	0	0	0	0	0	0	0	0	15	0
122002001217471	122002001	2019-07-22	0	6	1	1	3	3	0	0	0	11.67	1	19.000	Working	0	6	0	6	0	0	0	0	0	0	0	0	6	0
122002001217611	122002001	2019-08-05		9			4	5	0	0	0	13.50	1	19.000	Working	0	9	0	9	0	0	0	0	0	0	0	0	9	0
122002001217751	122002001	2019-08-19		4			2	2	0	0	0	12.58	1	19.000	Working	0	4	0	4	0	0	0	0	0	0	0	0	4	0
122002001217891	122002001	2019-09-02	1	3	1	0	1	2	0	0	0	13.35	1	19.000	Working	0	3	0	3	0	0	0	0	0	0	0	0	3	0
122002001218031	122002001	2019-09-16		0			0	0	0	0	0	12.18	1	19.000	Working	0	0	0	0	0	0	0	0	0	0	0	0	0	0
122002001218171	122002001	2019-09-30		4			2	2	0	0	0	13.53	1	19.000	Working	0	4	0	4	0	0	0	0	0	0	0	0	4	0
122002001218311	122002001	2019-10-14	3	13	3	0	8	5	0	0	0	13.37	1	19.000	Working	0	15	0	14	0	0	0	1	0	1	0	0	13	1
122007301211261	122007301	2017-11-05		2			1	1	0	0	0	13.73	1	19.000	Working	0	2	0	2	0	0	0	0	0	0	0	0	2	0
122007301211262	122007301	2017-11-05		3			1	2	0	0	0	13.73	2	19.000	Working	0	3	0	3	0	0	0	0	0	0	0	0	3	0
122007301211441	122007301	2017-11-23	3	4	3	0	3	1	0	0	0	12.25	1	19.000	Working	0	4	0	4	0	0	0	0	0	0	0	0	4	0
122007301211442	122007301	2017-11-23		0			0	0	0	0	0	12.25	2	19.000	Working	0	0	0	0	0	0	0	0	0	0	0	0	0	0
122007301211581	122007301	2017-12-07		1			1	0	0	2	0	11.93	1	19.000	Working	0	3	0	3	0	0	0	0	0	0	0	0	1	0
122007301211582	122007301	2017-12-07		0			0	0	0	0	0	11.93	2	19.000	Working	0	0	0	0	0	0	0	0	0	0	0	0	0	0
122007301211721	122007301	2017-12-21	1	0	1	0	0	0	0	0	0	11.90	1	19.000	Working	0	0	0	0	0	0	0	0	0	0	0	0	0	0
122007301211722	122007301	2017-12-21		1			0	1	0	0	0	11.90	2	19.000	Working	0	1	0	1	0	0	0	0	0	0	0	0	1	0
122007301211871	122007301	2018-01-05		0			0	0	0	0	0	11.83	1	19.000	Working	0	0	0	0	0	0	0	0	0	0	0	0	0	0
122007301211872	122007301	2018-01-05		0			0	0	0	0	0	11.83	2	19.000	Working	0	0	0	0	0	0	0	0	0	0	0	0	0	0
122007301212011	122007301	2018-01-19	1	0	1	0	0	0	0	0	0	12.40	1	19.000	Working	0	0	0	0	0	0	0	0	0	0	0	0	0	0
122007301212012	122007301	2018-01-19		0			0	0	0	1	0	12.40	2	19.000	Working	0	1	0	1	0	0	0	0	0	0	0	0	0	0
122007301212141	122007301	2018-02-01		0			0	0	0	0	0	11.92	1	19.000	Working	0	0	0	0	0	0	0	0	0	0	0	0	0	0
122007301212142	122007301	2018-02-01		0			0	0	0	0	0	11.92	2	19.000	Working	0	0	0	0	0	0	0	0	0	0	0	0	0	0
122007301212281	122007301	2018-02-15		0			0	0	0	0	0	11.90	1	19.000	Working	0	0	0	0	0	0	0	0	0	0	0	0	0	0
122007301212282	122007301	2018-02-15		0			0	0	0	0	0	11.90	2	19.000	Working	0	0	0	0	0	0	0	0	0	0	0	0	0	0
122007301212421	122007301	2018-03-01		0			0	0	0	0	0	12.07	1	19.000	Working	0	0	0	0	0	0	0	0	0	0	0	0	0	0
122007301212422	122007301	2018-03-01		0			0	0	0	0	0	12.07	2	19.000	Working	0	0	0	0	0	0	0	0	0	0	0	0	0	0
122007301212561	122007301	2018-03-15		0			0	0	0	0	0	12.12	1	19.000	Working	0	0	0	0	0	0	0	0	0	0	0	0	0	0
122007301212562	122007301	2018-03-15										12.12	2	19.000	Working														
122007301212701	122007301	2018-03-29	2	4	2	0	1	3	0	0	0	11.70	1	19.000	Working	0	4	0	4	0	0	0	0	0	0	0	0	4	0
122007301212702	122007301	2018-03-29		0			0	0	0	0	0	11.70	2	19.000	Working	0	0	0	0	0	0	0	0	0	0	0	0	0	0
122007301212841	122007301	2018-04-12		3			2	1	0	0	0	13.73	1	19.000	Working	0	3	0	3	0	0	0	0	0	0	0	0	3	0
122007301212842	122007301	2018-04-12		0			0	0	0	0	0	13.73	2	19.000	Working	0	1	0	1	0	0	0	0	0	1	0	0	0	0
122007301212981	122007301	2018-04-26		5			2	3	0	2	0	12.45	1	19.000	Working	0	7	0	7	0	0	0	0	0	0	0	0	5	0
122007301212982	122007301	2018-04-26		7			1	6	0	1	0	12.45	2	19.000	Working	0	8	0	8	0	0	0	0	0	0	0	0	7	0
122007301213121	122007301	2018-05-10	1	6	1	0	2	4	0	0	0	11.70	1	19.000	Working	0	7	0	7	0	1	0	0	0	0	0	0	6	0
122007301213122	122007301	2018-05-10		6			2	4	0	0	0	11.70	2	19.000	Working	0	10	0	8	0	2	1	2	0	0	1	0	6	0
122007301213261	122007301	2018-05-24		12			3	9	0	5	0	11.75	1	19.000	Working	0	19	0	19	0	2	0	0	0	0	0	0	12	0
122007301213262	122007301	2018-05-24		8			2	6	0	3	0	11.75	2	19.000	Working	0	16	0	16	0	3	0	0	0	2	0	0	8	0
122007301213401	122007301	2018-06-07		9			6	3	0	0	0	11.87	1	19.000	Working	0	9	0	9	0	0	0	0	0	0	0	0	9	0
122007301213402	122007301	2018-06-07		6			2	4	0	0	0	11.87	2	19.000	Working	0	6	0	6	0	0	0	0	0	0	0	0	6	0
122007301213541	122007301	2018-06-21		2			0	2	0	0	0	11.88	1	19.000	Working	0	2	0	2	0	0	0	0	0	0	0	0	2	0
122007301213542	122007301	2018-06-21		2			0	2	0	0	0	11.88	2	19.000	Working	0	2	0	2	0	0	0	0	0	0	0	0	2	0
122007301213681	122007301	2018-07-05	2	0	2	0	0	0	0	0	0	12.42	1	19.000	Working	0	0	0	0	0	0	0	0	0	0	0	0	0	0
122007301213682	122007301	2018-07-05		2			0	2	0	0	0	12.42	2	19.000	Working	0	3	0	3	0	1	0	0	0	0	0	0	2	0
122007301213821	122007301	2018-07-19		0			0	0	0	0	0	12.00	1	19.000	Working	0	0	0	0	0	0	0	0	0	0	0	0	0	0
122007301213822	122007301	2018-07-19		0			0	0	0	0	0	12.00	2	19.000	Working	0	0	0	0	0	0	0	0	0	0	0	0	0	0
122007301213961	122007301	2018-08-02		0			0	0	0	0	0	12.10	1	19.000	Working	0	0	0	0	0	0	0	0	0	0	0	0	0	0
122007301213962	122007301	2018-08-02		0			0	0	0	0	0	12.10	2	19.000	Working	0	0	0	0	0	0	0	0	0	0	0	0	0	0
122007301214101	122007301	2018-08-16		0			0	0	0	0	0	12.50	1	19.000	Working	0	0	0	0	0	0	0	0	0	0	0	0	0	0
122007301214102	122007301	2018-08-16		1			0	1	0	0	0	12.50	2	19.000	Working	0	1	0	1	0	0	0	0	0	0	0	0	1	0
122007301214241	122007301	2018-08-30		0			0	0	0	0	0	12.42	1	19.000	Working	0	0	0	0	0	0	0	0	0	0	0	0	0	0
122007301214242	122007301	2018-08-30		0			0	0	0	0	0	12.42	2	19.000	Working	0	0	0	0	0	0	0	0	0	0	0	0	0	0
122007301214381	122007301	2018-09-13		0			0	0	0	0	0	11.80	1	19.000	Working	0	0	0	0	0	0	0	0	0	0	0	0	0	0
122007301214382	122007301	2018-09-13		0			0	0	0	0	0	11.80	2	19.000	Working	0	0	0	0	0	0	0	0	0	0	0	0	0	0
122007301214541	122007301	2018-09-29		0			0	0	0	0	0	11.67	1	19.000	Working	0	0	0	0	0	0	0	0	0	0	0	0	0	0
122007301214542	122007301	2018-09-29		0			0	0	0	0	0	11.67	2	19.000	Working	0	0	0	0	0	0	0	0	0	0	0	0	0	0
122007301214661	122007301	2018-10-11		0			0	0	0	0	0	11.83	1	19.000	Working	0	0	0	0	0	0	0	0	0	0	0	0	0	0
122007301214662	122007301	2018-10-11		2			1	1	0	0	0	11.83	2	19.000	Working	0	2	0	2	0	0	0	0	0	0	0	0	2	0
122007301214663	122007301	2018-10-11		0			0	0	0	0	0	11.83	3	19.000	Working	0	0	0	0	0	0	0	0	0	0	0	0	0	0
122007301214801	122007301	2018-10-25		0			0	0	0	0	0	12.20	1	19.000	Working	0	0	0	0	0	0	0	0	0	0	0	0	0	0
122007301214802	122007301	2018-10-25		1			0	1	0	0	0	12.20	2	19.000	Working	0	1	0	1	0	0	0	0	0	0	0	0	1	0
122007301214803	122007301	2018-10-25		0			0	0	0	0	0	12.20	3	19.000	Working	0	0	0	0	0	0	0	0	0	0	0	0	0	0
122007301214941	122007301	2018-11-08		0			0	0	0	0	0	11.85	1	19.000	Working	0	0	0	0	0	0	0	0	0	0	0	0	0	0
122007301214942	122007301	2018-11-08		0			0	0	0	0	0	11.85	2	19.000	Working	0	0	0	0	0	0	0	0	0	0	0	0	0	0
122007301214943	122007301	2018-11-08		0			0	0	0	0	0	11.85	3	19.000	Working	0	1	0	1	0	1	0	0	0	0	0	0	0	0
122007301215081	122007301	2018-11-22		0			0	0	0	0	0	11.92	1	19.000	Working	0	0	0	0	0	0	0	0	0	0	0	0	0	0
122007301215082	122007301	2018-11-22		0			0	0	0	0	0	11.92	2	19.000	Working	0	0	0	0	0	0	0	0	0	0	0	0	0	0
122007301215083	122007301	2018-11-22		0			0	0	0	0	0	11.92	3	19.000	Working	0	0	0	0	0	0	0	0	0	0	0	0	0	0
122007301215221	122007301	2018-12-06		0			0	0	0	0	0	11.97	1	19.000	Working	0	0	0	0	0	0	0	0	0	0	0	0	0	0
122007301215222	122007301	2018-12-06		1			0	1	0	0	0	11.97	2	19.000	Working	0	1	0	1	0	0	0	0	0	0	0	0	1	0
122007301215223	122007301	2018-12-06		0			0	0	0	0	0	11.97	3	19.000	Working	0	0	0	0	0	0	0	0	0	0	0	0	0	0
122007301215361	122007301	2018-12-20		0			0	0	0	0	0	11.67	1	19.000	Working	0	0	0	0	0	0	0	0	0	0	0	0	0	0
122007301215362	122007301	2018-12-20		0			0	0	0	0	0	11.67	2	19.000	Working	0	0	0	0	0	0	0	0	0	0	0	0	0	0
122007301215363	122007301	2018-12-20		0			0	0	0	0	0	11.67	3	19.000	Working	0	0	0	0	0	0	0	0	0	0	0	0	0	0
122007301215511	122007301	2019-01-04		0			0	0	0	0	0	11.83	1	19.000	Working	0	0	0	0	0	0	0	0	0	0	0	0	0	0
122007301215512	122007301	2019-01-04		0			0	0	0	0	0	11.83	2	19.000	Working	0	0	0	0	0	0	0	0	0	0	0	0	0	0
122007301215513	122007301	2019-01-04		0			0	0	0	0	0	11.83	3	19.000	Working	0	0	0	0	0	0	0	0	0	0	0	0	0	0
122007301215641	122007301	2019-01-17		0			0	0	0	0	0	12.18	1	19.000	Working	0	0	0	0	0	0	0	0	0	0	0	0	0	0
122007301215642	122007301	2019-01-17		0			0	0	0	0	0	12.18	2	19.000	Working	0	0	0	0	0	0	0	0	0	0	0	0	0	0
122007301215643	122007301	2019-01-17		0			0	0	0	0	0	12.18	3	19.000	Working	0	0	0	0	0	0	0	0	0	0	0	0	0	0
122007301215781	122007301	2019-01-31		0			0	0	0	0	0	12.05	1	19.000	Working	0	0	0	0	0	0	0	0	0	0	0	0	0	0
122007301215782	122007301	2019-01-31		0			0	0	0	0	0	12.05	2	19.000	Working	0	0	0	0	0	0	0	0	0	0	0	0	0	0
122007301215783	122007301	2019-01-31		0			0	0	0	0	0	12.05	3	19.000	Working	0	0	0	0	0	0	0	0	0	0	0	0	0	0
122007301215921	122007301	2019-02-14		0			0	0	0	0	0	11.93	1	19.000	Working	1	0	0	0	0	0	0	0	0	0	0	0	0	0
122007301215922	122007301	2019-02-14		0			0	0	0	0	0	11.93	2	19.000	Working	1	0	0	0	0	0	0	0	0	0	0	0	0	0
122007301215923	122007301	2019-02-14		0			0	0	0	0	0	11.93	3	19.000	Working	0	0	0	0	0	0	0	0	0	0	0	0	0	0
122007301216061	122007301	2019-02-28		0			0	0	0	0	0	12.28	1	19.000	Working	0	0	0	0	0	0	0	0	0	0	0	0	0	0
122007301216062	122007301	2019-02-28		0			0	0	0	0	0	12.28	2	19.000	Working	0	0	0	0	0	0	0	0	0	0	0	0	0	0
122007301216063	122007301	2019-02-28		0			0	0	0	0	0	12.28	3	19.000	Working	0	0	0	0	0	0	0	0	0	0	0	0	0	0
122007301216201	122007301	2019-03-14	1	0	1	0	0	0	0	0	0	11.67	1	19.000	Working	0	0	0	0	0	0	0	0	0	0	0	0	0	0
122007301216202	122007301	2019-03-14		0			0	0	0	0	0	11.67	2	19.000	Working	0	1	0	1	0	0	0	0	0	1	0	0	0	0
122007301216203	122007301	2019-03-14		0			0	0	0	0	0	11.67	3	19.000	Working	0	0	0	0	0	0	0	0	0	0	0	0	0	0
122007301216341	122007301	2019-03-28		0			0	0	0	0	0	11.97	1	19.000	Working	0	0	0	0	0	0	0	0	0	0	0	0	0	0
122007301216342	122007301	2019-03-28		0			0	0	0	0	0	11.97	2	19.000	Working	0	0	0	0	0	0	0	0	0	0	0	0	0	0
122007301216343	122007301	2019-03-28		0			0	0	0	0	0	11.97	3	19.000	Working	0	0	0	0	0	0	0	0	0	0	0	0	0	0
122007301216481	122007301	2019-04-11		0			0	0	0	0	0	11.78	1	19.000	Working	0	0	0	0	0	0	0	0	0	0	0	0	0	0
122007301216482	122007301	2019-04-11		0			0	0	0	0	0	11.78	2	19.000	Working	0	0	0	0	0	0	0	0	0	0	0	0	0	0
122007301216483	122007301	2019-04-11		0			0	0	0	0	0	11.78	3	19.000	Working	0	0	0	0	0	0	0	0	0	0	0	0	0	0
122007301216621	122007301	2019-04-25		0			0	0	0	0	0	11.78	1	19.000	Working	0	0	0	0	0	0	0	0	0	0	0	0	0	0
122007301216622	122007301	2019-04-25		0			0	0	0	0	0	11.78	2	19.000	Working	0	0	0	0	0	0	0	0	0	0	0	0	0	0
122007301216623	122007301	2019-04-25		0			0	0	0	0	0	11.78	3	19.000	Working	0	0	0	0	0	0	0	0	0	0	0	0	0	0
122007301216761	122007301	2019-05-09		0			0	0	0	0	0	11.83	1	19.000	Working	0	0	0	0	0	0	0	0	0	0	0	0	0	0
122007301216762	122007301	2019-05-09		0			0	0	0	0	0	11.83	2	19.000	Working	0	0	0	0	0	0	0	0	0	0	0	0	0	0
122007301216763	122007301	2019-05-09										11.83	3	19.000	Working														
122007301216901	122007301	2019-05-23		0			0	0	0	0	0	12.03	1	19.000	Working	0	0	0	0	0	0	0	0	0	0	0	0	0	0
122007301216902	122007301	2019-05-23		0			0	0	0	0	0	12.03	2	19.000	Working	0	0	0	0	0	0	0	0	0	0	0	0	0	0
122007301216903	122007301	2019-05-23										12.03	3	19.000	Working														
122007301217041	122007301	2019-06-06		3			1	2	0	0	0	11.97	1	19.000	Working	0	3	0	3	0	0	0	0	0	0	0	0	3	0
122007301217042	122007301	2019-06-06		1			0	1	0	0	0	11.97	2	19.000	Working	0	1	0	1	0	0	0	0	0	0	0	0	1	0
122007301217043	122007301	2019-06-06										11.97	3	19.000	Working														
122007301217181	122007301	2019-06-20		0			0	0	0	0	0	11.97	1	19.000	Working	0	0	0	0	0	0	0	0	0	0	0	0	0	0
122007301217182	122007301	2019-06-20		0			0	0	0	0	0	11.97	2	19.000	Working	0	0	0	0	0	0	0	0	0	0	0	0	0	0
122007301217183	122007301	2019-06-20		0			0	0	0	0	0	11.97	3	19.000	Working	0	0	0	0	0	0	0	0	0	0	0	0	0	0
122007301217321	122007301	2019-07-04		1			0	1	0	1	0	11.93	1	19.000	Working	0	2	0	2	0	0	0	0	0	0	0	0	1	0
122007301217322	122007301	2019-07-04		2			1	1	0	0	0	11.93	2	19.000	Working	0	2	0	2	0	0	0	0	0	0	0	0	2	0
122007301217323	122007301	2019-07-04		0			0	0	0	0	0	11.93	3	19.000	Working	0	0	0	0	0	0	0	0	0	0	0	0	0	0
122007301217461	122007301	2019-07-18		1			0	1	0	0	0	11.92	1	19.000	Working	0	1	0	1	0	0	0	0	0	0	0	0	1	0
122007301217462	122007301	2019-07-18		6			4	2	0	0	0	11.92	2	19.000	Working	0	6	0	6	0	0	0	0	0	0	0	0	6	0
122007301217463	122007301	2019-07-18		0			0	0	0	0	0	11.92	3	19.000	Working	0	0	0	0	0	0	0	0	0	0	0	0	0	0
122007301217601	122007301	2019-08-01		2			1	1	0	0	0	12.38	1	19.000	Working	0	2	0	2	0	0	0	0	0	0	0	0	2	0
122007301217602	122007301	2019-08-01		1			1	0	0	0	0	12.38	2	19.000	Working	0	1	0	1	0	0	0	0	0	0	0	0	1	0
122007301217603	122007301	2019-08-01		0			0	0	0	0	0	12.38	3	19.000	Working	0	0	0	0	0	0	0	0	0	0	0	0	0	0
122007301217741	122007301	2019-08-15	1	2	1	0	2	0	0	0	0	12.15	1	19.000	Working	0	2	0	2	0	0	0	0	0	0	0	0	2	0
122007301217742	122007301	2019-08-15		0			0	0	0	0	0	12.15	2	19.000	Working	0	0	0	0	0	0	0	0	0	0	0	0	0	0
122007301217743	122007301	2019-08-15		0			0	0	0	0	0	12.15	3	19.000	Working	0	1	0	1	0	1	0	0	0	0	0	0	0	0
122007301217881	122007301	2019-08-29		0			0	0	0	0	0	12.20	1	19.000	Working	0	0	0	0	0	0	0	0	0	0	0	0	0	0
122007301217882	122007301	2019-08-29		0			0	0	0	0	0	12.20	2	19.000	Working	0	0	0	0	0	0	0	0	0	0	0	0	0	0
122007301217883	122007301	2019-08-29		0			0	0	0	0	0	12.20	3	19.000	Working	0	0	0	0	0	0	0	0	0	0	0	0	0	0
122007301218021	122007301	2019-09-12		0			0	0	0	0	0	12.53	1	19.000	Working	0	0	0	0	0	0	0	0	0	0	0	0	0	0
122007301218022	122007301	2019-09-12		0			0	0	0	0	0	12.53	2	19.000	Working	0	0	0	0	0	0	0	0	0	0	0	0	0	0
122007301218161	122007301	2019-09-26		0			0	0	0	0	0	12.22	1	19.000	Working	0	0	0	0	0	0	0	0	0	0	0	0	0	0
122007301218162	122007301	2019-09-26		0			0	0	0	0	0	12.22	2	19.000	Working	0	0	0	0	0	0	0	0	0	0	0	0	0	0
122007301218301	122007301	2019-10-10		0			0	0	0	0	0	11.92	1	19.000	Working	0	1	0	1	0	0	0	0	0	1	0	0	0	0
122007301218302	122007301	2019-10-10		0			0	0	0	0	0	11.92	2	19.000	Working	0	0	0	0	0	0	0	0	0	0	0	0	0	0
124006801211361	124006801	2017-11-16		4			1	3	0	0	0	12.33	1	19.000	Working	0	4	0	4	0	0	0	0	0	0	0	0	4	0
124006801211501	124006801	2017-11-30		4			0	4	0	0	0	12.27	1	19.000	Working	0	4	0	4	0	0	0	0	0	0	0	0	4	0
124006801211651	124006801	2017-12-15	2	3	2	0	1	2	0	0	0	12.55	1	19.000	Working	0	4	0	3	0	0	0	1	0	0	0	0	3	1
124006801211801	124006801	2017-12-30		1			1	0	0	0	0	11.97	1	19.000	Working	0	1	0	1	0	0	0	0	0	0	0	0	1	0
124006801211931	124006801	2018-01-12		0			0	0	0	0	0	11.82	1	19.000	Working	0	0	0	0	0	0	0	0	0	0	0	0	0	0
124006801212071	124006801	2018-01-26		0			0	0	0	0	0	12.63	1	19.000	Working	0	0	0	0	0	0	0	0	0	0	0	0	0	0
124006801212211	124006801	2018-02-09		0			0	0	0	0	0	12.03	1	19.000	Working	0	0	0	0	0	0	0	0	0	0	0	0	0	0
124006801212351	124006801	2018-02-23		0			0	0	0	0	0	11.92	1	19.000	Working	0	0	0	0	0	0	0	0	0	0	0	0	0	0
124006801212491	124006801	2018-03-09	1	1	1	0	0	1	0	0	0	11.97	1	19.000	Working	0	1	0	1	0	0	0	0	0	0	0	0	1	0
124006801212631	124006801	2018-03-23		0			0	0	0	0	0	11.83	1	19.000	Working	0	0	0	0	0	0	0	0	0	0	0	0	0	0
124006801212771	124006801	2018-04-06		1			0	1	0	0	0	12.43	1	19.000	Working	0	1	0	1	0	0	0	0	0	0	0	0	1	0
124006801212911	124006801	2018-04-20	3	11	3	0	4	7	0	0	0	14.08	1	19.000	Working	0	11	0	11	0	0	0	0	0	0	0	0	11	0
124006801213051	124006801	2018-05-04		3			2	1	0	0	0	12.08	1	19.000	Working	0	5	1	4	1	0	0	0	0	1	0	0	3	0
124006801213191	124006801	2018-05-18		8			4	4	0	0	0	12.08	1	19.000	Working	0	8	0	8	0	0	0	0	0	0	0	0	8	0
124006801213331	124006801	2018-06-01		9			4	5	0	0	0	12.02	1	19.000	Working	0	12	0	12	0	2	0	0	0	1	0	0	9	0
124006801213471	124006801	2018-06-15		0			0	0	0	0	0	12.22	1	19.000	Working	0	0	0	0	0	0	0	0	0	0	0	0	0	0
124006801213611	124006801	2018-06-29		1			0	1	0	0	0	11.85	1	19.000	Working	0	2	0	2	0	1	0	0	0	0	0	0	1	0
124006801213612	124006801	2018-06-29		0			0	0	0	0	0	11.85	2	19.000	Working	0	0	0	0	0	0	0	0	0	0	0	0	0	0
124006801213751	124006801	2018-07-13		0			0	0	0	0	0	11.87	1	19.000	Working	0	0	0	0	0	0	0	0	0	0	0	0	0	0
124006801213752	124006801	2018-07-13		0			0	0	0	0	0	11.87	2	19.000	Working	0	0	0	0	0	0	0	0	0	0	0	0	0	0
124006801213891	124006801	2018-07-27		0			0	0	0	0	0	11.83	1	19.000	Working	0	0	0	0	0	0	0	0	0	0	0	0	0	0
124006801213892	124006801	2018-07-27		0			0	0	0	0	0	11.83	2	19.000	Working	0	0	0	0	0	0	0	0	0	0	0	0	0	0
124006801214031	124006801	2018-08-10		0			0	0	0	0	0	12.25	1	19.000	Working	0	0	0	0	0	0	0	0	0	0	0	0	0	0
124006801214032	124006801	2018-08-10		0			0	0	0	0	0	12.25	2	19.000	Working	0	0	0	0	0	0	0	0	0	0	0	0	0	0
124006801214171	124006801	2018-08-24		0			0	0	0	0	0	11.80	1	19.000	Working	0	0	0	0	0	0	0	0	0	0	0	0	0	0
124006801214172	124006801	2018-08-24		0			0	0	0	0	0	11.80	2	19.000	Working	0	0	0	0	0	0	0	0	0	0	0	0	0	0
124006801214311	124006801	2018-09-07		0			0	0	0	0	0	11.75	1	19.000	Working	0	1	0	1	0	0	0	0	0	1	0	0	0	0
124006801214312	124006801	2018-09-07		0			0	0	0	0	0	11.75	2	19.000	Working	0	0	0	0	0	0	0	0	0	0	0	0	0	0
124006801214451	124006801	2018-09-21		0			0	0	0	0	0	12.20	1	19.000	Working	0	0	0	0	0	0	0	0	0	0	0	0	0	0
124006801214452	124006801	2018-09-21		1			0	1	0	0	0	12.20	2	19.000	Working	0	1	0	1	0	0	0	0	0	0	0	0	1	0
124006801214591	124006801	2018-10-05		0			0	0	0	0	0	11.75	1	19.000	Working	0	0	0	0	0	0	0	0	0	0	0	0	0	0
124006801214592	124006801	2018-10-05		0			0	0	0	0	0	11.75	2	19.000	Working	0	0	0	0	0	0	0	0	0	0	0	0	0	0
124006801214731	124006801	2018-10-19		0			0	0	0	1	0	10.95	1	19.000	Working	0	1	0	1	0	0	0	0	0	0	0	0	0	0
124006801214732	124006801	2018-10-19		1			0	1	0	1	0	10.95	2	19.000	Working	0	2	0	2	0	0	0	0	0	0	0	0	1	0
124006801214871	124006801	2018-11-02	1	8	1	0	3	5	0	0	0	12.55	1	19.000	Working	0	14	0	14	0	6	0	0	0	0	0	0	8	0
124006801214872	124006801	2018-11-02		0			0	0	0	0	0	12.55	2	19.000	Working	0	0	0	0	0	0	0	0	0	0	0	0	0	0
124006801215011	124006801	2018-11-16		3			1	2	0	1	0	12.12	1	19.000	Working	0	5	0	5	0	0	0	0	0	1	0	0	3	0
124006801215012	124006801	2018-11-16		0			0	0	0	0	0	12.12	2	19.000	Working	0	0	0	0	0	0	0	0	0	0	0	0	0	0
124006801215151	124006801	2018-11-30		0			0	0	0	0	0	12.47	1	19.000	Working	0	0	0	0	0	0	0	0	0	0	0	0	0	0
124006801215152	124006801	2018-11-30		1			0	1	0	0	0	12.47	2	19.000	Working	0	1	0	1	0	0	0	0	0	0	0	0	1	0
124006801215291	124006801	2018-12-14		0			0	0	0	0	0	12.17	1	19.000	Working	0	0	0	0	0	0	0	0	0	0	0	0	0	0
124006801215292	124006801	2018-12-14		0			0	0	0	0	0	12.17	2	19.000	Working	0	0	0	0	0	0	0	0	0	0	0	0	0	0
124006801215451	124006801	2018-12-30	2	0	2	0	0	0	0	0	0	12.55	1	19.000	Working	0	0	0	0	0	0	0	0	0	0	0	0	0	0
124006801215452	124006801	2018-12-30		1			1	0	0	0	0	12.55	2	19.000	Working	0	2	0	2	0	1	0	0	0	0	0	0	1	0
124006801215571	124006801	2019-01-11		0			0	0	0	0	0	11.92	1	19.000	Working	0	0	0	0	0	0	0	0	0	0	0	0	0	0
124006801215572	124006801	2019-01-11		0			0	0	0	0	0	11.92	2	19.000	Working	0	0	0	0	0	0	0	0	0	0	0	0	0	0
124006801215573	124006801	2019-01-11		0			0	0	0	0	0	11.92	3	19.000	Working	0	0	0	0	0	0	0	0	0	0	0	0	0	0
124006801215711	124006801	2019-01-25	1	0	1	0	0	0	0	1	0	11.93	1	19.000	Working	0	1	0	1	0	0	0	0	0	0	0	0	0	0
124006801215712	124006801	2019-01-25		0			0	0	0	0	0	11.93	2	19.000	Working	0	0	0	0	0	0	0	0	0	0	0	0	0	0
124006801215713	124006801	2019-01-25		0			0	0	0	0	0	11.93	3	19.000	Working	0	0	0	0	0	0	0	0	0	0	0	0	0	0
124006801215851	124006801	2019-02-08	2	1	2	0	0	1	0	0	0	12.05	1	19.000	Working	0	1	0	1	0	0	0	0	0	0	0	0	1	0
124006801215852	124006801	2019-02-08		0			0	0	0	0	0	12.05	2	19.000	Working	0	0	0	0	0	0	0	0	0	0	0	0	0	0
124006801215853	124006801	2019-02-08		0			0	0	0	0	0	12.05	3	19.000	Working	0	1	0	1	0	1	0	0	0	0	0	0	0	0
124006801215991	124006801	2019-02-22		0			0	0	0	0	0	12.57	1	19.000	Working	0	0	0	0	0	0	0	0	0	0	0	0	0	0
124006801215992	124006801	2019-02-22		0			0	0	0	0	0	12.57	2	19.000	Working	0	0	0	0	0	0	0	0	0	0	0	0	0	0
124006801215993	124006801	2019-02-22		0			0	0	0	0	0	12.57	3	19.000	Working	0	0	0	0	0	0	0	0	0	0	0	0	0	0
124006801216131	124006801	2019-03-08	3	0	3	0	0	0	0	0	0	12.60	1	19.000	Working	0	1	0	1	0	1	0	0	0	0	0	0	0	0
124006801216132	124006801	2019-03-08		0			0	0	0	0	0	12.60	2	19.000	Working	0	0	0	0	0	0	0	0	0	0	0	0	0	0
124006801216133	124006801	2019-03-08		2			0	2	0	0	0	12.60	3	19.000	Working	0	2	0	2	0	0	0	0	0	0	0	0	2	0
124006801216271	124006801	2019-03-22		0			0	0	0	0	0	11.83	1	19.000	Working	0	0	0	0	0	0	0	0	0	0	0	0	0	0
124006801216272	124006801	2019-03-22		0			0	0	0	0	0	11.83	2	19.000	Working	0	0	0	0	0	0	0	0	0	0	0	0	0	0
124006801216273	124006801	2019-03-22		0			0	0	0	0	0	11.83	3	19.000	Working	0	0	0	0	0	0	0	0	0	0	0	0	0	0
124006801216411	124006801	2019-04-05		0			0	0	0	0	0	11.85	1	19.000	Working	0	0	0	0	0	0	0	0	0	0	0	0	0	0
124006801216412	124006801	2019-04-05		0			0	0	0	0	0	11.85	2	19.000	Working	0	0	0	0	0	0	0	0	0	0	0	0	0	0
124006801216413	124006801	2019-04-05		0			0	0	0	0	0	11.85	3	19.000	Working	0	0	0	0	0	0	0	0	0	0	0	0	0	0
124006801216551	124006801	2019-04-19		0			0	0	0	0	0	11.85	1	19.000	Working	0	0	0	0	0	0	0	0	0	0	0	0	0	0
124006801216552	124006801	2019-04-19		0			0	0	0	0	0	11.85	2	19.000	Working	0	0	0	0	0	0	0	0	0	0	0	0	0	0
124006801216553	124006801	2019-04-19		0			0	0	0	0	0	11.85	3	19.000	Working	0	0	0	0	0	0	0	0	0	0	0	0	0	0
124006801216691	124006801	2019-05-03		0			0	0	0	0	0	11.85	1	19.000	Working	0	0	0	0	0	0	0	0	0	0	0	0	0	0
124006801216692	124006801	2019-05-03		0			0	0	0	0	0	11.85	2	19.000	Working	0	0	0	0	0	0	0	0	0	0	0	0	0	0
124006801216693	124006801	2019-05-03		0			0	0	0	0	0	11.85	3	19.000	Working	0	0	0	0	0	0	0	0	0	0	0	0	0	0
124006801216831	124006801	2019-05-17	1	0	1	0	0	0	0	0	0	11.82	1	19.000	Working	0	0	0	0	0	0	0	0	0	0	0	0	0	0
124006801216832	124006801	2019-05-17		0			0	0	0	0	0	11.82	2	19.000	Working	0	1	0	1	0	0	0	0	0	1	0	0	0	0
124006801216833	124006801	2019-05-17										11.82	3	19.000	Working														
124006801216971	124006801	2019-05-31		2			0	2	0	2	0	12.42	1	19.000	Working	0	4	0	4	0	0	0	0	0	0	0	0	2	0
124006801216972	124006801	2019-05-31		0			0	0	0	0	0	12.42	2	19.000	Working	0	0	0	0	0	0	0	0	0	0	0	0	0	0
124006801216973	124006801	2019-05-31		0			0	0	0	0	0	12.42	3	19.000	Working	0	0	0	0	0	0	0	0	0	0	0	0	0	0
124006801217111	124006801	2019-06-14		10			4	6	0	0	0	12.60	1	19.000	Working	0	10	0	10	0	0	0	0	0	0	0	0	10	0
124006801217112	124006801	2019-06-14		3			0	3	0	0	0	12.60	2	19.000	Working	0	3	0	3	0	0	0	0	0	0	0	0	3	0
124006801217113	124006801	2019-06-14		0			0	0	0	0	0	12.60	3	19.000	Working	0	0	0	0	0	0	0	0	0	0	0	0	0	0
124006801217251	124006801	2019-06-28	1	1	1	0	0	1	0	0	0	12.38	1	19.000	Working	0	1	0	1	0	0	0	0	0	0	0	0	1	0
124006801217252	124006801	2019-06-28		2			1	1	0	0	0	12.38	2	19.000	Working	0	2	0	2	0	0	0	0	0	0	0	0	2	0
124006801217253	124006801	2019-06-28		4			1	3	0	1	0	12.38	3	19.000	Working	0	9	0	9	0	1	0	0	0	3	0	0	4	0
124006801217391	124006801	2019-07-12		7			4	3	0	0	0	12.47	1	19.000	Working	0	7	0	7	0	0	0	0	0	0	0	0	7	0
124006801217392	124006801	2019-07-12		4			1	3	0	0	0	12.47	2	19.000	Working	0	4	0	4	0	0	0	0	0	0	0	0	4	0
124006801217393	124006801	2019-07-12		0			0	0	0	0	0	12.47	3	19.000	Working	0	0	0	0	0	0	0	0	0	0	0	0	0	0
124006801217531	124006801	2019-07-26	1	3	1	0	2	1	0	0	0	12.23	1	19.000	Working	0	4	0	4	0	1	0	0	0	0	0	0	3	0
124006801217532	124006801	2019-07-26		0			0	0	0	0	0	12.23	2	19.000	Working	0	0	0	0	0	0	0	0	0	0	0	0	0	0
124006801217533	124006801	2019-07-26		10			6	4	0	0	0	12.23	3	19.000	Working	0	11	0	11	0	1	0	0	0	0	0	0	10	0
124006801217671	124006801	2019-08-09		1			0	1	0	0	0	12.02	1	19.000	Working	0	2	0	2	0	1	0	0	0	0	0	0	1	0
124006801217672	124006801	2019-08-09		3			2	1	0	0	0	12.02	2	19.000	Working	0	3	0	3	0	0	0	0	0	0	0	0	3	0
124006801217673	124006801	2019-08-09		0			0	0	0	0	0	12.02	3	19.000	Working	0	0	0	0	0	0	0	0	0	0	0	0	0	0
124006801217811	124006801	2019-08-23		0			0	0	0	0	0	12.25	1	19.000	Working	0	0	0	0	0	0	0	0	0	0	0	0	0	0
124006801217812	124006801	2019-08-23		0			0	0	0	0	0	12.25	2	19.000	Working	0	0	0	0	0	0	0	0	0	0	0	0	0	0
124006801217813	124006801	2019-08-23		0			0	0	0	0	0	12.25	3	19.000	Working	0	0	0	0	0	0	0	0	0	0	0	0	0	0
124006801217951	124006801	2019-09-06	1	0	1	0	0	0	0	0	0	12.32	1	19.000	Working	0	0	0	0	0	0	0	0	0	0	0	0	0	0
124006801217952	124006801	2019-09-06		0			0	0	0	0	0	12.32	2	19.000	Working	0	0	0	0	0	0	0	0	0	0	0	0	0	0
124006801217953	124006801	2019-09-06		0			0	0	0	0	0	12.32	3	19.000	Working	0	1	0	1	0	1	0	0	0	0	0	0	0	0
124006801218091	124006801	2019-09-20		0			0	0	0	0	0	12.57	1	19.000	Working	0	0	0	0	0	0	0	0	0	0	0	0	0	0
124006801218092	124006801	2019-09-20		0			0	0	0	0	0	12.57	2	19.000	Working	0	0	0	0	0	0	0	0	0	0	0	0	0	0
124006801218093	124006801	2019-09-20		0			0	0	0	0	0	12.57	3	19.000	Working	0	0	0	0	0	0	0	0	0	0	0	0	0	0
124006801218231	124006801	2019-10-04		0			0	0	0	0	0	12.00	1	19.000	Working	0	0	0	0	0	0	0	0	0	0	0	0	0	0
124006801218232	124006801	2019-10-04		0			0	0	0	0	0	12.00	2	19.000	Working	0	0	0	0	0	0	0	0	0	0	0	0	0	0
124006801218233	124006801	2019-10-04		0			0	0	0	0	0	12.00	3	19.000	Working	0	0	0	0	0	0	0	0	0	0	0	0	0	0
124006801218371	124006801	2019-10-18	1	3	1	0	1	2	0	0	0	14.10	1	19.000	Working	0	3	0	3	0	0	0	0	0	0	0	0	3	0
124006801218372	124006801	2019-10-18		0			0	0	0	0	0	14.10	2	19.000	Working	0	0	0	0	0	0	0	0	0	0	0	0	0	0
124006801218373	124006801	2019-10-18		1			0	1	0	0	0	14.10	3	19.000	Working	0	1	0	1	0	0	0	0	0	0	0	0	1	0
124007001211361	124007001	2017-11-07		0			0	0	0	1	0	13.63	1	19.000	Working	0	1	0	1	0	0	0	0	0	0	0	0	0	0
124007001211362	124007001	2017-11-07		2			1	1	0	1	0	13.63	2	19.000	Working	0	3	0	3	0	0	0	0	0	0	0	0	2	0
124007001211501	124007001	2017-11-21		0			0	0	0	0	0	11.98	1	19.000	Working	0	0	0	0	0	0	0	0	0	0	0	0	0	0
124007001211502	124007001	2017-11-21		0			0	0	0	0	0	11.98	2	19.000	Working	0	2	0	2	0	1	0	0	0	1	0	0	0	0
124007001211651	124007001	2017-12-06	1	3	1	0	0	3	0	0	0	13.38	1	19.000	Working	0	3	0	3	0	0	0	0	0	0	0	0	3	0
124007001211652	124007001	2017-12-06		0			0	0	0	0	0	13.38	2	19.000	Working	0	0	0	0	0	0	0	0	0	0	0	0	0	0
124007001211801	124007001	2017-12-21		0			0	0	0	0	0	11.70	1	19.000	Working	0	1	1	0	1	0	0	0	0	0	0	0	0	0
124007001211802	124007001	2017-12-21		0			0	0	0	0	0	11.70	2	19.000	Working	0	0	0	0	0	0	0	0	0	0	0	0	0	0
124007001211931	124007001	2018-01-03		0			0	0	0	0	0	11.70	1	19.000	Working	0	0	0	0	0	0	0	0	0	0	0	0	0	0
124007001211932	124007001	2018-01-03		0			0	0	0	0	0	11.70	2	19.000	Working	0	0	0	0	0	0	0	0	0	0	0	0	0	0
124007001212071	124007001	2018-01-17		0			0	0	0	0	0	13.40	1	19.000	Working	0	0	0	0	0	0	0	0	0	0	0	0	0	0
124007001212072	124007001	2018-01-17		0			0	0	0	0	0	13.40	2	19.000	Working	0	0	0	0	0	0	0	0	0	0	0	0	0	0
124007001212211	124007001	2018-01-31		0			0	0	0	0	0	12.08	1	19.000	Working	0	0	0	0	0	0	0	0	0	0	0	0	0	0
124007001212212	124007001	2018-01-31		0			0	0	0	0	0	12.08	2	19.000	Working	0	0	0	0	0	0	0	0	0	0	0	0	0	0
124007001212351	124007001	2018-02-14	1	0	1	0	0	0	0	0	0	11.97	1	19.000	Working	0	0	0	0	0	0	0	0	0	0	0	0	0	0
124007001212352	124007001	2018-02-14		1			1	0	0	0	0	11.97	2	19.000	Working	0	1	0	1	0	0	0	0	0	0	0	0	1	0
124007001212491	124007001	2018-02-28		0			0	0	0	0	0	11.92	1	19.000	Working	0	0	0	0	0	0	0	0	0	0	0	0	0	0
124007001212492	124007001	2018-02-28		0			0	0	0	0	0	11.92	2	19.000	Working	0	0	0	0	0	0	0	0	0	0	0	0	0	0
124007001212631	124007001	2018-03-14	1	1	1	0	0	1	0	0	0	11.67	1	19.000	Working	0	1	0	1	0	0	0	0	0	0	0	0	1	0
124007001212632	124007001	2018-03-14		0			0	0	0	0	0	11.67	2	19.000	Working	0	0	0	0	0	0	0	0	0	0	0	0	0	0
124007001212771	124007001	2018-03-28	1	0	1	0	0	0	0	0	0	12.50	1	19.000	Working	0	0	0	0	0	0	0	0	0	0	0	0	0	0
124007001212772	124007001	2018-03-28		1			1	0	0	0	0	12.50	2	19.000	Working	0	1	0	1	0	0	0	0	0	0	0	0	1	0
124007001212911	124007001	2018-04-11		0			0	0	0	0	0	13.87	1	19.000	Working	0	0	0	0	0	0	0	0	0	0	0	0	0	0
124007001212912	124007001	2018-04-11		2			0	2	0	1	0	13.87	2	19.000	Working	0	3	0	3	0	0	0	0	0	0	0	0	2	0
124007001213051	124007001	2018-04-25		1			1	0	0	0	0	11.80	1	19.000	Working	0	1	0	1	0	0	0	0	0	0	0	0	1	0
124007001213052	124007001	2018-04-25		0			0	0	0	0	0	11.80	2	19.000	Working	0	0	0	0	0	0	0	0	0	0	0	0	0	0
124007001213191	124007001	2018-05-09		0			0	0	0	0	0	11.67	1	19.000	Working	0	0	0	0	0	0	0	0	0	0	0	0	0	0
124007001213192	124007001	2018-05-09		3			0	3	0	1	0	11.67	2	19.000	Working	0	4	1	3	0	0	0	0	0	0	0	1	2	0
124007001213331	124007001	2018-05-23	1	0	1	0	0	0	0	1	0	10.92	1	19.000	Working	0	2	1	1	1	0	0	0	0	0	0	0	0	0
124007001213332	124007001	2018-05-23		4			1	3	0	3	0	10.92	2	19.000	Working	0	4	0	4	0	1	0	0	0	0	0	0	0	0
124007001213471	124007001	2018-06-06		0			0	0	0	0	0	11.97	1	19.000	Working	0	0	0	0	0	0	0	0	0	0	0	0	0	0
124007001213472	124007001	2018-06-06		5			1	4	0	0	0	11.97	2	19.000	Working	0	10	0	10	0	0	0	0	0	5	0	0	5	0
124007001213611	124007001	2018-06-20		5			1	4	0	0	0	11.67	1	19.000	Working	0	6	0	6	0	1	0	0	0	0	0	0	5	0
124007001213612	124007001	2018-06-20		0			0	0	0	0	0	11.67	2	19.000	Working	0	0	0	0	0	0	0	0	0	0	0	0	0	0
124007001213751	124007001	2018-07-04		0			0	0	0	0	0	11.73	1	19.000	Working	0	0	0	0	0	0	0	0	0	0	0	0	0	0
124007001213752	124007001	2018-07-04		0			0	0	0	0	0	11.73	2	19.000	Working	0	0	0	0	0	0	0	0	0	0	0	0	0	0
124007001213891	124007001	2018-07-18		0			0	0	0	0	0	11.73	1	19.000	Working	0	0	0	0	0	0	0	0	0	0	0	0	0	0
124007001213892	124007001	2018-07-18		0			0	0	0	0	0	11.73	2	19.000	Working	0	0	0	0	0	0	0	0	0	0	0	0	0	0
124007001214031	124007001	2018-08-01		0			0	0	0	0	0	12.17	1	19.000	Working	0	0	0	0	0	0	0	0	0	0	0	0	0	0
124007001214032	124007001	2018-08-01		0			0	0	0	0	0	12.17	2	19.000	Working	0	0	0	0	0	0	0	0	0	0	0	0	0	0
124007001214171	124007001	2018-08-15		0			0	0	0	0	0	11.70	1	19.000	Working	0	0	0	0	0	0	0	0	0	0	0	0	0	0
124007001214172	124007001	2018-08-15		1			0	1	0	0	0	11.70	2	19.000	Working	0	2	0	1	0	0	0	1	0	0	0	0	1	1
124007001214311	124007001	2018-08-29		0			0	0	0	0	0	11.67	1	19.000	Working	0	0	0	0	0	0	0	0	0	0	0	0	0	0
124007001214312	124007001	2018-08-29		0			0	0	0	0	0	11.67	2	19.000	Working	0	0	0	0	0	0	0	0	0	0	0	0	0	0
124007001214451	124007001	2018-09-12		0			0	0	0	0	0	12.07	1	19.000	Working	0	0	0	0	0	0	0	0	0	0	0	0	0	0
124007001214452	124007001	2018-09-12		0			0	0	0	0	0	12.07	2	19.000	Working	0	0	0	0	0	0	0	0	0	0	0	0	0	0
124007001214591	124007001	2018-09-26		1			0	1	0	0	0	11.83	1	19.000	Working	0	1	0	1	0	0	0	0	0	0	0	0	1	0
124007001214592	124007001	2018-09-26		0			0	0	0	0	0	11.83	2	19.000	Working	0	0	0	0	0	0	0	0	0	0	0	0	0	0
124007001214731	124007001	2018-10-10	1	0	1	0	0	0	0	0	0	10.83	1	19.000	Working	0	0	0	0	0	0	0	0	0	0	0	0	0	0
124007001214732	124007001	2018-10-10		2			0	2	0	1	0	10.83	2	19.000	Working	0	3	0	3	0	0	0	0	0	0	0	0	2	0
124007001214871	124007001	2018-10-24		0			0	0	0	0	0	13.33	1	19.000	Working	0	0	0	0	0	0	0	0	0	0	0	0	0	0
124007001214872	124007001	2018-10-24		0			0	0	0	0	0	13.33	2	19.000	Working	0	0	0	0	0	0	0	0	0	0	0	0	0	0
124007001215011	124007001	2018-11-07		0			0	0	0	0	0	12.02	1	19.000	Working	0	0	0	0	0	0	0	0	0	0	0	0	0	0
124007001215012	124007001	2018-11-07		2			0	2	0	0	0	12.02	2	19.000	Working	0	2	0	2	0	0	0	0	0	0	0	0	2	0
124007001215151	124007001	2018-11-21	1	0	1	0	0	0	0	0	0	11.72	1	19.000	Working	0	1	0	1	0	1	0	0	0	0	0	0	0	0
124007001215152	124007001	2018-11-21		0			0	0	0	0	0	11.72	2	19.000	Working	0	0	0	0	0	0	0	0	0	0	0	0	0	0
124007001215291	124007001	2018-12-05		0			0	0	0	0	0	12.27	1	19.000	Working	0	0	0	0	0	0	0	0	0	0	0	0	0	0
124007001215292	124007001	2018-12-05		0			0	0	0	0	0	12.27	2	19.000	Working	0	0	0	0	0	0	0	0	0	0	0	0	0	0
124007001215451	124007001	2018-12-21		0			0	0	0	0	0	12.47	1	19.000	Working	0	0	0	0	0	0	0	0	0	0	0	0	0	0
124007001215452	124007001	2018-12-21		0			0	0	0	0	0	12.47	2	19.000	Working	0	0	0	0	0	0	0	0	0	0	0	0	0	0
124007001215571	124007001	2019-01-02		0			0	0	0	0	0	11.83	1	19.000	Working	0	0	0	0	0	0	0	0	0	0	0	0	0	0
124007001215572	124007001	2019-01-02		0			0	0	0	0	0	11.83	2	19.000	Working	0	0	0	0	0	0	0	0	0	0	0	0	0	0
124007001215711	124007001	2019-01-16		0			0	0	0	0	0	11.67	1	19.000	Working	0	0	0	0	0	0	0	0	0	0	0	0	0	0
124007001215712	124007001	2019-01-16		0			0	0	0	0	0	11.67	2	19.000	Working	0	0	0	0	0	0	0	0	0	0	0	0	0	0
124007001215851	124007001	2019-01-30		0			0	0	0	0	0	12.15	1	19.000	Working	0	0	0	0	0	0	0	0	0	0	0	0	0	0
124007001215852	124007001	2019-01-30		0			0	0	0	0	0	12.15	2	19.000	Working	0	0	0	0	0	0	0	0	0	0	0	0	0	0
124007001215991	124007001	2019-02-13		0			0	0	0	0	0	12.47	1	19.000	Working	0	0	0	0	0	0	0	0	0	0	0	0	0	0
124007001215992	124007001	2019-02-13		0			0	0	0	0	0	12.47	2	19.000	Working	0	0	0	0	0	0	0	0	0	0	0	0	0	0
124007001216131	124007001	2019-02-27		0			0	0	0	0	0	13.33	1	19.000	Working	0	0	0	0	0	0	0	0	0	0	0	0	0	0
124007001216132	124007001	2019-02-27		0			0	0	0	0	0	13.33	2	19.000	Working	0	0	0	0	0	0	0	0	0	0	0	0	0	0
124007001216271	124007001	2019-03-13		0			0	0	0	0	0	12.03	1	19.000	Working	0	0	0	0	0	0	0	0	0	0	0	0	0	0
124007001216272	124007001	2019-03-13		0			0	0	0	0	0	12.03	2	19.000	Working	0	0	0	0	0	0	0	0	0	0	0	0	0	0
124007001216411	124007001	2019-03-27		0			0	0	0	0	0	12.05	1	19.000	Working	0	0	0	0	0	0	0	0	0	0	0	0	0	0
124007001216412	124007001	2019-03-27		0			0	0	0	0	0	12.05	2	19.000	Working	0	0	0	0	0	0	0	0	0	0	0	0	0	0
124007001216551	124007001	2019-04-10	2	0	2	0	0	0	0	0	0	12.00	1	19.000	Working	0	0	0	0	0	0	0	0	0	0	0	0	0	0
124007001216552	124007001	2019-04-10		0			0	0	0	0	0	12.00	2	19.000	Working	0	2	0	2	0	2	0	0	0	0	0	0	0	0
124007001216691	124007001	2019-04-24		0			0	0	0	0	0	12.02	1	19.000	Working	0	0	0	0	0	0	0	0	0	0	0	0	0	0
124007001216692	124007001	2019-04-24		0			0	0	0	0	0	12.02	2	19.000	Working	0	0	0	0	0	0	0	0	0	0	0	0	0	0
124007001216831	124007001	2019-05-08		0			0	0	0	0	0	11.70	1	19.000	Working	0	0	0	0	0	0	0	0	0	0	0	0	0	0
124007001216832	124007001	2019-05-08		0			0	0	0	0	0	11.70	2	19.000	Working	0	0	0	0	0	0	0	0	0	0	0	0	0	0
124007001216971	124007001	2019-05-22		0			0	0	0	0	0	12.50	1	19.000	Working	0	0	0	0	0	0	0	0	0	0	0	0	0	0
124007001216972	124007001	2019-05-22		1			0	1	0	0	0	12.50	2	19.000	Working	0	1	0	1	0	0	0	0	0	0	0	0	1	0
124007001217111	124007001	2019-06-05		1			0	1	0	0	0	12.40	1	19.000	Working	0	1	0	1	0	0	0	0	0	0	0	0	1	0
124007001217112	124007001	2019-06-05		4			3	1	0	0	0	12.40	2	19.000	Working	0	4	0	4	0	0	0	0	0	0	0	0	4	0
124007001217251	124007001	2019-06-19	1	2	1	0	1	1	0	1	0	12.27	1	19.000	Working	0	3	0	3	0	0	0	0	0	0	0	0	2	0
124007001217252	124007001	2019-06-19		6			4	2	0	2	0	12.27	2	19.000	Working	0	11	0	11	0	1	0	0	0	2	0	0	6	0
124007001217391	124007001	2019-07-03		1			0	1	0	0	0	12.30	1	19.000	Working	0	1	0	1	0	0	0	0	0	0	0	0	1	0
124007001217392	124007001	2019-07-03		3			0	3	0	0	0	12.30	2	19.000	Working	0	3	0	3	0	0	0	0	0	0	0	0	3	0
124007001217531	124007001	2019-07-17		3			1	2	0	0	0	12.02	1	19.000	Working	0	3	0	3	0	0	0	0	0	0	0	0	3	0
124007001217532	124007001	2019-07-17		2			2	0	0	0	0	12.02	2	19.000	Working	0	3	0	3	0	1	0	0	0	0	0	0	2	0
124007001217671	124007001	2019-07-31		1			0	1	0	0	0	11.87	1	19.000	Working	0	1	0	1	0	0	0	0	0	0	0	0	1	0
124007001217672	124007001	2019-07-31		1			0	1	0	0	0	11.87	2	19.000	Working	0	1	0	1	0	0	0	0	0	0	0	0	1	0
124007001217811	124007001	2019-08-14		0			0	0	0	0	0	12.13	1	19.000	Working	0	0	0	0	0	0	0	0	0	0	0	0	0	0
124007001217812	124007001	2019-08-14		0			0	0	0	0	0	12.13	2	19.000	Working	0	0	0	0	0	0	0	0	0	0	0	0	0	0
124007001217951	124007001	2019-08-28		0			0	0	0	0	0	12.60	1	19.000	Working	0	0	0	0	0	0	0	0	0	0	0	0	0	0
124007001217952	124007001	2019-08-28		0			0	0	0	0	0	12.60	2	19.000	Working	0	0	0	0	0	0	0	0	0	0	0	0	0	0
124007001218091	124007001	2019-09-11	4	1	4	0	0	1	0	0	0	12.42	1	19.000	Working	0	1	0	1	0	0	0	0	0	0	0	0	1	0
124007001218092	124007001	2019-09-11		2			0	2	0	0	0	12.42	2	19.000	Working	0	3	0	3	0	1	0	0	0	0	0	0	2	0
124007001218231	124007001	2019-09-25		0			0	0	0	0	0	11.88	1	19.000	Working	0	0	0	0	0	0	0	0	0	0	0	0	0	0
124007001218232	124007001	2019-09-25		0			0	0	0	0	0	11.88	2	19.000	Working	0	0	0	0	0	0	0	0	0	0	0	0	0	0
124007001218371	124007001	2019-10-09		0			0	0	0	0	0	13.97	1	19.000	Working	0	0	0	0	0	0	0	0	0	0	0	0	0	0
124007001218372	124007001	2019-10-09		0			0	0	0	0	0	13.97	2	19.000	Working	0	0	0	0	0	0	0	0	0	0	0	0	0	0
125006301211361	125006301	2017-11-09	1	1	1	0	1	0	0	0	0	11.92	1	19.000	Working	0	2	0	2	0	1	0	0	0	0	0	0	1	0
125006301211362	125006301	2017-11-09		1			0	1	0	0	0	11.92	2	19.000	Working	0	1	0	1	0	0	0	0	0	0	0	0	1	0
125006301211363	125006301	2017-11-09		0			0	0	0	0	0	11.92	3	19.000	Working	0	0	0	0	0	0	0	0	0	0	0	0	0	0
125006301211501	125006301	2017-11-23		0			0	0	0	0	0	12.60	1	19.000	Working	0	0	0	0	0	0	0	0	0	0	0	0	0	0
125006301211502	125006301	2017-11-23		1			1	0	0	0	0	12.60	2	19.000	Working	0	2	0	2	0	1	0	0	0	0	0	0	1	0
125006301211503	125006301	2017-11-23		1			0	1	0	0	0	12.60	3	19.000	Working	0	1	0	1	0	0	0	0	0	0	0	0	1	0
125006301211651	125006301	2017-12-08	1	1	1	0	0	1	0	0	0	13.55	1	19.000	Working	0	1	0	1	0	0	0	0	0	0	0	0	1	0
125006301211652	125006301	2017-12-08		2			0	2	0	0	0	13.55	2	19.000	Working	0	2	0	2	0	0	0	0	0	0	0	0	2	0
125006301211653	125006301	2017-12-08		0			0	0	0	0	0	13.55	3	19.000	Working	0	0	0	0	0	0	0	0	0	0	0	0	0	0
125006301211801	125006301	2017-12-23		0			0	0	0	0	0	12.15	1	19.000	Working	0	0	0	0	0	0	0	0	0	0	0	0	0	0
125006301211802	125006301	2017-12-23		0			0	0	0	0	0	12.15	2	19.000	Working	0	0	0	0	0	0	0	0	0	0	0	0	0	0
125006301211803	125006301	2017-12-23		0			0	0	0	0	0	12.15	3	19.000	Working	0	0	0	0	0	0	0	0	0	0	0	0	0	0
125006301211931	125006301	2018-01-05	1	1	1	0	0	1	0	0	0	12.07	1	19.000	Working	0	1	0	1	0	0	0	0	0	0	0	0	1	0
125006301211932	125006301	2018-01-05		0			0	0	0	0	0	12.07	2	19.000	Working	0	0	0	0	0	0	0	0	0	0	0	0	0	0
125006301211933	125006301	2018-01-05		0			0	0	0	0	0	12.07	3	19.000	Working	0	0	0	0	0	0	0	0	0	0	0	0	0	0
125006301212071	125006301	2018-01-19		0			0	0	0	0	0	13.57	1	19.000	Working	0	0	0	0	0	0	0	0	0	0	0	0	0	0
125006301212072	125006301	2018-01-19		0			0	0	0	0	0	13.57	2	19.000	Working	0	0	0	0	0	0	0	0	0	0	0	0	0	0
125006301212073	125006301	2018-01-19		0			0	0	0	0	0	13.57	3	19.000	Working	0	0	0	0	0	0	0	0	0	0	0	0	0	0
125006301212211	125006301	2018-02-02		0			0	0	0	0	0	11.83	1	19.000	Working	0	0	0	0	0	0	0	0	0	0	0	0	0	0
125006301212212	125006301	2018-02-02		0			0	0	0	0	0	11.83	2	19.000	Working	0	0	0	0	0	0	0	0	0	0	0	0	0	0
125006301212213	125006301	2018-02-02		0			0	0	0	0	0	11.83	3	19.000	Working	0	0	0	0	0	0	0	0	0	0	0	0	0	0
125006301212351	125006301	2018-02-16		0			0	0	0	0	0	12.23	1	19.000	Working	0	0	0	0	0	0	0	0	0	0	0	0	0	0
125006301212352	125006301	2018-02-16		0			0	0	0	0	0	12.23	2	19.000	Working	0	0	0	0	0	0	0	0	0	0	0	0	0	0
125006301212354	125006301	2018-02-16		0			0	0	0	0	0	12.23	4	19.000	Working	0	0	0	0	0	0	0	0	0	0	0	0	0	0
125006301212491	125006301	2018-03-02		0			0	0	0	0	0	12.08	1	19.000	Working	0	0	0	0	0	0	0	0	0	0	0	0	0	0
125006301212492	125006301	2018-03-02		0			0	0	0	0	0	12.08	2	19.000	Working	0	0	0	0	0	0	0	0	0	0	0	0	0	0
125006301212494	125006301	2018-03-02		0			0	0	0	0	0	12.08	4	19.000	Working	0	0	0	0	0	0	0	0	0	0	0	0	0	0
125006301212631	125006301	2018-03-16		0			0	0	0	0	0	12.00	1	19.000	Working	0	0	0	0	0	0	0	0	0	0	0	0	0	0
125006301212632	125006301	2018-03-16		0			0	0	0	0	0	12.00	2	19.000	Working	0	0	0	0	0	0	0	0	0	0	0	0	0	0
125006301212634	125006301	2018-03-16		0			0	0	0	0	0	12.00	4	19.000	Working	0	0	0	0	0	0	0	0	0	0	0	0	0	0
125006301212771	125006301	2018-03-30		0			0	0	0	1	0	12.07	1	19.000	Working	0	1	0	1	0	0	0	0	0	0	0	0	0	0
125006301212772	125006301	2018-03-30		0			0	0	0	0	0	12.07	2	19.000	Working	0	0	0	0	0	0	0	0	0	0	0	0	0	0
125006301212774	125006301	2018-03-30		0			0	0	0	0	0	12.07	4	19.000	Working	0	0	0	0	0	0	0	0	0	0	0	0	0	0
125006301212911	125006301	2018-04-13		3			1	2	0	0	0	13.73	1	19.000	Working	0	3	0	3	0	0	0	0	0	0	0	0	3	0
125006301212912	125006301	2018-04-13		0			0	0	0	0	0	13.73	2	19.000	Working	0	0	0	0	0	0	0	0	0	0	0	0	0	0
125006301212914	125006301	2018-04-13		0			0	0	0	0	0	13.73	4	19.000	Working	0	0	0	0	0	0	0	0	0	0	0	0	0	0
125006301213051	125006301	2018-04-27		1			0	1	0	0	0	12.32	1	19.000	Working	0	1	0	1	0	0	0	0	0	0	0	0	1	0
125006301213052	125006301	2018-04-27		2			1	1	0	0	0	12.32	2	19.000	Working	0	4	0	4	0	2	0	0	0	0	0	0	2	0
125006301213054	125006301	2018-04-27		0			0	0	0	0	0	12.32	4	19.000	Working	0	0	0	0	0	0	0	0	0	0	0	0	0	0
125006301213191	125006301	2018-05-11		0			0	0	0	0	0	12.00	1	19.000	Working	0	1	0	1	0	1	0	0	0	0	0	0	0	0
125006301213192	125006301	2018-05-11		3			1	2	0	0	0	12.00	2	19.000	Working	0	3	0	3	0	0	0	0	0	0	0	0	3	0
125006301213194	125006301	2018-05-11		2			0	2	0	0	0	12.00	4	19.000	Working	0	2	0	2	0	0	0	0	0	0	0	0	2	0
125006301213331	125006301	2018-05-25		12			3	9	0	0	0	12.37	1	19.000	Working	0	12	0	12	0	0	0	0	0	0	0	0	12	0
125006301213332	125006301	2018-05-25		15			4	11	0	0	0	12.37	2	19.000	Working	0	18	0	18	0	2	0	0	0	1	0	0	15	0
125006301213334	125006301	2018-05-25		3			2	1	0	0	0	12.37	4	19.000	Working	0	3	0	3	0	0	0	0	0	0	0	0	3	0
125006301213471	125006301	2018-06-08		3			1	2	0	0	0	12.53	1	19.000	Working	0	3	0	3	0	0	0	0	0	0	0	0	3	0
125006301213472	125006301	2018-06-08		0			0	0	0	0	0	12.53	2	19.000	Working	0	0	0	0	0	0	0	0	0	0	0	0	0	0
125006301213474	125006301	2018-06-08		3			0	3	0	1	0	12.53	4	19.000	Working	0	5	0	5	0	0	0	0	0	1	0	0	3	0
125006301213611	125006301	2018-06-22	1	0	1	0	0	0	0	0	0	12.08	1	19.000	Working	0	0	0	0	0	0	0	0	0	0	0	0	0	0
125006301213612	125006301	2018-06-22		2			1	1	0	0	0	12.08	2	19.000	Working	0	2	0	2	0	0	0	0	0	0	0	0	2	0
125006301213614	125006301	2018-06-22		0			0	0	0	0	0	12.08	4	19.000	Working	0	0	0	0	0	0	0	0	0	0	0	0	0	0
125006301213751	125006301	2018-07-06		0			0	0	0	0	0	12.00	1	19.000	Working	0	0	0	0	0	0	0	0	0	0	0	0	0	0
125006301213752	125006301	2018-07-06		0			0	0	0	0	0	12.00	2	19.000	Working	0	0	0	0	0	0	0	0	0	0	0	0	0	0
125006301213754	125006301	2018-07-06		0			0	0	0	0	0	12.00	4	19.000	Not working	0	0	0	0	0	0	0	0	0	0	0	0	0	0
125006301213891	125006301	2018-07-20		0			0	0	0	0	0	11.97	1	19.000	Working	0	0	0	0	0	0	0	0	0	0	0	0	0	0
125006301213892	125006301	2018-07-20		0			0	0	0	0	0	11.97	2	19.000	Working	0	0	0	0	0	0	0	0	0	0	0	0	0	0
125006301213894	125006301	2018-07-20		0			0	0	0	0	0	11.97	4	19.000	Working	0	0	0	0	0	0	0	0	0	0	0	0	0	0
125006301214031	125006301	2018-08-03		1			0	1	0	0	0	12.48	1	19.000	Working	0	1	0	1	0	0	0	0	0	0	0	0	1	0
125006301214032	125006301	2018-08-03		0			0	0	0	0	0	12.48	2	19.000	Working	0	0	0	0	0	0	0	0	0	0	0	0	0	0
125006301214034	125006301	2018-08-03		0			0	0	0	0	0	12.48	4	19.000	Working	0	0	0	0	0	0	0	0	0	0	0	0	0	0
125006301214171	125006301	2018-08-17	1	0	1	0	0	0	0	0	0	11.95	1	19.000	Working	0	0	0	0	0	0	0	0	0	0	0	0	0	0
125006301214172	125006301	2018-08-17		0			0	0	0	0	0	11.95	2	19.000	Working	0	0	0	0	0	0	0	0	0	0	0	0	0	0
125006301214173	125006301	2018-08-17		0			0	0	0	1	0	11.95	3	19.000	Working	0	1	0	1	0	0	0	0	0	0	0	0	0	0
125006301214311	125006301	2018-08-31		0			0	0	0	0	0	11.92	1	19.000	Working	0	0	0	0	0	0	0	0	0	0	0	0	0	0
125006301214312	125006301	2018-08-31		0			0	0	0	0	0	11.92	2	19.000	Working	0	1	0	0	0	0	1	1	0	0	0	0	0	0
125006301214313	125006301	2018-08-31		0			0	0	0	0	0	11.92	3	19.000	Working	0	0	0	0	0	0	0	0	0	0	0	0	0	0
125006301214451	125006301	2018-09-14		0			0	0	0	0	0	12.27	1	19.000	Working	0	0	0	0	0	0	0	0	0	0	0	0	0	0
125006301214452	125006301	2018-09-14		0			0	0	0	0	0	12.27	2	19.000	Working	0	0	0	0	0	0	0	0	0	0	0	0	0	0
125006301214453	125006301	2018-09-14		2			0	2	0	0	0	12.27	3	19.000	Working	0	2	0	2	0	0	0	0	0	0	0	0	2	0
125006301214591	125006301	2018-09-28		1			0	1	0	1	0	12.08	1	19.000	Working	0	2	0	2	0	0	0	0	0	0	0	0	1	0
125006301214592	125006301	2018-09-28		1			0	1	0	0	0	12.08	2	19.000	Working	0	1	0	1	0	0	0	0	0	0	0	0	1	0
125006301214593	125006301	2018-09-28		0			0	0	0	0	0	12.08	3	19.000	Working	0	0	0	0	0	0	0	0	0	0	0	0	0	0
125006301214731	125006301	2018-10-12		0			0	0	0	0	0	11.80	1	19.000	Working	0	0	0	0	0	0	0	0	0	0	0	0	0	0
125006301214732	125006301	2018-10-12		0			0	0	0	0	0	11.80	2	19.000	Working	0	1	0	1	0	0	0	0	0	1	0	0	0	0
125006301214733	125006301	2018-10-12		0			0	0	0	0	0	11.80	3	19.000	Working	0	0	0	0	0	0	0	0	0	0	0	0	0	0
125006301214871	125006301	2018-10-26		0			0	0	0	0	0	13.50	1	19.000	Working	0	0	0	0	0	0	0	0	0	0	0	0	0	0
125006301214872	125006301	2018-10-26		0			0	0	0	0	0	13.50	2	19.000	Working	0	0	0	0	0	0	0	0	0	0	0	0	0	0
125006301214873	125006301	2018-10-26		0			0	0	0	0	0	13.50	3	19.000	Working	0	0	0	0	0	0	0	0	0	0	0	0	0	0
125006301215011	125006301	2018-11-09		2			1	1	0	0	0	12.37	1	19.000	Working	0	2	0	2	0	0	0	0	0	0	0	0	2	0
125006301215012	125006301	2018-11-09		0			0	0	0	0	0	12.37	2	19.000	Working	0	0	0	0	0	0	0	0	0	0	0	0	0	0
125006301215013	125006301	2018-11-09		0			0	0	0	0	0	12.37	3	19.000	Working	0	0	0	0	0	0	0	0	0	0	0	0	0	0
125006301215151	125006301	2018-11-23		1			1	0	0	0	0	11.80	1	19.000	Working	0	1	0	1	0	0	0	0	0	0	0	0	1	0
125006301215152	125006301	2018-11-23		0			0	0	0	0	0	11.80	2	19.000	Working	0	0	0	0	0	0	0	0	0	0	0	0	0	0
125006301215153	125006301	2018-11-23		0			0	0	0	0	0	11.80	3	19.000	Working	0	0	0	0	0	0	0	0	0	0	0	0	0	0
125006301215291	125006301	2018-12-07	1	0	1	0	0	0	0	0	0	12.45	1	19.000	Working	0	0	0	0	0	0	0	0	0	0	0	0	0	0
125006301215292	125006301	2018-12-07		1			0	1	0	0	0	12.45	2	19.000	Working	0	1	0	1	0	0	0	0	0	0	0	0	1	0
125006301215293	125006301	2018-12-07		0			0	0	0	0	0	12.45	3	19.000	Working	0	0	0	0	0	0	0	0	0	0	0	0	0	0
125006301215451	125006301	2018-12-23		0			0	0	0	0	0	12.10	1	19.000	Working	0	0	0	0	0	0	0	0	0	0	0	0	0	0
125006301215452	125006301	2018-12-23		0			0	0	0	0	0	12.10	2	19.000	Working	0	0	0	0	0	0	0	0	0	0	0	0	0	0
125006301215453	125006301	2018-12-23		0			0	0	0	0	0	12.10	3	19.000	Working	0	0	0	0	0	0	0	0	0	0	0	0	0	0
125006301215571	125006301	2019-01-04		0			0	0	0	0	0	12.23	1	19.000	Working	0	0	0	0	0	0	0	0	0	0	0	0	0	0
125006301215572	125006301	2019-01-04		0			0	0	0	0	0	12.23	2	19.000	Working	0	0	0	0	0	0	0	0	0	0	0	0	0	0
125006301215573	125006301	2019-01-04		0			0	0	0	0	0	12.23	3	19.000	Working	0	0	0	0	0	0	0	0	0	0	0	0	0	0
125006301215711	125006301	2019-01-18	2	0	2	0	0	0	0	0	0	12.10	1	19.000	Working	0	0	0	0	0	0	0	0	0	0	0	0	0	0
125006301215712	125006301	2019-01-18		1			0	1	0	0	0	12.10	2	19.000	Working	0	1	0	1	0	0	0	0	0	0	0	0	1	0
125006301215713	125006301	2019-01-18		1			1	0	0	0	0	12.10	3	19.000	Working	0	1	0	1	0	0	0	0	0	0	0	0	1	0
125006301215851	125006301	2019-02-01		0			0	0	0	0	0	12.47	1	19.000	Working	0	0	0	0	0	0	0	0	0	0	0	0	0	0
125006301215852	125006301	2019-02-01		0			0	0	0	0	0	12.47	2	19.000	Working	0	0	0	0	0	0	0	0	0	0	0	0	0	0
125006301215853	125006301	2019-02-01		0			0	0	0	0	0	12.47	3	19.000	Working	0	0	0	0	0	0	0	0	0	0	0	0	0	0
125006301215991	125006301	2019-02-15		0			0	0	0	0	0	13.98	1	19.000	Working	0	0	0	0	0	0	0	0	0	0	0	0	0	0
125006301215992	125006301	2019-02-15		0			0	0	0	0	0	13.98	2	19.000	Working	0	0	0	0	0	0	0	0	0	0	0	0	0	0
125006301215993	125006301	2019-02-15		0			0	0	0	0	0	13.98	3	19.000	Working	0	0	0	0	0	0	0	0	0	0	0	0	0	0
125006301216131	125006301	2019-03-01		0			0	0	0	0	0	12.25	1	19.000	Working	0	0	0	0	0	0	0	0	0	0	0	0	0	0
125006301216132	125006301	2019-03-01		0			0	0	0	0	0	12.25	2	19.000	Working	0	0	0	0	0	0	0	0	0	0	0	0	0	0
125006301216133	125006301	2019-03-01		0			0	0	0	0	0	12.25	3	19.000	Working	0	0	0	0	0	0	0	0	0	0	0	0	0	0
125006301216271	125006301	2019-03-15		0			0	0	0	0	0	12.13	1	19.000	Working	0	0	0	0	0	0	0	0	0	0	0	0	0	0
125006301216272	125006301	2019-03-15		0			0	0	0	0	0	12.13	2	19.000	Working	0	0	0	0	0	0	0	0	0	0	0	0	0	0
125006301216273	125006301	2019-03-15		0			0	0	0	0	0	12.13	3	19.000	Working	0	0	0	0	0	0	0	0	0	0	0	0	0	0
125006301216411	125006301	2019-03-29		0			0	0	0	0	0	13.33	1	19.000	Working	0	0	0	0	0	0	0	0	0	0	0	0	0	0
125006301216412	125006301	2019-03-29		0			0	0	0	0	0	13.33	2	19.000	Working	0	0	0	0	0	0	0	0	0	0	0	0	0	0
125006301216413	125006301	2019-03-29		0			0	0	0	0	0	13.33	3	19.000	Working	0	0	0	0	0	0	0	0	0	0	0	0	0	0
125006301216551	125006301	2019-04-12		0			0	0	0	0	0	12.30	1	19.000	Working	0	0	0	0	0	0	0	0	0	0	0	0	0	0
125006301216552	125006301	2019-04-12		0			0	0	0	0	0	12.30	2	19.000	Working	0	0	0	0	0	0	0	0	0	0	0	0	0	0
125006301216553	125006301	2019-04-12		0			0	0	0	0	0	12.30	3	19.000	Working	0	0	0	0	0	0	0	0	0	0	0	0	0	0
125006301216691	125006301	2019-04-26		0			0	0	0	0	0	12.28	1	19.000	Working	0	0	0	0	0	0	0	0	0	0	0	0	0	0
125006301216692	125006301	2019-04-26		0			0	0	0	0	0	12.28	2	19.000	Working	0	0	0	0	0	0	0	0	0	0	0	0	0	0
125006301216693	125006301	2019-04-26		0			0	0	0	0	0	12.28	3	19.000	Working	0	0	0	0	0	0	0	0	0	0	0	0	0	0
125006301216831	125006301	2019-05-10		0			0	0	0	0	0	12.55	1	19.000	Working	0	0	0	0	0	0	0	0	0	0	0	0	0	0
125006301216832	125006301	2019-05-10		0			0	0	0	0	0	12.55	2	19.000	Working	0	0	0	0	0	0	0	0	0	0	0	0	0	0
125006301216833	125006301	2019-05-10		0			0	0	0	0	0	12.55	3	19.000	Working	0	0	0	0	0	0	0	0	0	0	0	0	0	0
125006301216971	125006301	2019-05-24		0			0	0	0	0	0	12.00	1	19.000	Working	0	0	0	0	0	0	0	0	0	0	0	0	0	0
125006301216972	125006301	2019-05-24		0			0	0	0	0	0	12.00	2	19.000	Working	0	0	0	0	0	0	0	0	0	0	0	0	0	0
125006301216973	125006301	2019-05-24		0			0	0	0	0	0	12.00	3	19.000	Working	0	0	0	0	0	0	0	0	0	0	0	0	0	0
125006301217111	125006301	2019-06-07		0			0	0	0	0	0	12.52	1	19.000	Working	0	0	0	0	0	0	0	0	0	0	0	0	0	0
125006301217112	125006301	2019-06-07		0			0	0	0	0	0	12.52	2	19.000	Working	0	1	0	1	0	1	0	0	0	0	0	0	0	0
125006301217113	125006301	2019-06-07		3			1	2	0	0	0	12.52	3	19.000	Working	0	3	0	3	0	0	0	0	0	0	0	0	3	0
125006301217251	125006301	2019-06-21		1			1	0	0	1	0	12.63	1	19.000	Working	0	2	0	2	0	0	0	0	0	0	0	0	1	0
125006301217252	125006301	2019-06-21		0			0	0	0	0	0	12.63	2	19.000	Working	0	0	0	0	0	0	0	0	0	0	0	0	0	0
125006301217253	125006301	2019-06-21		4			2	2	0	0	0	12.63	3	19.000	Working	0	5	0	5	0	1	0	0	0	0	0	0	4	0
125006301217391	125006301	2019-07-05		0			0	0	0	0	0	12.03	1	19.000	Working	0	0	0	0	0	0	0	0	0	0	0	0	0	0
125006301217392	125006301	2019-07-05		0			0	0	0	0	0	12.03	2	19.000	Working	0	0	0	0	0	0	0	0	0	0	0	0	0	0
125006301217393	125006301	2019-07-05		3			1	2	0	0	0	12.03	3	19.000	Working	0	4	0	3	0	0	0	1	0	0	1	0	3	0
125006301217531	125006301	2019-07-19		0			0	0	0	0	0	11.68	1	19.000	Working	0	0	0	0	0	0	0	0	0	0	0	0	0	0
125006301217532	125006301	2019-07-19		0			0	0	0	0	0	11.68	2	19.000	Working	0	0	0	0	0	0	0	0	0	0	0	0	0	0
125006301217533	125006301	2019-07-19		0			0	0	0	0	0	11.68	3	19.000	Working	0	0	0	0	0	0	0	0	0	0	0	0	0	0
125006301217671	125006301	2019-08-02		0			0	0	0	0	0	12.15	1	19.000	Working	0	0	0	0	0	0	0	0	0	0	0	0	0	0
125006301217672	125006301	2019-08-02		0			0	0	0	0	0	12.15	2	19.000	Working	0	0	0	0	0	0	0	0	0	0	0	0	0	0
125006301217673	125006301	2019-08-02		0			0	0	0	0	0	12.15	3	19.000	Working	0	0	0	0	0	0	0	0	0	0	0	0	0	0
125006301217811	125006301	2019-08-16		0			0	0	0	0	0	12.42	1	19.000	Working	0	0	0	0	0	0	0	0	0	0	0	0	0	0
125006301217812	125006301	2019-08-16		0			0	0	0	0	0	12.42	2	19.000	Working	0	0	0	0	0	0	0	0	0	0	0	0	0	0
125006301217813	125006301	2019-08-16										12.42	3	19.000	Working														
125006301217951	125006301	2019-08-30		0			0	0	0	0	0	11.98	1	19.000	Working	0	0	0	0	0	0	0	0	0	0	0	0	0	0
125006301217952	125006301	2019-08-30		0			0	0	0	0	0	11.98	2	19.000	Working	0	0	0	0	0	0	0	0	0	0	0	0	0	0
125006301217953	125006301	2019-08-30										11.98	3	19.000	Working														
125006301218091	125006301	2019-09-13		0			0	0	0	0	0	11.88	1	19.000	Working	0	0	0	0	0	0	0	0	0	0	0	0	0	0
125006301218092	125006301	2019-09-13		0			0	0	0	0	0	11.88	2	19.000	Working	0	0	0	0	0	0	0	0	0	0	0	0	0	0
125006301218093	125006301	2019-09-13		0			0	0	0	0	0	11.88	3	19.000	Working	0	0	0	0	0	0	0	0	0	0	0	0	0	0
125006301218231	125006301	2019-09-27	1	0	1	0	0	0	0	0	0	12.08	1	19.000	Working	0	0	0	0	0	0	0	0	0	0	0	0	0	0
125006301218232	125006301	2019-09-27		0			0	0	0	0	0	12.08	2	19.000	Working	0	1	0	1	0	1	0	0	0	0	0	0	0	0
125006301218233	125006301	2019-09-27		0			0	0	0	0	0	12.08	3	19.000	Working	0	0	0	0	0	0	0	0	0	0	0	0	0	0
125006301218371	125006301	2019-10-11		0			0	0	0	0	0	11.98	1	19.000	Working	0	0	0	0	0	0	0	0	0	0	0	0	0	0
125006301218372	125006301	2019-10-11		0			0	0	0	0	0	11.98	2	19.000	Working	0	0	0	0	0	0	0	0	0	0	0	0	0	0
125006301218373	125006301	2019-10-11		0			0	0	0	0	0	11.98	3	19.000	Working	0	0	0	0	0	0	0	0	0	0	0	0	0	0
126002501211361	126002501	2017-11-12		1			0	1	0	0	0	12.08	1	19.000	Working	0	1	0	1	0	0	0	0	0	0	0	0	1	0
126002501211362	126002501	2017-11-12		2			2	0	0	0	0	12.08	2	19.000	Working	0	2	0	2	0	0	0	0	0	0	0	0	2	0
126002501211501	126002501	2017-11-26		0			0	0	0	0	0	12.27	1	19.000	Working	0	1	0	1	0	0	0	0	0	1	0	0	0	0
126002501211502	126002501	2017-11-26		1			0	1	0	0	0	12.27	2	19.000	Working	0	1	0	1	0	0	0	0	0	0	0	0	1	0
126002501211651	126002501	2017-12-11	1	3	1	0	1	2	0	0	0	13.77	1	19.000	Working	0	3	0	3	0	0	0	0	0	0	0	0	3	0
126002501211652	126002501	2017-12-11		0			0	0	0	0	0	13.77	2	19.000	Working	0	0	0	0	0	0	0	0	0	0	0	0	0	0
126002501211801	126002501	2017-12-26		0			0	0	0	0	0	12.37	1	19.000	Working	0	1	0	1	0	1	0	0	0	0	0	0	0	0
126002501211802	126002501	2017-12-26		0			0	0	0	0	0	12.37	2	19.000	Working	0	0	0	0	0	0	0	0	0	0	0	0	0	0
126002501211931	126002501	2018-01-08		0			0	0	0	0	0	12.30	1	19.000	Working	0	0	0	0	0	0	0	0	0	0	0	0	0	0
126002501211932	126002501	2018-01-08		0			0	0	0	0	0	12.30	2	19.000	Working	0	0	0	0	0	0	0	0	0	0	0	0	0	0
126002501212071	126002501	2018-01-22	1	0	1	0	0	0	0	0	0	13.73	1	19.000	Working	0	1	0	1	0	1	0	0	0	0	0	0	0	0
126002501212072	126002501	2018-01-22		0			0	0	0	0	0	13.73	2	19.000	Working	0	0	0	0	0	0	0	0	0	0	0	0	0	0
126002501212211	126002501	2018-02-05		0			0	0	0	0	0	11.67	1	19.000	Working	0	0	0	0	0	0	0	0	0	0	0	0	0	0
126002501212212	126002501	2018-02-05		0			0	0	0	0	0	11.67	2	19.000	Working	0	0	0	0	0	0	0	0	0	0	0	0	0	0
126002501212351	126002501	2018-02-19		0			0	0	0	0	0	12.08	1	19.000	Working	0	0	0	0	0	0	0	0	0	0	0	0	0	0
126002501212352	126002501	2018-02-19		0			0	0	0	0	0	12.08	2	19.000	Working	0	0	0	0	0	0	0	0	0	0	0	0	0	0
126002501212491	126002501	2018-03-05		0			0	0	0	0	0	12.22	1	19.000	Working	0	0	0	0	0	0	0	0	0	0	0	0	0	0
126002501212492	126002501	2018-03-05		0			0	0	0	0	0	12.22	2	19.000	Working	0	0	0	0	0	0	0	0	0	0	0	0	0	0
126002501212631	126002501	2018-03-19		0			0	0	0	0	0	12.45	1	19.000	Working	0	0	0	0	0	0	0	0	0	0	0	0	0	0
126002501212632	126002501	2018-03-19		0			0	0	0	0	0	12.45	2	19.000	Working	0	0	0	0	0	0	0	0	0	0	0	0	0	0
126002501212771	126002501	2018-04-02		0			0	0	0	0	0	11.93	1	19.000	Working	0	0	0	0	0	0	0	0	0	0	0	0	0	0
126002501212772	126002501	2018-04-02		0			0	0	0	0	0	11.93	2	19.000	Working	0	0	0	0	0	0	0	0	0	0	0	0	0	0
126002501212911	126002501	2018-04-16		3			0	3	0	0	0	13.93	1	19.000	Working	0	3	0	3	0	0	0	0	0	0	0	0	3	0
126002501212912	126002501	2018-04-16		2			1	1	0	0	0	13.93	2	19.000	Working	0	3	0	3	0	1	0	0	0	0	0	0	2	0
126002501213051	126002501	2018-04-30	2	1	2	0	1	0	0	0	0	12.50	1	19.000	Working	0	1	0	1	0	0	0	0	0	0	0	0	1	0
126002501213052	126002501	2018-04-30		5			2	3	0	0	0	12.50	2	19.000	Working	0	5	0	5	0	0	0	0	0	0	0	0	5	0
126002501213191	126002501	2018-05-14	1	3	1	0	0	3	0	1	0	12.20	1	19.000	Working	0	4	0	4	0	0	0	0	0	0	0	0	3	0
126002501213192	126002501	2018-05-14		14			4	10	0	0	0	12.20	2	19.000	Working	0	18	0	18	0	3	0	0	0	1	0	0	14	0
126002501213331	126002501	2018-05-28	1	4	1	0	2	2	0	0	0	12.30	1	19.000	Working	0	4	0	4	0	0	0	0	0	0	0	0	4	0
126002501213332	126002501	2018-05-28		4			3	1	0	0	0	12.30	2	19.000	Working	0	7	0	7	0	0	0	0	0	3	0	0	4	0
126002501213471	126002501	2018-06-11		10			4	6	0	1	0	12.42	1	19.000	Working	0	13	0	13	0	2	0	0	0	0	0	0	10	0
126002501213472	126002501	2018-06-11		0			0	0	0	0	0	12.42	2	19.000	Working	0	1	0	0	0	0	0	1	0	0	0	0	0	1
126002501213611	126002501	2018-06-25		3			0	3	0	0	0	12.37	1	19.000	Working	0	4	0	4	0	1	0	0	0	0	0	0	3	0
126002501213612	126002501	2018-06-25		0			0	0	0	0	0	12.37	2	19.000	Working	0	0	0	0	0	0	0	0	0	0	0	0	0	0
126002501213751	126002501	2018-07-09		0			0	0	0	0	0	12.12	1	19.000	Working	0	0	0	0	0	0	0	0	0	0	0	0	0	0
126002501213752	126002501	2018-07-09		0			0	0	0	0	0	12.12	2	19.000	Working	0	0	0	0	0	0	0	0	0	0	0	0	0	0
126002501213891	126002501	2018-07-23		0			0	0	0	0	0	12.13	1	19.000	Working	0	0	0	0	0	0	0	0	0	0	0	0	0	0
126002501213892	126002501	2018-07-23		0			0	0	0	0	0	12.13	2	19.000	Working	0	0	0	0	0	0	0	0	0	0	0	0	0	0
126002501214031	126002501	2018-08-06		0			0	0	0	0	0	12.50	1	19.000	Working	0	0	0	0	0	0	0	0	0	0	0	0	0	0
126002501214032	126002501	2018-08-06		1			0	1	0	0	0	12.50	2	19.000	Working	0	1	0	1	0	0	0	0	0	0	0	0	1	0
126002501214171	126002501	2018-08-20	1	1	1	0	0	1	0	0	0	12.07	1	19.000	Working	0	2	0	2	0	1	0	0	0	0	0	0	1	0
126002501214172	126002501	2018-08-20		0			0	0	0	0	0	12.07	2	19.000	Working	0	1	0	1	0	1	0	0	0	0	0	0	0	0
126002501214311	126002501	2018-09-03	1	4	1	0	2	2	0	0	0	12.08	1	19.000	Working	0	5	0	5	0	0	0	0	0	1	0	0	4	0
126002501214312	126002501	2018-09-03		1			0	1	0	0	0	12.08	2	19.000	Working	0	1	0	1	0	0	0	0	0	0	0	0	1	0
126002501214451	126002501	2018-09-17		6			2	4	0	0	0	12.45	1	19.000	Working	0	6	0	6	0	0	0	0	0	0	0	0	6	0
126002501214452	126002501	2018-09-17		0			0	0	0	0	0	12.45	2	19.000	Working	0	0	0	0	0	0	0	0	0	0	0	0	0	0
126002501214591	126002501	2018-10-01	3	6	3	0	1	5	0	0	0	12.22	1	19.000	Working	0	6	0	6	0	0	0	0	0	0	0	0	6	0
126002501214592	126002501	2018-10-01		2			0	2	0	0	0	12.22	2	19.000	Working	0	3	0	3	0	1	0	0	0	0	0	0	2	0
126002501214731	126002501	2018-10-15	1	0	1	0	0	0	0	0	0	11.87	1	19.000	Working	0	0	0	0	0	0	0	0	0	0	0	0	0	0
126002501214732	126002501	2018-10-15		0			0	0	0	1	0	11.87	2	19.000	Working	0	1	0	1	0	0	0	0	0	0	0	0	0	0
126002501214871	126002501	2018-10-29		4			1	3	0	0	0	13.65	1	19.000	Working	0	4	0	4	0	0	0	0	0	0	0	0	4	0
126002501214872	126002501	2018-10-29		0			0	0	0	0	0	13.65	2	19.000	Working	0	0	0	0	0	0	0	0	0	0	0	0	0	0
126002501215011	126002501	2018-11-12		2			1	1	0	1	0	13.33	1	19.000	Working	0	3	0	3	0	0	0	0	0	0	0	0	2	0
126002501215012	126002501	2018-11-12		5			2	3	0	0	0	13.33	2	19.000	Working	0	5	0	5	0	0	0	0	0	0	0	0	5	0
126002501215151	126002501	2018-11-26		0			0	0	0	0	0	11.93	1	19.000	Working	0	0	0	0	0	0	0	0	0	0	0	0	0	0
126002501215152	126002501	2018-11-26		0			0	0	0	0	0	11.93	2	19.000	Working	0	0	0	0	0	0	0	0	0	0	0	0	0	0
126002501215291	126002501	2018-12-10		0			0	0	0	0	0	12.58	1	19.000	Working	0	0	0	0	0	0	0	0	0	0	0	0	0	0
126002501215292	126002501	2018-12-10		0			0	0	0	0	0	12.58	2	19.000	Working	0	0	0	0	0	0	0	0	0	0	0	0	0	0
126002501215451	126002501	2018-12-26	3	0	3	0	0	0	0	0	0	12.23	1	19.000	Working	0	0	0	0	0	0	0	0	0	0	0	0	0	0
126002501215452	126002501	2018-12-26		3			0	3	0	0	0	12.23	2	19.000	Working	0	3	0	3	0	0	0	0	0	0	0	0	3	0
126002501215571	126002501	2019-01-07		0			0	0	0	0	0	12.12	1	19.000	Working	0	0	0	0	0	0	0	0	0	0	0	0	0	0
126002501215572	126002501	2019-01-07		0			0	0	0	0	0	12.12	2	19.000	Working	0	0	0	0	0	0	0	0	0	0	0	0	0	0
126002501215711	126002501	2019-01-21	1	0	1	0	0	0	0	0	0	12.27	1	19.000	Working	0	0	0	0	0	0	0	0	0	0	0	0	0	0
126002501215712	126002501	2019-01-21		1			1	0	0	0	0	12.27	2	19.000	Working	0	2	0	1	0	0	0	1	0	0	0	0	1	1
126002501215851	126002501	2019-02-04		0			0	0	0	0	0	12.62	1	19.000	Working	0	0	0	0	0	0	0	0	0	0	0	0	0	0
126002501215852	126002501	2019-02-04		0			0	0	0	0	0	12.62	2	19.000	Working	0	0	0	0	0	0	0	0	0	0	0	0	0	0
126002501215991	126002501	2019-02-18		0			0	0	0	0	0	13.82	1	19.000	Working	0	0	0	0	0	0	0	0	0	0	0	0	0	0
126002501215992	126002501	2019-02-18		0			0	0	0	0	0	13.82	2	19.000	Working	0	0	0	0	0	0	0	0	0	0	0	0	0	0
126002501216131	126002501	2019-03-04		0			0	0	0	0	0	12.42	1	19.000	Working	0	0	0	0	0	0	0	0	0	0	0	0	0	0
126002501216132	126002501	2019-03-04		0			0	0	0	0	0	12.42	2	19.000	Working	0	0	0	0	0	0	0	0	0	0	0	0	0	0
126002501216271	126002501	2019-03-18		0			0	0	0	0	0	12.28	1	19.000	Working	0	0	0	0	0	0	0	0	0	0	0	0	0	0
126002501216272	126002501	2019-03-18		0			0	0	0	0	0	12.28	2	19.000	Working	0	0	0	0	0	0	0	0	0	0	0	0	0	0
126002501216411	126002501	2019-04-01		0			0	0	0	0	0	13.58	1	19.000	Working	0	0	0	0	0	0	0	0	0	0	0	0	0	0
126002501216412	126002501	2019-04-01		0			0	0	0	0	0	13.58	2	19.000	Working	0	0	0	0	0	0	0	0	0	0	0	0	0	0
126002501216551	126002501	2019-04-15		0			0	0	0	0	0	12.47	1	19.000	Working	0	0	0	0	0	0	0	0	0	0	0	0	0	0
126002501216552	126002501	2019-04-15		0			0	0	0	0	0	12.47	2	19.000	Working	0	0	0	0	0	0	0	0	0	0	0	0	0	0
126002501216691	126002501	2019-04-29		0			0	0	0	0	0	12.05	1	19.000	Working	0	0	0	0	0	0	0	0	0	0	0	0	0	0
126002501216692	126002501	2019-04-29		0			0	0	0	0	0	12.05	2	19.000	Working	0	0	0	0	0	0	0	0	0	0	0	0	0	0
126002501216831	126002501	2019-05-13		0			0	0	0	0	0	11.70	1	19.000	Working	0	0	0	0	0	0	0	0	0	0	0	0	0	0
126002501216832	126002501	2019-05-13		0			0	0	0	0	0	11.70	2	19.000	Working	0	0	0	0	0	0	0	0	0	0	0	0	0	0
126002501216971	126002501	2019-05-27		0			0	0	0	0	0	12.30	1	19.000	Working	0	1	0	1	0	1	0	0	0	0	0	0	0	0
126002501216972	126002501	2019-05-27		5			2	3	0	0	0	12.30	2	19.000	Working	0	5	0	5	0	0	0	0	0	0	0	0	5	0
126002501217111	126002501	2019-06-10		4			1	3	0	0	0	13.37	1	19.000	Working	0	4	0	4	0	0	0	0	0	0	0	0	4	0
126002501217112	126002501	2019-06-10		0			0	0	0	0	0	13.37	2	19.000	Working	0	0	0	0	0	0	0	0	0	0	0	0	0	0
126002501217251	126002501	2019-06-24		12			5	7	0	0	0	13.50	1	19.000	Working	0	12	0	12	0	0	0	0	0	0	0	0	12	0
126002501217252	126002501	2019-06-24		6			3	3	0	0	0	13.50	2	19.000	Working	0	7	0	6	0	0	0	1	0	0	1	0	6	0
126002501217391	126002501	2019-07-08		2			1	1	0	3	0	12.23	1	19.000	Working	0	5	0	5	0	0	0	0	0	0	0	0	2	0
126002501217392	126002501	2019-07-08		5			2	3	0	4	0	12.23	2	19.000		0	9	0	9	0	0	0	0	0	0	0	0	5	0
126002501217531	126002501	2019-07-22		9			5	4	0	0	0	11.83	1	19.000	Working	0	9	0	9	0	0	0	0	0	0	0	0	9	0
126002501217532	126002501	2019-07-22		0			0	0	0	0	0	11.83	2	19.000	Working	0	0	0	0	0	0	0	0	0	0	0	0	0	0
126002501217671	126002501	2019-08-05		0			0	0	0	0	0	12.37	1	19.000	Working	0	0	0	0	0	0	0	0	0	0	0	0	0	0
126002501217672	126002501	2019-08-05		0			0	0	0	0	0	12.37	2	19.000	Working	0	0	0	0	0	0	0	0	0	0	0	0	0	0
126002501217811	126002501	2019-08-19		0			0	0	0	0	0	13.33	1	19.000	Working	0	0	0	0	0	0	0	0	0	0	0	0	0	0
126002501217812	126002501	2019-08-19		1			0	1	0	0	0	13.33	2	19.000	Working	0	1	0	1	0	0	0	0	0	0	0	0	1	0
126002501217951	126002501	2019-09-02		0			0	0	0	0	0	12.15	1	19.000	Working	0	0	0	0	0	0	0	0	0	0	0	0	0	0
126002501217952	126002501	2019-09-02		0			0	0	0	0	0	12.15	2	19.000	Working	0	0	0	0	0	0	0	0	0	0	0	0	0	0
126002501218091	126002501	2019-09-16		0			0	0	0	0	0	12.03	1	19.000	Working	0	0	0	0	0	0	0	0	0	0	0	0	0	0
126002501218092	126002501	2019-09-16		0			0	0	0	0	0	12.03	2	19.000	Working	0	0	0	0	0	0	0	0	0	0	0	0	0	0
126002501218231	126002501	2019-09-30		0			0	0	0	0	0	13.33	1	19.000	Working	0	0	0	0	0	0	0	0	0	0	0	0	0	0
126002501218232	126002501	2019-09-30		0			0	0	0	0	0	13.33	2	19.000	Working	0	0	0	0	0	0	0	0	0	0	0	0	0	0
126002501218371	126002501	2019-10-14		0			0	0	0	0	0	12.15	1	19.000	Working	0	0	0	0	0	0	0	0	0	0	0	0	0	0
126002501218372	126002501	2019-10-14		0			0	0	0	0	0	12.15	2	19.000	Working	0	0	0	0	0	0	0	0	0	0	0	0	0	0
127000301211381	127000301	2017-11-14		0			0	0	0	0	0	12.08	1	19.000	Working	0	0	0	0	0	0	0	0	0	0	0	0	0	0
127000301211382	127000301	2017-11-14		4			1	3	0	0	0	12.08	2	19.000	Working	0	4	0	4	0	0	0	0	0	0	0	0	4	0
127000301211521	127000301	2017-11-28		0			0	0	0	0	0	12.13	1	19.000	Working	0	0	0	0	0	0	0	0	0	0	0	0	0	0
127000301211522	127000301	2017-11-28		0			0	0	0	0	0	12.13	2	19.000	Working	0	0	0	0	0	0	0	0	0	0	0	0	0	0
127000301211671	127000301	2017-12-13	1	1	1	0	0	1	0	0	0	12.20	1	19.000	Working	0	1	0	1	0	0	0	0	0	0	0	0	1	0
127000301211672	127000301	2017-12-13		0			0	0	0	0	0	12.20	2	19.000	Working	0	1	0	0	0	0	0	1	0	0	0	0	0	1
127000301211821	127000301	2017-12-28		0			0	0	0	0	0	12.15	1	19.000	Working	0	1	0	0	0	0	0	1	0	0	1	0	0	0
127000301211822	127000301	2017-12-28		1			1	0	0	0	0	12.15	2	19.000	Working	0	1	0	1	0	0	0	0	0	0	0	0	1	0
127000301211951	127000301	2018-01-10		0			0	0	0	0	0	12.08	1	19.000	Working	0	0	0	0	0	0	0	0	0	0	0	0	0	0
127000301211952	127000301	2018-01-10		0			0	0	0	0	0	12.08	2	19.000	Working	0	0	0	0	0	0	0	0	0	0	0	0	0	0
127000301212091	127000301	2018-01-24	1	0	1	0	0	0	0	0	0	12.42	1	19.000	Working	0	0	0	0	0	0	0	0	0	0	0	0	0	0
127000301212092	127000301	2018-01-24		1			0	1	0	0	0	12.42	2	19.000	Working	0	1	0	1	0	0	0	0	0	0	0	0	1	0
127000301212231	127000301	2018-02-07		0			0	0	0	0	0	12.47	1	19.000	Working	0	0	0	0	0	0	0	0	0	0	0	0	0	0
127000301212232	127000301	2018-02-07		0			0	0	0	0	0	12.47	2	19.000	Working	0	0	0	0	0	0	0	0	0	0	0	0	0	0
127000301212371	127000301	2018-02-21		0			0	0	0	0	0	12.53	1	19.000	Working	0	0	0	0	0	0	0	0	0	0	0	0	0	0
127000301212372	127000301	2018-02-21		0			0	0	0	0	0	12.53	2	19.000	Working	0	0	0	0	0	0	0	0	0	0	0	0	0	0
127000301212511	127000301	2018-03-07		0			0	0	0	0	0	11.93	1	19.000	Working	0	0	0	0	0	0	0	0	0	0	0	0	0	0
127000301212512	127000301	2018-03-07		0			0	0	0	0	0	11.93	2	19.000	Working	0	1	1	0	1	0	0	0	0	0	0	0	0	0
127000301212651	127000301	2018-03-21	1	1	1	0	1	0	0	0	0	12.15	1	19.000	Working	0	1	0	1	0	0	0	0	0	0	0	0	1	0
127000301212652	127000301	2018-03-21		0			0	0	0	0	0	12.15	2	19.000	Working	0	0	0	0	0	0	0	0	0	0	0	0	0	0
127000301212791	127000301	2018-04-04		0			0	0	0	0	0	12.12	1	19.000	Working	0	0	0	0	0	0	0	0	0	0	0	0	0	0
127000301212792	127000301	2018-04-04		0			0	0	0	0	0	12.12	2	19.000	Working	0	0	0	0	0	0	0	0	0	0	0	0	0	0
127000301212931	127000301	2018-04-18	3	1	3	0	1	0	0	0	0	12.28	1	19.000	Working	0	2	0	2	0	1	0	0	0	0	0	0	1	0
127000301212933	127000301	2018-04-18		9			3	6	0	3	0	12.28	3	19.000	Working	0	14	0	14	0	0	0	0	0	2	0	0	9	0
127000301213071	127000301	2018-05-02	1	1	1	0	1	0	0	0	0	12.58	1	19.000	Working	0	1	0	1	0	0	0	0	0	0	0	0	1	0
127000301213072	127000301	2018-05-02		18			10	8	0	0	0	12.58	2	19.000	Working	0	18	0	18	0	0	0	0	0	0	0	0	18	0
127000301213211	127000301	2018-05-16		0			0	0	0	0	0	14.13	1	19.000	Working	0	0	0	0	0	0	0	0	0	0	0	0	0	0
127000301213213	127000301	2018-05-16		8			4	4	0	0	0	14.13	3	19.000	Working	0	9	0	9	0	1	0	0	0	0	0	0	8	0
127000301213351	127000301	2018-05-30		2			0	2	0	0	0	12.03	1	19.000	Working	0	2	0	2	0	0	0	0	0	0	0	0	2	0
127000301213353	127000301	2018-05-30		6			3	3	0	0	0	12.03	3	19.000	Working	0	6	0	6	0	0	0	0	0	0	0	0	6	0
127000301213491	127000301	2018-06-13		2			2	0	0	0	0	12.53	1	19.000	Working	0	2	0	2	0	0	0	0	0	0	0	0	2	0
127000301213493	127000301	2018-06-13		3			1	2	0	1	0	12.53	3	19.000	Working	0	4	0	4	0	0	0	0	0	0	0	0	3	0
127000301213631	127000301	2018-06-27		0			0	0	0	0	0	12.63	1	19.000	Working	0	0	0	0	0	0	0	0	0	0	0	0	0	0
127000301213633	127000301	2018-06-27		3			0	3	0	0	0	12.63	3	19.000	Working	0	3	0	3	0	0	0	0	0	0	0	0	3	0
127000301213771	127000301	2018-07-11		1			0	1	0	0	0	12.13	1	19.000	Working	0	1	0	1	0	0	0	0	0	0	0	0	1	0
127000301213773	127000301	2018-07-11		0			0	0	0	0	0	12.13	3	19.000	Working	0	0	0	0	0	0	0	0	0	0	0	0	0	0
127000301213911	127000301	2018-07-25		0			0	0	0	0	0	12.23	1	19.000	Working	0	0	0	0	0	0	0	0	0	0	0	0	0	0
127000301213913	127000301	2018-07-25		0			0	0	0	0	0	12.23	3	19.000	Working	0	1	0	1	0	1	0	0	0	0	0	0	0	0
127000301214051	127000301	2018-08-08		2			1	1	0	0	0	12.28	1	19.000	Working	0	2	0	2	0	0	0	0	0	0	0	0	2	0
127000301214053	127000301	2018-08-08		2			0	2	0	0	0	12.28	3	19.000	Working	0	3	0	3	0	1	0	0	0	0	0	0	2	0
127000301214191	127000301	2018-08-22		0			0	0	0	0	0	12.00	1	19.000	Working	0	0	0	0	0	0	0	0	0	0	0	0	0	0
127000301214193	127000301	2018-08-22		0			0	0	0	0	0	12.00	3	19.000	Working	0	0	0	0	0	0	0	0	0	0	0	0	0	0
127000301214331	127000301	2018-09-05		0			0	0	0	0	0	12.25	1	19.000	Working	0	0	0	0	0	0	0	0	0	0	0	0	0	0
127000301214333	127000301	2018-09-05		0			0	0	0	0	0	12.25	3	19.000	Working	0	0	0	0	0	0	0	0	0	0	0	0	0	0
127000301214471	127000301	2018-09-19		0			0	0	0	0	0	11.72	1	19.000	Working	0	0	0	0	0	0	0	0	0	0	0	0	0	0
127000301214473	127000301	2018-09-19		1			1	0	0	2	0	11.72	3	19.000	Working	0	3	0	3	0	0	0	0	0	0	0	0	1	0
127000301214611	127000301	2018-10-03	1	0	1	0	0	0	0	0	0	11.77	1	19.000	Working	0	0	0	0	0	0	0	0	0	0	0	0	0	0
127000301214613	127000301	2018-10-03		0			0	0	0	0	0	11.77	3	19.000	Working	0	2	0	1	0	1	0	1	0	0	0	0	0	1
127000301214751	127000301	2018-10-17		1			0	1	0	0	0	12.05	1	19.000	Working	0	1	0	1	0	0	0	0	0	0	0	0	1	0
127000301214752	127000301	2018-10-17		1			1	0	0	0	0	12.05	2	19.000	Working	0	1	0	1	0	0	0	0	0	0	0	0	1	0
127000301214891	127000301	2018-10-31		0			0	0	0	0	0	12.53	1	19.000	Working	0	0	0	0	0	0	0	0	0	0	0	0	0	0
127000301214892	127000301	2018-10-31		0			0	0	0	0	0	12.53	2	19.000	Working	0	0	0	0	0	0	0	0	0	0	0	0	0	0
127000301215031	127000301	2018-11-14		0			0	0	0	0	0	11.92	1	19.000	Working	0	0	0	0	0	0	0	0	0	0	0	0	0	0
127000301215032	127000301	2018-11-14		2			0	2	0	0	0	11.92	2	19.000	Working	0	2	0	2	0	0	0	0	0	0	0	0	2	0
127000301215171	127000301	2018-11-28		0			0	0	0	0	0	12.63	1	19.000	Working	0	0	0	0	0	0	0	0	0	0	0	0	0	0
127000301215173	127000301	2018-11-28		0			0	0	0	0	0	12.63	3	19.000	Working	0	0	0	0	0	0	0	0	0	0	0	0	0	0
127000301215311	127000301	2018-12-12		0			0	0	0	0	0	12.02	1	19.000	Working	0	0	0	0	0	0	0	0	0	0	0	0	0	0
127000301215312	127000301	2018-12-12		0			0	0	0	0	0	12.02	2	19.000	Working	0	0	0	0	0	0	0	0	0	0	0	0	0	0
127000301215471	127000301	2018-12-28		0			0	0	0	0	0	12.42	1	19.000	Working	0	0	0	0	0	0	0	0	0	0	0	0	0	0
127000301215473	127000301	2018-12-28		0			0	0	0	0	0	12.42	3	19.000	Working	0	0	0	0	0	0	0	0	0	0	0	0	0	0
127000301215591	127000301	2019-01-09		0			0	0	0	0	0	12.45	1	19.000	Working	0	0	0	0	0	0	0	0	0	0	0	0	0	0
127000301215593	127000301	2019-01-09		0			0	0	0	0	0	12.45	3	19.000	Working	0	0	0	0	0	0	0	0	0	0	0	0	0	0
127000301215731	127000301	2019-01-23	2	0	2	0	0	0	0	0	0	12.10	1	19.000	Working	0	0	0	0	0	0	0	0	0	0	0	0	0	0
127000301215733	127000301	2019-01-23		1			0	1	0	0	0	12.10	3	19.000	Working	0	2	0	2	0	1	0	0	0	0	0	0	1	0
127000301215871	127000301	2019-02-06		0			0	0	0	0	0	12.33	1	19.000	Working	2	0	0	0	0	0	0	0	0	0	0	0	0	0
127000301215873	127000301	2019-02-06		0			0	0	0	0	0	12.33	3	19.000	Working	0	0	0	0	0	0	0	0	0	0	0	0	0	0
127000301216011	127000301	2019-02-20		0			0	0	0	0	0	13.67	1	19.000	Working	0	0	0	0	0	0	0	0	0	0	0	0	0	0
127000301216013	127000301	2019-02-20		0			0	0	0	0	0	13.67	3	19.000	Working	0	0	0	0	0	0	0	0	0	0	0	0	0	0
127000301216151	127000301	2019-03-06		0			0	0	0	0	0	12.02	1	19.000	Working	0	0	0	0	0	0	0	0	0	0	0	0	0	0
127000301216153	127000301	2019-03-06		0			0	0	0	0	0	12.02	3	19.000	Working	0	0	0	0	0	0	0	0	0	0	0	0	0	0
127000301216291	127000301	2019-03-20		0			0	0	0	0	0	13.52	1	19.000	Working	0	0	0	0	0	0	0	0	0	0	0	0	0	0
127000301216293	127000301	2019-03-20		0			0	0	0	0	0	13.52	3	19.000	Working	0	0	0	0	0	0	0	0	0	0	0	0	0	0
127000301216431	127000301	2019-04-03		0			0	0	0	0	0	12.38	1	19.000	Working	0	0	0	0	0	0	0	0	0	0	0	0	0	0
127000301216433	127000301	2019-04-03		0			0	0	0	0	0	12.38	3	19.000	Working	0	0	0	0	0	0	0	0	0	0	0	0	0	0
127000301216571	127000301	2019-04-17		0			0	0	0	0	0	12.37	1	19.000	Working	0	0	0	0	0	0	0	0	0	0	0	0	0	0
127000301216573	127000301	2019-04-17		0			0	0	0	0	0	12.37	3	19.000	Working	0	0	0	0	0	0	0	0	0	0	0	0	0	0
127000301216711	127000301	2019-05-01		0			0	0	0	0	0	12.37	1	19.000	Working	0	0	0	0	0	0	0	0	0	0	0	0	0	0
127000301216713	127000301	2019-05-01		0			0	0	0	0	0	12.37	3	19.000	Working	0	1	0	1	0	0	0	0	0	1	0	0	0	0
127000301216851	127000301	2019-05-15	1	0	1	0	0	0	0	0	0	12.08	1	19.000	Working	0	0	0	0	0	0	0	0	0	0	0	0	0	0
127000301216853	127000301	2019-05-15		3			0	3	0	0	0	12.08	3	19.000	Working	0	3	0	3	0	0	0	0	0	0	0	0	3	0
127000301216991	127000301	2019-05-29		0			0	0	0	0	0	11.85	1	19.000	Working	0	0	0	0	0	0	0	0	0	0	0	0	0	0
127000301216992	127000301	2019-05-29		0			0	0	0	0	0	11.85	2	19.000	Working	0	0	0	0	0	0	0	0	0	0	0	0	0	0
127000301217131	127000301	2019-06-12		0			0	0	0	0	0	13.60	1	19.000	Working	0	1	0	1	0	1	0	0	0	0	0	0	0	0
127000301217133	127000301	2019-06-12		4			2	2	0	0	0	13.60	3	19.000	Working	0	4	0	4	0	0	0	0	0	0	0	0	4	0
127000301217271	127000301	2019-06-26		0			0	0	0	0	0	12.53	1	19.000	Working	0	0	0	0	0	0	0	0	0	0	0	0	0	0
127000301217273	127000301	2019-06-26		1			1	0	0	0	0	12.53	3	19.000	Working	0	2	0	1	0	0	0	1	0	0	1	0	1	0
127000301217411	127000301	2019-07-10		2			0	2	0	0	0	13.52	1	19.000	Working	0	2	0	2	0	0	0	0	0	0	0	0	2	0
127000301217413	127000301	2019-07-10		3			2	1	0	0	0	13.52	3	19.000	Working	5	3	0	3	0	0	0	0	0	0	0	0	3	0
127000301217551	127000301	2019-07-24		1			1	0	0	0	0	12.55	1	19.000	Working	0	1	0	1	0	0	0	0	0	0	0	0	1	0
127000301217553	127000301	2019-07-24		0			0	0	0	0	0	12.55	3	19.000	Working	0	0	0	0	0	0	0	0	0	0	0	0	0	0
127000301217691	127000301	2019-08-07		0			0	0	0	0	0	12.38	1	19.000	Working	0	0	0	0	0	0	0	0	0	0	0	0	0	0
127000301217692	127000301	2019-08-07		0			0	0	0	0	0	12.38	2	19.000	Working	0	0	0	0	0	0	0	0	0	0	0	0	0	0
127000301217831	127000301	2019-08-21		0			0	0	0	0	0	13.53	1	19.000	Working	0	0	0	0	0	0	0	0	0	0	0	0	0	0
127000301217833	127000301	2019-08-21		0			0	0	0	0	0	13.53	3	19.000	Working	0	0	0	0	0	0	0	0	0	0	0	0	0	0
127000301217971	127000301	2019-09-04		0			0	0	0	0	0	13.38	1	19.000	Working	0	0	0	0	0	0	0	0	0	0	0	0	0	0
127000301217973	127000301	2019-09-04		0			0	0	0	0	0	13.38	3	19.000	Working	0	0	0	0	0	0	0	0	0	0	0	0	0	0
127000301218111	127000301	2019-09-18		0			0	0	0	0	0	12.03	1	19.000	Working	0	0	0	0	0	0	0	0	0	0	0	0	0	0
127000301218113	127000301	2019-09-18		1			0	1	0	0	0	12.03	3	19.000	Working	0	1	0	1	0	0	0	0	0	0	0	0	1	0
127000301218251	127000301	2019-10-02		0			0	0	0	0	0	12.13	1	19.000	Working	0	0	0	0	0	0	0	0	0	0	0	0	0	0
127000301218252	127000301	2019-10-02		0			0	0	0	0	0	12.13	2	19.000	Working	0	0	0	0	0	0	0	0	0	0	0	0	0	0
127000301218391	127000301	2019-10-16		1			0	1	0	0	0	13.50	1	19.000	Working	0	1	0	1	0	0	0	0	0	0	0	0	1	0
127000301218393	127000301	2019-10-16		0			0	0	0	0	0	13.50	3	19.000	Working	0	0	0	0	0	0	0	0	0	0	0	0	0	0
127008701211361	127008701	2017-11-20		1			0	1	0	0	0	12.62	1	19.000	Working	0	1	0	1	0	0	0	0	0	0	0	0	1	0
127008701211362	127008701	2017-11-20		0			0	0	0	0	0	12.62	2	19.000	Working	0	0	0	0	0	0	0	0	0	0	0	0	0	0
127008701211363	127008701	2017-11-20		0			0	0	0	0	0	12.62	3	19.000	Working	0	0	0	0	0	0	0	0	0	0	0	0	0	0
127008701211501	127008701	2017-12-04	1	0	1	0	0	0	0	0	0	11.92	1	19.000	Working	0	0	0	0	0	0	0	0	0	0	0	0	0	0
127008701211502	127008701	2017-12-04		1			1	0	0	0	0	11.92	2	19.000	Working	0	1	0	1	0	0	0	0	0	0	0	0	1	0
127008701211503	127008701	2017-12-04		1			0	1	0	0	0	11.92	3	19.000	Working	0	2	1	1	1	0	0	0	0	0	0	0	1	0
127008701211651	127008701	2017-12-19	2	4	2	0	1	3	0	0	0	11.68	1	19.000	Working	0	4	0	4	0	0	0	0	0	0	0	0	4	0
127008701211652	127008701	2017-12-19		2			0	2	0	0	0	11.68	2	19.000	Working	0	2	0	2	0	0	0	0	0	0	0	0	2	0
127008701211653	127008701	2017-12-19		0			0	0	0	0	0	11.68	3	19.000	Working	0	0	0	0	0	0	0	0	0	0	0	0	0	0
127008701211801	127008701	2018-01-03	2	1	2	0	0	1	0	0	0	10.98	1	19.000	Working	0	1	0	1	0	0	0	0	0	0	0	0	1	0
127008701211802	127008701	2018-01-03		2			1	1	0	0	0	10.98	2	19.000	Working	0	2	0	2	0	0	0	0	0	0	0	0	2	0
127008701211803	127008701	2018-01-03		1			0	1	0	0	0	10.98	3	19.000	Working	0	2	0	1	0	0	0	1	0	0	0	0	1	1
127008701211931	127008701	2018-01-16		0			0	0	0	0	0	13.75	1	19.000	Working	0	0	0	0	0	0	0	0	0	0	0	0	0	0
127008701211932	127008701	2018-01-16		0			0	0	0	0	0	13.75	2	19.000	Working	0	0	0	0	0	0	0	0	0	0	0	0	0	0
127008701211933	127008701	2018-01-16		0			0	0	0	0	0	13.75	3	19.000	Working	0	0	0	0	0	0	0	0	0	0	0	0	0	0
127008701212071	127008701	2018-01-30		0			0	0	0	0	0	12.08	1	19.000	Working	0	0	0	0	0	0	0	0	0	0	0	0	0	0
127008701212072	127008701	2018-01-30		0			0	0	0	0	0	12.08	2	19.000	Working	0	0	0	0	0	0	0	0	0	0	0	0	0	0
127008701212073	127008701	2018-01-30		0			0	0	0	0	0	12.08	3	19.000	Working	0	0	0	0	0	0	0	0	0	0	0	0	0	0
127008701212211	127008701	2018-02-13		0			0	0	0	0	0	12.02	1	19.000	Working	0	0	0	0	0	0	0	0	0	0	0	0	0	0
127008701212212	127008701	2018-02-13		0			0	0	0	0	0	12.02	2	19.000	Working	0	0	0	0	0	0	0	0	0	0	0	0	0	0
127008701212213	127008701	2018-02-13		0			0	0	0	0	0	12.02	3	19.000	Working	0	0	0	0	0	0	0	0	0	0	0	0	0	0
127008701212351	127008701	2018-02-27		0			0	0	0	0	0	13.58	1	19.000	Working	0	0	0	0	0	0	0	0	0	0	0	0	0	0
127008701212352	127008701	2018-02-27		0			0	0	0	0	0	13.58	2	19.000	Working	0	0	0	0	0	0	0	0	0	0	0	0	0	0
127008701212353	127008701	2018-02-27		0			0	0	0	0	0	13.58	3	19.000	Working	0	0	0	0	0	0	0	0	0	0	0	0	0	0
127008701212491	127008701	2018-03-13		0			0	0	0	0	0	11.68	1	19.000	Working	0	0	0	0	0	0	0	0	0	0	0	0	0	0
127008701212492	127008701	2018-03-13		0			0	0	0	0	0	11.68	2	19.000	Working	0	0	0	0	0	0	0	0	0	0	0	0	0	0
127008701212493	127008701	2018-03-13		0			0	0	0	0	0	11.68	3	19.000	Working	0	0	0	0	0	0	0	0	0	0	0	0	0	0
127008701212631	127008701	2018-03-27	1	0	1	0	0	0	0	0	0	11.92	1	19.000	Working	0	0	0	0	0	0	0	0	0	0	0	0	0	0
127008701212632	127008701	2018-03-27		1			0	1	0	0	0	11.92	2	19.000	Working	0	1	0	1	0	0	0	0	0	0	0	0	1	0
127008701212633	127008701	2018-03-27		0			0	0	0	0	0	11.92	3	19.000	Working	0	0	0	0	0	0	0	0	0	0	0	0	0	0
127008701212771	127008701	2018-04-10		0			0	0	0	0	0	11.92	1	19.000	Working	0	0	0	0	0	0	0	0	0	0	0	0	0	0
127008701212772	127008701	2018-04-10		0			0	0	0	0	0	11.92	2	19.000	Working	0	0	0	0	0	0	0	0	0	0	0	0	0	0
127008701212773	127008701	2018-04-10		0			0	0	0	0	0	11.92	3	19.000	Working	0	1	0	1	0	0	0	0	0	1	0	0	0	0
127008701212911	127008701	2018-04-24		2			1	1	0	1	0	13.50	1	19.000	Working	0	4	0	4	0	0	0	0	0	1	0	0	2	0
127008701212912	127008701	2018-04-24		1			1	0	0	0	0	13.50	2	19.000	Working	0	1	0	1	0	0	0	0	0	0	0	0	1	0
127008701212913	127008701	2018-04-24		0			0	0	0	0	0	13.50	3	19.000	Working	0	0	0	0	0	0	0	0	0	0	0	0	0	0
127008701213051	127008701	2018-05-08		1			0	1	0	1	0	11.68	1	19.000	Working	0	2	0	2	0	0	0	0	0	0	0	0	1	0
127008701213052	127008701	2018-05-08		1			0	1	0	0	0	11.68	2	19.000	Working	0	1	0	1	0	0	0	0	0	0	0	0	1	0
127008701213053	127008701	2018-05-08		1			0	1	0	0	0	11.68	3	19.000	Working	0	1	0	1	0	0	0	0	0	0	0	0	1	0
127008701213191	127008701	2018-05-22		4			0	4	0	0	0	13.33	1	19.000	Working	0	4	0	4	0	0	0	0	0	0	0	0	4	0
127008701213192	127008701	2018-05-22		4			2	2	0	0	0	13.33	2	19.000	Working	0	5	0	4	0	0	0	1	0	0	0	0	4	1
127008701213193	127008701	2018-05-22		7			2	5	0	0	0	13.33	3	19.000	Working	0	8	0	7	0	0	0	1	0	0	0	0	7	1
127008701213331	127008701	2018-06-05		3			0	3	0	0	0	11.70	1	19.000	Working	0	3	0	3	0	0	0	0	0	0	0	0	3	0
127008701213332	127008701	2018-06-05		4			2	2	0	0	0	11.70	2	19.000	Working	0	4	0	4	0	0	0	0	0	0	0	0	4	0
127008701213333	127008701	2018-06-05		5			1	4	0	0	0	11.70	3	19.000	Working	0	6	0	5	0	0	0	1	0	0	0	0	5	1
127008701213471	127008701	2018-06-19		1			0	1	0	0	0	11.70	1	19.000	Working	0	4	0	3	0	2	0	1	0	0	0	0	1	1
127008701213472	127008701	2018-06-19		0			0	0	0	0	0	11.70	2	19.000	Working	0	0	0	0	0	0	0	0	0	0	0	0	0	0
127008701213473	127008701	2018-06-19		3			3	0	0	0	0	11.70	3	19.000	Working	0	3	0	3	0	0	0	0	0	0	0	0	3	0
127008701213611	127008701	2018-07-03		0			0	0	0	0	0	12.25	1	19.000	Working	0	0	0	0	0	0	0	0	0	0	0	0	0	0
127008701213612	127008701	2018-07-03		0			0	0	0	0	0	12.25	2	19.000	Working	0	0	0	0	0	0	0	0	0	0	0	0	0	0
127008701213613	127008701	2018-07-03		0			0	0	0	0	0	12.25	3	19.000	Working	0	0	0	0	0	0	0	0	0	0	0	0	0	0
127008701213751	127008701	2018-07-17		0			0	0	0	0	0	11.82	1	19.000	Working	0	0	0	0	0	0	0	0	0	0	0	0	0	0
127008701213752	127008701	2018-07-17		0			0	0	0	0	0	11.82	2	19.000	Working	0	0	0	0	0	0	0	0	0	0	0	0	0	0
127008701213753	127008701	2018-07-17		0			0	0	0	0	0	11.82	3	19.000	Working	0	0	0	0	0	0	0	0	0	0	0	0	0	0
127008701213891	127008701	2018-07-31		0			0	0	0	0	0	11.95	1	19.000	Working	0	0	0	0	0	0	0	0	0	0	0	0	0	0
127008701213892	127008701	2018-07-31		0			0	0	0	0	0	11.95	2	19.000	Working	0	0	0	0	0	0	0	0	0	0	0	0	0	0
127008701213893	127008701	2018-07-31		0			0	0	0	0	0	11.95	3	19.000	Working	0	0	0	0	0	0	0	0	0	0	0	0	0	0
127008701214031	127008701	2018-08-14		0			0	0	0	0	0	11.88	1	19.000	Working	0	0	0	0	0	0	0	0	0	0	0	0	0	0
127008701214032	127008701	2018-08-14		0			0	0	0	0	0	11.88	2	19.000	Working	0	0	0	0	0	0	0	0	0	0	0	0	0	0
127008701214033	127008701	2018-08-14		0			0	0	0	0	0	11.88	3	19.000	Working	0	0	0	0	0	0	0	0	0	0	0	0	0	0
127008701214171	127008701	2018-08-28		0			0	0	0	0	0	11.67	1	19.000	Working	0	0	0	0	0	0	0	0	0	0	0	0	0	0
127008701214172	127008701	2018-08-28		0			0	0	0	0	0	11.67	2	19.000	Working	0	0	0	0	0	0	0	0	0	0	0	0	0	0
127008701214173	127008701	2018-08-28		0			0	0	0	0	0	11.67	3	19.000	Working	0	0	0	0	0	0	0	0	0	0	0	0	0	0
127008701214311	127008701	2018-09-11		1			0	1	0	0	0	11.90	1	19.000	Working	0	1	0	1	0	0	0	0	0	0	0	0	1	0
127008701214312	127008701	2018-09-11		1			0	1	0	0	0	11.90	2	19.000	Working	0	3	0	3	0	0	0	0	0	2	0	0	1	0
127008701214313	127008701	2018-09-11		1			1	0	0	0	0	11.90	3	19.000	Working	0	1	0	1	0	0	0	0	0	0	0	0	1	0
127008701214451	127008701	2018-09-25		0			0	0	0	0	0	12.48	1	19.000	Working	0	0	0	0	0	0	0	0	0	0	0	0	0	0
127008701214452	127008701	2018-09-25		0			0	0	0	0	0	12.48	2	19.000	Working	0	0	0	0	0	0	0	0	0	0	0	0	0	0
127008701214453	127008701	2018-09-25		0			0	0	0	0	0	12.48	3	19.000	Working	0	0	0	0	0	0	0	0	0	0	0	0	0	0
127008701214591	127008701	2018-10-09		0			0	0	0	0	0	11.67	1	19.000	Working	0	0	0	0	0	0	0	0	0	0	0	0	0	0
127008701214592	127008701	2018-10-09		0			0	0	0	0	0	11.67	2	19.000	Working	0	0	0	0	0	0	0	0	0	0	0	0	0	0
127008701214593	127008701	2018-10-09		0			0	0	0	0	0	11.67	3	19.000	Working	0	0	0	0	0	0	0	0	0	0	0	0	0	0
127008701214731	127008701	2018-10-23		0			0	0	0	0	0	11.67	1	19.000	Working	0	0	0	0	0	0	0	0	0	0	0	0	0	0
127008701214732	127008701	2018-10-23		0			0	0	0	0	0	11.67	2	19.000	Working	0	0	0	0	0	0	0	0	0	0	0	0	0	0
127008701214733	127008701	2018-10-23		0			0	0	0	0	0	11.67	3	19.000	Working	0	0	0	0	0	0	0	0	0	0	0	0	0	0
127008701214871	127008701	2018-11-06		0			0	0	0	0	0	13.63	1	19.000	Working	0	0	0	0	0	0	0	0	0	0	0	0	0	0
127008701214872	127008701	2018-11-06		0			0	0	0	0	0	13.63	2	19.000	Working	0	0	0	0	0	0	0	0	0	0	0	0	0	0
127008701214873	127008701	2018-11-06		0			0	0	0	1	0	13.63	3	19.000	Working	0	1	0	1	0	0	0	0	0	0	0	0	0	0
127008701215011	127008701	2018-11-20		0			0	0	0	0	0	11.67	1	19.000	Working	0	0	0	0	0	0	0	0	0	0	0	0	0	0
127008701215012	127008701	2018-11-20		0			0	0	0	0	0	11.67	2	19.000	Working	0	0	0	0	0	0	0	0	0	0	0	0	0	0
127008701215013	127008701	2018-11-20		0			0	0	0	0	0	11.67	3	19.000	Working	0	0	0	0	0	0	0	0	0	0	0	0	0	0
127008701215151	127008701	2018-12-04		0			0	0	0	0	0	11.73	1	19.000	Working	0	0	0	0	0	0	0	0	0	0	0	0	0	0
127008701215152	127008701	2018-12-04		0			0	0	0	0	0	11.73	2	19.000	Working	0	0	0	0	0	0	0	0	0	0	0	0	0	0
127008701215153	127008701	2018-12-04		0			0	0	0	0	0	11.73	3	19.000	Working	0	0	0	0	0	0	0	0	0	0	0	0	0	0
127008701215291	127008701	2018-12-18		0			0	0	0	0	0	11.67	1	19.000	Working	0	0	0	0	0	0	0	0	0	0	0	0	0	0
127008701215292	127008701	2018-12-18		0			0	0	0	0	0	11.67	2	19.000	Working	0	0	0	0	0	0	0	0	0	0	0	0	0	0
127008701215293	127008701	2018-12-18		0			0	0	0	0	0	11.67	3	19.000	Working	0	0	0	0	0	0	0	0	0	0	0	0	0	0
127008701215451	127008701	2019-01-03		0			0	0	0	0	0	11.75	1	19.000	Working	0	0	0	0	0	0	0	0	0	0	0	0	0	0
127008701215452	127008701	2019-01-03		0			0	0	0	0	0	11.75	2	19.000	Working	0	0	0	0	0	0	0	0	0	0	0	0	0	0
127008701215453	127008701	2019-01-03		0			0	0	0	0	0	11.75	3	19.000	Working	0	0	0	0	0	0	0	0	0	0	0	0	0	0
127008701215571	127008701	2019-01-15		0			0	0	0	0	0	13.33	1	19.000	Working	0	0	0	0	0	0	0	0	0	0	0	0	0	0
127008701215572	127008701	2019-01-15		0			0	0	0	0	0	13.33	2	19.000	Working	0	0	0	0	0	0	0	0	0	0	0	0	0	0
127008701215573	127008701	2019-01-15		0			0	0	0	0	0	13.33	3	19.000	Working	0	0	0	0	0	0	0	0	0	0	0	0	0	0
127008701215711	127008701	2019-01-29		0			0	0	0	0	0	11.67	1	19.000	Working	0	0	0	0	0	0	0	0	0	0	0	0	0	0
127008701215712	127008701	2019-01-29		0			0	0	0	0	0	11.67	2	19.000	Working	0	0	0	0	0	0	0	0	0	0	0	0	0	0
127008701215713	127008701	2019-01-29		0			0	0	0	0	0	11.67	3	19.000	Working	0	0	0	0	0	0	0	0	0	0	0	0	0	0
127008701215851	127008701	2019-02-12		0			0	0	0	0	0	13.33	1	19.000	Working	0	0	0	0	0	0	0	0	0	0	0	0	0	0
127008701215852	127008701	2019-02-12		0			0	0	0	0	0	13.33	2	19.000	Working	0	0	0	0	0	0	0	0	0	0	0	0	0	0
127008701215853	127008701	2019-02-12		0			0	0	0	0	0	13.33	3	19.000	Working	0	0	0	0	0	0	0	0	0	0	0	0	0	0
127008701215991	127008701	2019-02-26		0			0	0	0	0	0	13.33	1	19.000	Working	0	0	0	0	0	0	0	0	0	0	0	0	0	0
127008701215992	127008701	2019-02-26		0			0	0	0	0	0	13.33	2	19.000	Working	0	0	0	0	0	0	0	0	0	0	0	0	0	0
127008701215993	127008701	2019-02-26		0			0	0	0	0	0	13.33	3	19.000	Working	0	0	0	0	0	0	0	0	0	0	0	0	0	0
127008701216131	127008701	2019-03-12		0			0	0	0	0	0	11.67	1	19.000	Working	0	0	0	0	0	0	0	0	0	0	0	0	0	0
127008701216132	127008701	2019-03-12		0			0	0	0	0	0	11.67	2	19.000	Working	0	0	0	0	0	0	0	0	0	0	0	0	0	0
127008701216133	127008701	2019-03-12		0			0	0	0	0	0	11.67	3	19.000	Working	0	0	0	0	0	0	0	0	0	0	0	0	0	0
127008701216271	127008701	2019-03-26		0			0	0	0	0	0	11.72	1	19.000	Working	0	0	0	0	0	0	0	0	0	0	0	0	0	0
127008701216272	127008701	2019-03-26		0			0	0	0	0	0	11.72	2	19.000	Working	0	0	0	0	0	0	0	0	0	0	0	0	0	0
127008701216273	127008701	2019-03-26		0			0	0	0	0	0	11.72	3	19.000	Working	0	0	0	0	0	0	0	0	0	0	0	0	0	0
127008701216411	127008701	2019-04-09		0			0	0	0	0	0	11.67	1	19.000	Working	0	0	0	0	0	0	0	0	0	0	0	0	0	0
127008701216412	127008701	2019-04-09		0			0	0	0	0	0	11.67	2	19.000	Working	0	0	0	0	0	0	0	0	0	0	0	0	0	0
127008701216413	127008701	2019-04-09		0			0	0	0	0	0	11.67	3	19.000	Working	0	0	0	0	0	0	0	0	0	0	0	0	0	0
127008701216551	127008701	2019-04-23		0			0	0	0	0	0	11.67	1	19.000	Working	0	0	0	0	0	0	0	0	0	0	0	0	0	0
127008701216552	127008701	2019-04-23		0			0	0	0	0	0	11.67	2	19.000	Working	0	0	0	0	0	0	0	0	0	0	0	0	0	0
127008701216553	127008701	2019-04-23		0			0	0	0	0	0	11.67	3	19.000	Working	0	0	0	0	0	0	0	0	0	0	0	0	0	0
127008701216691	127008701	2019-05-07		0			0	0	0	0	0	11.67	1	19.000	Working	0	0	0	0	0	0	0	0	0	0	0	0	0	0
127008701216692	127008701	2019-05-07		0			0	0	0	0	0	11.67	2	19.000	Working	0	0	0	0	0	0	0	0	0	0	0	0	0	0
127008701216693	127008701	2019-05-07		0			0	0	0	0	0	11.67	3	19.000	Working	0	0	0	0	0	0	0	0	0	0	0	0	0	0
127008701216831	127008701	2019-05-21		0			0	0	0	0	0	10.83	1	19.000	Working	0	0	0	0	0	0	0	0	0	0	0	0	0	0
127008701216832	127008701	2019-05-21		0			0	0	0	0	0	10.83	2	19.000	Working	0	0	0	0	0	0	0	0	0	0	0	0	0	0
127008701216833	127008701	2019-05-21		0			0	0	0	0	0	10.83	3	19.000	Working	0	0	0	0	0	0	0	0	0	0	0	0	0	0
127008701216971	127008701	2019-06-04		0			0	0	0	0	0	13.40	1	19.000	Working	0	0	0	0	0	0	0	0	0	0	0	0	0	0
127008701216972	127008701	2019-06-04		0			0	0	0	0	0	13.40	2	19.000	Working	0	0	0	0	0	0	0	0	0	0	0	0	0	0
127008701216973	127008701	2019-06-04		2			2	0	0	0	0	13.40	3	19.000	Working	0	2	0	2	0	0	0	0	0	0	0	0	2	0
127008701217111	127008701	2019-06-18		0			0	0	0	1	0	12.33	1	19.000	Working	0	1	0	1	0	0	0	0	0	0	0	0	0	0
127008701217112	127008701	2019-06-18		0			0	0	0	1	0	12.33	2	19.000	Working	0	1	0	1	0	0	0	0	0	0	0	0	0	0
127008701217113	127008701	2019-06-18		4			1	3	0	1	0	12.33	3	19.000	Working	0	6	0	6	0	0	0	0	0	1	0	0	4	0
127008701217251	127008701	2019-07-02	1	4	1	0	1	3	0	0	0	12.20	1	19.000	Working	0	4	0	4	0	0	0	0	0	0	0	0	4	0
127008701217252	127008701	2019-07-02		0			0	0	0	0	0	12.20	2	19.000	Working	0	0	0	0	0	0	0	0	0	0	0	0	0	0
127008701217253	127008701	2019-07-02		11			2	9	0	0	0	12.20	3	19.000	Working	0	11	0	11	0	0	0	0	0	0	0	0	11	0
127008701217391	127008701	2019-07-16	1	3	1	0	3	0	0	0	0	12.13	1	19.000	Working	0	3	0	3	0	0	0	0	0	0	0	0	3	0
127008701217392	127008701	2019-07-16		0			0	0	0	0	0	12.13	2	19.000	Working	0	0	0	0	0	0	0	0	0	0	0	0	0	0
127008701217393	127008701	2019-07-16		3			0	3	0	0	0	12.13	3	19.000	Working	0	3	0	3	0	0	0	0	0	0	0	0	3	0
127008701217531	127008701	2019-07-30	1	1	1	0	0	1	0	0	0	11.87	1	19.000	Working	0	1	0	1	0	0	0	0	0	0	0	0	1	0
127008701217532	127008701	2019-07-30		0			0	0	0	0	0	11.87	2	19.000	Working	0	0	0	0	0	0	0	0	0	0	0	0	0	0
127008701217533	127008701	2019-07-30		3			1	2	0	0	0	11.87	3	19.000	Working	0	3	0	3	0	0	0	0	0	0	0	0	3	0
127008701217671	127008701	2019-08-13		0			0	0	0	0	0	11.67	1	19.000	Working	0	0	0	0	0	0	0	0	0	0	0	0	0	0
127008701217672	127008701	2019-08-13		0			0	0	0	0	0	11.67	2	19.000	Working	0	0	0	0	0	0	0	0	0	0	0	0	0	0
127008701217673	127008701	2019-08-13		0			0	0	0	0	0	11.67	3	19.000	Working	0	0	0	0	0	0	0	0	0	0	0	0	0	0
127008701217811	127008701	2019-08-27		0			0	0	0	0	0	13.78	1	19.000	Working	0	0	0	0	0	0	0	0	0	0	0	0	0	0
127008701217812	127008701	2019-08-27		0			0	0	0	0	0	13.78	2	19.000	Working	0	0	0	0	0	0	0	0	0	0	0	0	0	0
127008701217813	127008701	2019-08-27		0			0	0	0	0	0	13.78	3	19.000	Working	0	0	0	0	0	0	0	0	0	0	0	0	0	0
127008701217952	127008701	2019-09-10		1			1	0	0	0	0	13.37	2	19.000	Working	0	1	0	1	0	0	0	0	0	0	0	0	1	0
127008701217953	127008701	2019-09-10		0			0	0	0	0	0	13.37	3	19.000	Working	0	0	0	0	0	0	0	0	0	0	0	0	0	0
127008701218092	127008701	2019-09-24		1			1	0	0	0	0	12.53	2	19.000	Working	0	1	0	1	0	0	0	0	0	0	0	0	1	0
127008701218093	127008701	2019-09-24		0			0	0	0	0	0	12.53	3	19.000	Working	0	0	0	0	0	0	0	0	0	0	0	0	0	0
127008701218231	127008701	2019-10-08		0			0	0	0	0	0	11.75	1	19.000	Working	0	0	0	0	0	0	0	0	0	0	0	0	0	0
127008701218232	127008701	2019-10-08		0			0	0	0	0	0	11.75	2	19.000	Working	0	0	0	0	0	0	0	0	0	0	0	0	0	0
127008701218233	127008701	2019-10-08		0			0	0	0	0	0	11.75	3	19.000	Working	0	0	0	0	0	0	0	0	0	0	0	0	0	0
127008701218371	127008701	2019-10-22		0			0	0	0	0	0	13.80	1	19.000	Working	0	0	0	0	0	0	0	0	0	0	0	0	0	0
127008701218372	127008701	2019-10-22		0			0	0	0	1	0	13.80	2	19.000	Working	0	1	0	1	0	0	0	0	0	0	0	0	0	0
127008701218373	127008701	2019-10-22		1			0	1	0	0	0	13.80	3	19.000	Working	0	1	0	1	0	0	0	0	0	0	0	0	1	0
127010602211381	127010602	2017-11-21	3	0	3	0	0	0	0	0	0	11.90	1	19.000	Working	0	7	0	7	0	0	0	0	0	2	0	0	5	0
127010602211521	127010602	2017-12-05		0			0	0	0	0	0	11.70	1	19.000	Working	0	0	0	0	0	0	0	0	0	0	0	0	0	0
127010602211671	127010602	2017-12-20		0			0	0	0	0	0	11.92	1	19.000	Working	0	0	0	0	0	0	0	0	0	0	0	0	0	0
127010602211821	127010602	2018-01-04	1	1	1	0	0	1	0	0	0	11.88	1	19.000	Working	0	1	0	1	0	0	0	0	0	0	0	0	1	0
127010602211951	127010602	2018-01-17		0			0	0	0	0	0	11.88	1	19.000	Working	0	0	0	0	0	0	0	0	0	0	0	0	0	0
127010602212091	127010602	2018-01-31		0			0	0	0	0	0	12.28	1	19.000	Working	0	0	0	0	0	0	0	0	0	0	0	0	0	0
127010602212231	127010602	2018-02-14		0			0	0	0	0	0	11.92	1	19.000	Working	0	0	0	0	0	0	0	0	0	0	0	0	0	0
127010602212371	127010602	2018-02-28		0			0	0	0	0	0	13.38	1	19.000	Working	0	0	0	0	0	0	0	0	0	0	0	0	0	0
127010602212511	127010602	2018-03-14		0			0	0	0	0	0	11.83	1	19.000	Working	0	0	0	0	0	0	0	0	0	0	0	0	0	0
127010602212651	127010602	2018-03-28		0			0	0	0	0	0	12.05	1	19.000	Working	0	0	0	0	0	0	0	0	0	0	0	0	0	0
127010602212791	127010602	2018-04-11		0			0	0	0	0	0	12.00	1	19.000	Working	0	0	0	0	0	0	0	0	0	0	0	0	0	0
127010602212931	127010602	2018-04-25		18			5	13	0	0	0	12.30	1	19.000	Working	0	19	0	19	0	1	0	0	0	0	0	0	18	0
127010602213071	127010602	2018-05-09		5			0	5	0	0	0	12.37	1	19.000	Working	0	5	0	5	0	0	0	0	0	0	0	0	5	0
127010602213211	127010602	2018-05-23		8			3	5	0	0	0	12.28	1	19.000	Working	0	13	0	13	0	3	0	0	0	2	0	0	8	0
127010602213351	127010602	2018-06-06	2	19	2	0	5	14	0	2	0	11.88	1	19.000	Working	0	30	0	30	0	3	0	0	0	6	0	0	19	0
127010602213491	127010602	2018-06-20		0			0	0	0	0	0	12.23	1	19.000	Working	0	0	0	0	0	0	0	0	0	0	0	0	0	0
127010602213631	127010602	2018-07-04		4			2	2	0	0	0	12.43	1	19.000	Working	0	5	0	5	0	1	0	0	0	0	0	0	4	0
127010602213771	127010602	2018-07-18		1			1	0	0	0	0	11.97	1	19.000	Working	0	1	0	1	0	0	0	0	0	0	0	0	1	0
127010602213911	127010602	2018-08-01		0			0	0	0	0	0	12.08	1	19.000	Working	0	0	0	0	0	0	0	0	0	0	0	0	0	0
127010602214051	127010602	2018-08-15		2			0	2	0	0	0	12.08	1	19.000	Working	0	2	0	2	0	0	0	0	0	0	0	0	2	0
127010602214191	127010602	2018-08-29		0			0	0	0	0	0	11.85	1	19.000	Working	0	0	0	0	0	0	0	0	0	0	0	0	0	0
127010602214331	127010602	2018-09-12	1	1	1	0	0	1	0	0	0	12.05	1	19.000	Working	0	2	0	2	0	1	0	0	0	0	0	0	1	0
127010602214471	127010602	2018-09-26		0			0	0	0	0	0	12.58	1	19.000	Working	0	0	0	0	0	0	0	0	0	0	0	0	0	0
127010602214611	127010602	2018-10-10	1	0	1	0	0	0	0	2	0	12.47	1	19.000	Working	0	2	0	2	0	0	0	0	0	0	0	0	0	0
127010602214751	127010602	2018-10-24		3			1	2	0	0	0	11.88	1	19.000	Working	0	4	0	4	0	0	0	0	0	0	0	0	4	0
127010602214891	127010602	2018-11-07		1			0	1	0	0	0	12.28	1	19.000	Working	0	1	0	1	0	0	0	0	0	0	0	0	1	0
127010602215031	127010602	2018-11-21		0			0	0	0	0	0	11.83	1	19.000	Working	0	0	0	0	0	0	0	0	0	0	0	0	0	0
127010602215171	127010602	2018-12-05		0			0	0	0	0	0	12.35	1	19.000	Working	0	0	0	0	0	0	0	0	0	0	0	0	0	0
127010602215311	127010602	2018-12-19		0			0	0	0	0	0	11.87	1	19.000	Working	0	0	0	0	0	0	0	0	0	0	0	0	0	0
127010602215471	127010602	2019-01-04		0			0	0	0	0	0	12.57	1	19.000	Working	0	0	0	0	0	0	0	0	0	0	0	0	0	0
127010602215591	127010602	2019-01-16		0			0	0	0	0	0	12.28	1	19.000	Working	0	0	0	0	0	0	0	0	0	0	0	0	0	0
127010602215731	127010602	2019-01-30		0			0	0	0	0	0	11.90	1	19.000	Working	0	0	0	0	0	0	0	0	0	0	0	0	0	0
127010602215871	127010602	2019-02-13		0			0	0	0	0	0	11.83	1	19.000	Working	0	0	0	0	0	0	0	0	0	0	0	0	0	0
127010602216011	127010602	2019-02-27		0			0	0	0	0	0	13.48	1	19.000	Working	0	0	0	0	0	0	0	0	0	0	0	0	0	0
127010602216151	127010602	2019-03-13		0			0	0	0	0	0	11.87	1	19.000	Working	0	0	0	0	0	0	0	0	0	0	0	0	0	0
127010602216291	127010602	2019-03-27		0			0	0	0	0	0	13.58	1	19.000	Working	0	0	0	0	0	0	0	0	0	0	0	0	0	0
127010602216431	127010602	2019-04-10		0			0	0	0	0	0	12.23	1	19.000	Working	0	0	0	0	0	0	0	0	0	0	0	0	0	0
127010602216571	127010602	2019-04-24		0			0	0	0	0	0	12.18	1	19.000	Working	0	0	0	0	0	0	0	0	0	0	0	0	0	0
127010602216711	127010602	2019-05-08		0			0	0	0	0	0	12.18	1	19.000	Working	0	0	0	0	0	0	0	0	0	0	0	0	0	0
127010602216851	127010602	2019-05-22		0			0	0	0	0	0	11.97	1	19.000	Working	0	0	0	0	0	0	0	0	0	0	0	0	0	0
127010602216852	127010602	2019-05-22		0			0	0	0	0	0	11.97	2	19.000	Working	0	0	0	0	0	0	0	0	0	0	0	0	0	0
127010602216991	127010602	2019-06-05		1			0	1	0	0	0	11.75	1	19.000	Working	0	2	0	2	0	0	0	0	0	1	0	0	1	0
127010602216992	127010602	2019-06-05		0			0	0	0	0	0	11.75	2	19.000	Working	0	0	0	0	0	0	0	0	0	0	0	0	0	0
127010602217131	127010602	2019-06-19		0			0	0	0	0	0	13.43	1	19.000	Working	0	0	0	0	0	0	0	0	0	0	0	0	0	0
127010602217132	127010602	2019-06-19		0			0	0	0	0	0	13.43	2	19.000	Working	0	0	0	0	0	0	0	0	0	0	0	0	0	0
127010602217271	127010602	2019-07-03		2			0	2	0	0	0	13.33	1	19.000	Working	0	2	0	2	0	0	0	0	0	0	0	0	2	0
127010602217272	127010602	2019-07-03		0			0	0	0	0	0	13.33	2	19.000	Working	0	0	0	0	0	0	0	0	0	0	0	0	0	0
127010602217411	127010602	2019-07-17	1	4	1	0	2	2	0	0	0	12.63	1	19.000	Working	0	4	0	4	0	0	0	0	0	0	0	0	4	0
127010602217412	127010602	2019-07-17		0			0	0	0	0	0	12.63	2	19.000	Working	0	0	0	0	0	0	0	0	0	0	0	0	0	0
127010602217551	127010602	2019-07-31	1	0	1	0	0	0	0	0	0	12.37	1	19.000	Working	0	0	0	0	0	0	0	0	0	0	0	0	0	0
127010602217552	127010602	2019-07-31		8			3	5	0	0	0	12.37	2	19.000	Working	0	8	0	8	0	0	0	0	0	0	0	0	8	0
127010602217691	127010602	2019-08-14		0			0	0	0	0	0	12.37	1	19.000	Working	0	0	0	0	0	0	0	0	0	0	0	0	0	0
127010602217692	127010602	2019-08-14		0			0	0	0	0	0	12.37	2	19.000	Working	0	0	0	0	0	0	0	0	0	0	0	0	0	0
127010602217831	127010602	2019-08-28		0			0	0	0	0	0	13.63	1	19.000	Working	0	0	0	0	0	0	0	0	0	0	0	0	0	0
127010602217832	127010602	2019-08-28		0			0	0	0	0	0	13.63	2	19.000	Working	0	0	0	0	0	0	0	0	0	0	0	0	0	0
127010602217971	127010602	2019-09-11		0			0	0	0	0	0	13.48	1	19.000	Working	0	0	0	0	0	0	0	0	0	0	0	0	0	0
127010602217972	127010602	2019-09-11		0			0	0	0	0	0	13.48	2	19.000	Working	0	0	0	0	0	0	0	0	0	0	0	0	0	0
127010602218111	127010602	2019-09-25		0			0	0	0	0	0	11.97	1	19.000	Working	0	0	0	0	0	0	0	0	0	0	0	0	0	0
127010602218112	127010602	2019-09-25		0			0	0	0	0	0	11.97	2	19.000	Working	0	0	0	0	0	0	0	0	0	0	0	0	0	0
127010602218251	127010602	2019-10-09		0			0	0	0	0	0	12.03	1	19.000	Working	0	0	0	0	0	0	0	0	0	0	0	0	0	0
127010602218252	127010602	2019-10-09		0			0	0	0	0	0	12.03	2	19.000	Working	0	0	0	0	0	0	0	0	0	0	0	0	0	0
127010602218391	127010602	2019-10-23		0			0	0	0	0	0	13.65	1	19.000	Working	0	0	0	0	0	0	0	0	0	0	0	0	0	0
127010602218392	127010602	2019-10-23		0			0	0	0	0	0	13.65	2	19.000	Working	0	0	0	0	0	0	0	0	0	0	0	0	0	0
128000201211381	128000201	2017-11-08		1			0	1	0	0	0	13.33	1	19.000	Working	0	6	0	2	0	1	0	4	0	0	4	0	1	0
128000201211521	128000201	2017-11-22		7			2	5	0	0	0	12.22	1	19.000	Working	0	7	0	6	0	0	0	1	0	0	0	0	6	1
128000201211671	128000201	2017-12-07	1	2	1	0	1	1	0	1	0	12.65	1	19.000	Working	0	3	0	3	0	0	0	0	0	0	0	0	2	0
128000201211821	128000201	2017-12-22	1	2	1	0	0	2	0	0	0	13.35	1	19.000	Working	0	2	0	2	0	0	0	0	0	0	0	0	2	0
128000201211951	128000201	2018-01-04	1	2	1	0	0	2	0	0	0	12.45	1	19.000	Working	0	2	1	1	0	0	0	0	0	0	0	1	1	0
128000201212091	128000201	2018-01-18		0			0	0	0	0	0	13.33	1	19.000	Working	0	0	0	0	0	0	0	0	0	0	0	0	0	0
128000201212231	128000201	2018-02-01		0			0	0	0	0	0	12.25	1	19.000	Working	0	0	0	0	0	0	0	0	0	0	0	0	0	0
128000201212371	128000201	2018-02-15		0			0	0	0	0	0	12.25	1	19.000	Working	0	0	0	0	0	0	0	0	0	0	0	0	0	0
128000201212511	128000201	2018-03-01		0			0	0	0	0	0	12.08	1	19.000	Working	0	0	0	0	0	0	0	0	0	0	0	0	0	0
128000201212651	128000201	2018-03-15	1	2	1	0	0	2	0	0	0	12.40	1	19.000	Working	0	2	0	2	0	0	0	0	0	0	0	0	2	0
128000201212791	128000201	2018-03-29	1	2	1	0	0	2	0	0	0	12.42	1	19.000	Working	0	2	0	2	0	0	0	0	0	0	0	0	2	0
128000201212931	128000201	2018-04-12		0			0	0	0	0	0	12.13	1	19.000	Working	0	0	0	0	0	0	0	0	0	0	0	0	0	0
128000201213071	128000201	2018-04-26		9			3	6	0	4	0	13.73	1	19.000	Working	0	18	0	15	0	0	0	3	0	2	0	0	9	3
128000201213211	128000201	2018-05-10		13			5	8	0	0	0	11.83	1	19.000	Working	0	15	0	13	0	0	0	2	0	0	0	0	13	2
128000201213351	128000201	2018-05-24		6			2	4	0	0	0	12.43	1	19.000	Working	0	6	0	6	0	0	0	0	0	0	0	0	6	0
128000201213491	128000201	2018-06-07		1			0	1	0	4	0	11.85	1	19.000	Working	0	9	0	9	0	2	0	0	0	2	0	0	1	0
128000201213631	128000201	2018-06-21		4			1	3	0	0	0	11.83	1	19.000	Working	0	4	0	4	0	0	0	0	0	0	0	0	4	0
128000201213771	128000201	2018-07-05		0			0	0	0	0	0	12.48	1	19.000	Working	0	0	0	0	0	0	0	0	0	0	0	0	0	0
128000201213911	128000201	2018-07-19		0			0	0	0	0	0	12.63	1	19.000	Working	0	0	0	0	0	0	0	0	0	0	0	0	0	0
128000201214051	128000201	2018-08-02		0			0	0	0	0	0	12.57	1	19.000	Working	0	3	0	3	0	3	0	0	0	0	0	0	0	0
128000201214191	128000201	2018-08-16		1			0	1	0	0	0	12.60	1	19.000	Working	0	1	1	0	0	0	0	0	0	0	0	1	0	0
128000201214331	128000201	2018-08-30	1	1	1	0	0	1	0	0	0	12.63	1	19.000	Working	0	2	0	2	0	1	0	0	0	0	0	0	1	0
128000201214471	128000201	2018-09-13	1	0	1	0	0	0	0	1	0	12.17	1	19.000	Working	0	2	0	2	0	0	0	0	0	1	0	0	0	0
128000201214611	128000201	2018-09-27		0			0	0	0	0	0	12.20	1	19.000	Working	0	0	0	0	0	0	0	0	0	0	0	0	0	0
128000201214751	128000201	2018-10-11	1	7	1	0	1	6	0	0	0	12.43	1	19.000	Working	0	7	0	7	0	0	0	0	0	0	0	0	7	0
128000201214891	128000201	2018-10-25		1			0	1	0	1	0	12.00	1	19.000	Working	0	3	0	3	0	0	0	0	0	1	0	0	1	0
128000201215031	128000201	2018-11-08		0			0	0	0	0	0	13.68	1	19.000	Working	0	0	0	0	0	0	0	0	0	0	0	0	0	0
128000201215171	128000201	2018-11-22		0			0	0	0	0	0	14.00	1	19.000	Working	0	0	0	0	0	0	0	0	0	0	0	0	0	0
128000201215311	128000201	2018-12-06	2	2	2	0	0	2	0	0	0	12.43	1	19.000	Working	0	2	0	2	0	0	0	0	0	0	0	0	2	0
128000201215471	128000201	2018-12-22		0			0	0	0	0	0	11.67	1	19.000	Working	0	0	0	0	0	0	0	0	0	0	0	0	0	0
128000201215591	128000201	2019-01-03	1	1	1	0	0	1	0	0	0	11.78	1	19.000	Working	0	1	0	1	0	0	0	0	0	0	0	0	1	0
128000201215731	128000201	2019-01-17	1	1	1	0	0	1	0	0	0	12.48	1	19.000	Working	0	1	0	1	0	0	0	0	0	0	0	0	1	0
128000201215871	128000201	2019-01-31		0			0	0	0	0	0	12.47	1	19.000	Working	0	0	0	0	0	0	0	0	0	0	0	0	0	0
128000201216011	128000201	2019-02-14		0			0	0	0	0	0	12.40	1	19.000	Working	0	0	0	0	0	0	0	0	0	0	0	0	0	0
128000201216151	128000201	2019-02-28	1	0	1	0	0	0	0	0	0	12.55	1	19.000	Working	0	1	0	1	0	1	0	0	0	0	0	0	0	0
128000201216291	128000201	2019-03-14	3	1	3	0	0	1	0	0	0	12.32	1	19.000	Working	0	3	0	3	0	1	0	0	0	1	0	0	1	0
128000201216431	128000201	2019-03-28	1	1	1	0	0	1	0	0	0	13.43	1	19.000	Working	0	1	0	1	0	0	0	0	0	0	0	0	1	0
128000201216571	128000201	2019-04-11		0			0	0	0	0	0	13.48	1	19.000	Working	0	0	0	0	0	0	0	0	0	0	0	0	0	0
128000201216711	128000201	2019-04-25		0			0	0	0	0	0	13.45	1	19.000	Working	0	0	0	0	0	0	0	0	0	0	0	0	0	0
128000201216851	128000201	2019-05-09	1	2	1	0	2	0	0	0	0	12.53	1	19.000	Working	0	2	0	2	0	0	0	0	0	0	0	0	2	0
128000201216852	128000201	2019-05-09		0			0	0	0	0	0	12.53	2	19.000	Working	0	0	0	0	0	0	0	0	0	0	0	0	0	0
128000201216991	128000201	2019-05-23		2			1	1	0	0	0	12.07	1	19.000	Working	0	2	1	1	0	0	0	0	0	0	0	1	1	0
128000201216992	128000201	2019-05-23		1			1	0	0	0	0	12.07	2	19.000	Working	0	1	0	1	0	0	0	0	0	0	0	0	1	0
128000201217131	128000201	2019-06-06		0			0	0	0	0	0	13.90	1	19.000	Working	0	1	0	1	0	1	0	0	0	0	0	0	0	0
128000201217132	128000201	2019-06-06		0			0	0	0	0	0	13.90	2	19.000	Working	0	0	0	0	0	0	0	0	0	0	0	0	0	0
128000201217271	128000201	2019-06-20		0			0	0	0	0	0	12.08	1	19.000	Working	0	0	0	0	0	0	0	0	0	0	0	0	0	0
128000201217411	128000201	2019-07-04		6			4	2	0	0	0	13.90	1	19.000	Working	0	6	0	6	0	0	0	0	0	0	0	0	6	0
128000201217551	128000201	2019-07-18		0			0	0	0	0	0	13.65	1	19.000	Working	0	0	0	0	0	0	0	0	0	0	0	0	0	0
128000201217691	128000201	2019-08-01		0			0	0	0	0	0	13.52	1	19.000	Working	0	1	0	1	0	1	0	0	0	0	0	0	0	0
128000201217831	128000201	2019-08-15		0			0	0	0	0	0	12.33	1	19.000	Working	0	0	0	0	0	0	0	0	0	0	0	0	0	0
128000201217832	128000201	2019-08-15		1			1	0	0	0	0	12.33	2	19.000	Working	0	2	0	2	0	1	0	0	0	0	0	0	1	0
128000201217971	128000201	2019-08-29	1	1	1	0	0	1	0	0	0	13.77	1	19.000	Working	0	2	0	1	0	0	0	1	0	0	0	0	1	1
128000201217972	128000201	2019-08-29		0			0	0	0	0	0	13.77	2	19.000	Working	0	0	0	0	0	0	0	0	0	0	0	0	0	0
128000201218111	128000201	2019-09-12	2	0	2	0	0	0	0	0	0	13.50	1	19.000	Working	0	0	0	0	0	0	0	0	0	0	0	0	0	0
128000201218112	128000201	2019-09-12		4			1	3	0	0	0	13.50	2	19.000	Working	0	4	0	4	0	0	0	0	0	0	0	0	4	0
128000201218251	128000201	2019-09-26		0			0	0	0	0	0	12.45	1	19.000	Working	0	0	0	0	0	0	0	0	0	0	0	0	0	0
128000201218252	128000201	2019-09-26		0			0	0	0	0	0	12.45	2	19.000	Working	0	0	0	0	0	0	0	0	0	0	0	0	0	0
128000201218391	128000201	2019-10-10		0			0	0	0	0	0	12.48	1	19.000	Working	0	0	0	0	0	0	0	0	0	0	0	0	0	0
128000201218392	128000201	2019-10-10		4			1	3	0	0	0	12.48	2	19.000	Working	0	4	0	4	0	0	0	0	0	0	0	0	4	0
128001701211381	128001701	2017-11-08		4			0	4	0	1	0	12.33	1	19.000	Working	0	6	0	6	0	1	0	0	0	0	0	0	4	0
128001701211382	128001701	2017-11-08		0			0	0	0	0	0	12.33	2	19.000	Working	0	0	0	0	0	0	0	0	0	0	0	0	0	0
128001701211521	128001701	2017-11-22	1	2	1	0	1	1	0	0	0	13.42	1	19.000	Working	0	4	0	4	0	0	0	0	0	2	0	0	2	0
128001701211522	128001701	2017-11-22		0			0	0	0	0	0	13.42	2	19.000	Working	0	0	0	0	0	0	0	0	0	0	0	0	0	0
128001701211671	128001701	2017-12-07	1	7	1	0	2	5	0	0	0	12.43	1	19.000	Working	0	7	0	7	0	0	0	0	0	0	0	0	7	0
128001701211672	128001701	2017-12-07		0			0	0	0	0	0	12.43	2	19.000	Working	0	0	0	0	0	0	0	0	0	0	0	0	0	0
128001701211821	128001701	2017-12-22	2	3	2	0	0	3	0	0	0	12.48	1	19.000	Working	0	5	0	4	0	1	0	1	0	0	0	0	3	1
128001701211822	128001701	2017-12-22		0			0	0	0	0	0	12.48	2	19.000	Working	0	0	0	0	0	0	0	0	0	0	0	0	0	0
128001701211951	128001701	2018-01-04		0			0	0	0	0	0	12.22	1	19.000	Working	0	0	0	0	0	0	0	0	0	0	0	0	0	0
128001701211952	128001701	2018-01-04		0			0	0	0	0	0	12.22	2	19.000	Working	0	0	0	0	0	0	0	0	0	0	0	0	0	0
128001701212091	128001701	2018-01-18		0			0	0	0	0	0	12.55	1	19.000	Working	0	0	0	0	0	0	0	0	0	0	0	0	0	0
128001701212092	128001701	2018-01-18										12.55	2	19.000	Working														
128001701212231	128001701	2018-02-01		0			0	0	0	0	0	14.03	1	19.000	Working	0	0	0	0	0	0	0	0	0	0	0	0	0	0
128001701212232	128001701	2018-02-01		0			0	0	0	0	0	14.03	2	19.000	Working	0	0	0	0	0	0	0	0	0	0	0	0	0	0
128001701212371	128001701	2018-02-15		0			0	0	0	0	0	12.33	1	19.000	Working	0	0	0	0	0	0	0	0	0	0	0	0	0	0
128001701212372	128001701	2018-02-15		0			0	0	0	0	0	12.33	2	19.000	Working	0	0	0	0	0	0	0	0	0	0	0	0	0	0
128001701212511	128001701	2018-03-01	1	1	1	0	1	0	0	0	0	11.92	1	19.000	Working	0	1	0	1	0	0	0	0	0	0	0	0	1	0
128001701212512	128001701	2018-03-01		0			0	0	0	0	0	11.92	2	19.000	Working	0	0	0	0	0	0	0	0	0	0	0	0	0	0
128001701212651	128001701	2018-03-15		0			0	0	0	0	0	12.30	1	19.000	Working	0	0	0	0	0	0	0	0	0	0	0	0	0	0
128001701212652	128001701	2018-03-15		0			0	0	0	0	0	12.30	2	19.000	Working	0	0	0	0	0	0	0	0	0	0	0	0	0	0
128001701212791	128001701	2018-03-29	1	3	1	0	0	3	0	0	0	12.37	1	19.000	Working	0	3	0	3	0	0	0	0	0	0	0	0	3	0
128001701212792	128001701	2018-03-29		0			0	0	0	0	0	12.37	2	19.000	Working	0	0	0	0	0	0	0	0	0	0	0	0	0	0
128001701212931	128001701	2018-04-12	1	4	1	0	0	4	0	0	0	11.70	1	19.000	Working	0	5	0	5	0	1	0	0	0	0	0	0	4	0
128001701212932	128001701	2018-04-12		1			0	1	0	2	0	11.70	2	19.000	Working	0	3	0	3	0	0	0	0	0	0	0	0	1	0
128001701213071	128001701	2018-04-26		12			5	7	0	0	0	13.53	1	19.000	Working	0	14	0	14	0	2	0	0	0	0	0	0	12	0
128001701213072	128001701	2018-04-26		1			0	1	0	0	0	13.53	2	19.000	Working	0	1	0	1	0	0	0	0	0	0	0	0	1	0
128001701213211	128001701	2018-05-10		19			6	13	0	0	0	12.58	1	19.000	Working	0	31	0	31	0	5	0	0	0	7	0	0	19	0
128001701213212	128001701	2018-05-10		9			2	7	0	0	0	12.58	2	19.000	Working	0	9	0	9	0	0	0	0	0	0	0	0	9	0
128001701213351	128001701	2018-05-24		10			4	6	0	0	0	12.25	1	19.000	Working	0	11	0	11	0	1	0	0	0	0	0	0	10	0
128001701213352	128001701	2018-05-24		0			0	0	0	0	0	12.25	2	19.000	Working	0	0	0	0	0	0	0	0	0	0	0	0	0	0
128001701213491	128001701	2018-06-07		11			7	4	0	0	0	13.40	1	19.000	Working	0	11	0	11	0	0	0	0	0	0	0	0	11	0
128001701213492	128001701	2018-06-07		1			0	1	0	0	0	13.40	2	19.000	Working	0	4	1	0	0	0	0	3	1	0	0	0	0	3
128001701213631	128001701	2018-06-21	1	5	1	0	2	3	0	0	0	12.03	1	19.000	Working	0	5	0	5	0	0	0	0	0	0	0	0	5	0
128001701213632	128001701	2018-06-21		1			0	1	0	0	0	12.03	2	19.000	Working	0	1	0	1	0	0	0	0	0	0	0	0	1	0
128001701213771	128001701	2018-07-05		1			0	1	0	0	0	12.35	1	19.000	Working	0	1	0	1	0	0	0	0	0	0	0	0	1	0
128001701213772	128001701	2018-07-05		0			0	0	0	0	0	12.35	2	19.000	Working	0	0	0	0	0	0	0	0	0	0	0	0	0	0
128001701213911	128001701	2018-07-19		0			0	0	0	0	0	12.45	1	19.000	Working	0	1	0	1	0	1	0	0	0	0	0	0	0	0
128001701213912	128001701	2018-07-19		0			0	0	0	0	0	12.45	2	19.000	Working	0	0	0	0	0	0	0	0	0	0	0	0	0	0
128001701214051	128001701	2018-08-02		2			0	2	0	0	0	12.38	1	19.000	Working	0	3	0	3	0	1	0	0	0	0	0	0	2	0
128001701214052	128001701	2018-08-02		0			0	0	0	0	0	12.38	2	19.000	Working	0	0	0	0	0	0	0	0	0	0	0	0	0	0
128001701214191	128001701	2018-08-16	1	2	1	0	0	2	0	0	0	12.23	1	19.000	Working	0	2	0	2	0	0	0	0	0	0	0	0	2	0
128001701214192	128001701	2018-08-16		0			0	0	0	0	0	12.23	2	19.000	Working	0	0	0	0	0	0	0	0	0	0	0	0	0	0
128001701214331	128001701	2018-08-30		1			1	0	0	0	0	12.48	1	19.000	Working	0	1	0	1	0	0	0	0	0	0	0	0	1	0
128001701214332	128001701	2018-08-30		1			0	1	0	0	0	12.48	2	19.000	Working	0	1	0	1	0	0	0	0	0	0	0	0	1	0
128001701214471	128001701	2018-09-13		0			0	0	0	0	0	11.93	1	19.000	Working	0	0	0	0	0	0	0	0	0	0	0	0	0	0
128001701214472	128001701	2018-09-13		0			0	0	0	0	0	11.93	2	19.000	Working	0	0	0	0	0	0	0	0	0	0	0	0	0	0
128001701214611	128001701	2018-09-27		0			0	0	0	0	0	12.02	1	19.000	Working	0	0	0	0	0	0	0	0	0	0	0	0	0	0
128001701214612	128001701	2018-09-27		0			0	0	0	0	0	12.02	2	19.000	Working	0	0	0	0	0	0	0	0	0	0	0	0	0	0
128001701214751	128001701	2018-10-11		4			0	4	0	0	0	12.25	1	19.000	Working	0	4	0	4	0	0	0	0	0	0	0	0	4	0
128001701214752	128001701	2018-10-11		1			1	0	0	0	0	12.25	2	19.000	Working	0	1	0	1	0	0	0	0	0	0	0	0	1	0
128001701214891	128001701	2018-10-25		0			0	0	0	1	0	11.68	1	19.000	Working	0	1	0	1	0	0	0	0	0	0	0	0	0	0
128001701214892	128001701	2018-10-25		0			0	0	0	0	0	11.68	2	19.000	Working	0	0	0	0	0	0	0	0	0	0	0	0	0	0
128001701215031	128001701	2018-11-08		0			0	0	0	0	0	12.65	1	19.000	Working	0	0	0	0	0	0	0	0	0	0	0	0	0	0
128001701215032	128001701	2018-11-08		0			0	0	0	0	0	12.65	2	19.000	Working	0	0	0	0	0	0	0	0	0	0	0	0	0	0
128001701215171	128001701	2018-11-22		0			0	0	0	0	0	13.58	1	19.000	Working	0	0	0	0	0	0	0	0	0	0	0	0	0	0
128001701215172	128001701	2018-11-22		0			0	0	0	0	0	13.58	2	19.000	Working	0	0	0	0	0	0	0	0	0	0	0	0	0	0
128001701215311	128001701	2018-12-06		0			0	0	0	0	0	12.22	1	19.000	Working	0	0	0	0	0	0	0	0	0	0	0	0	0	0
128001701215312	128001701	2018-12-06		0			0	0	0	0	0	12.22	2	19.000	Working	0	0	0	0	0	0	0	0	0	0	0	0	0	0
128001701215471	128001701	2018-12-22		0			0	0	0	0	0	12.05	1	19.000	Working	0	0	0	0	0	0	0	0	0	0	0	0	0	0
128001701215472	128001701	2018-12-22		0			0	0	0	0	0	12.05	2	19.000	Working	0	0	0	0	0	0	0	0	0	0	0	0	0	0
128001701215591	128001701	2019-01-03		0			0	0	0	0	0	11.68	1	19.000	Working	0	0	0	0	0	0	0	0	0	0	0	0	0	0
128001701215592	128001701	2019-01-03		0			0	0	0	0	0	11.68	2	19.000	Working	0	0	0	0	0	0	0	0	0	0	0	0	0	0
128001701215731	128001701	2019-01-17		0			0	0	0	0	0	12.30	1	19.000	Working	0	0	0	0	0	0	0	0	0	0	0	0	0	0
128001701215732	128001701	2019-01-17		0			0	0	0	0	0	12.30	2	19.000	Working	0	0	0	0	0	0	0	0	0	0	0	0	0	0
128001701215871	128001701	2019-01-31		0			0	0	0	0	0	13.33	1	19.000	Working	0	0	0	0	0	0	0	0	0	0	0	0	0	0
128001701215872	128001701	2019-01-31		0			0	0	0	0	0	13.33	2	19.000	Working	0	0	0	0	0	0	0	0	0	0	0	0	0	0
128001701216011	128001701	2019-02-14		0			0	0	0	0	0	13.33	1	19.000	Working	0	0	0	0	0	0	0	0	0	0	0	0	0	0
128001701216012	128001701	2019-02-14		0			0	0	0	0	0	13.33	2	19.000	Working	0	0	0	0	0	0	0	0	0	0	0	0	0	0
128001701216151	128001701	2019-02-28	1	0	1	0	0	0	0	0	0	12.35	1	19.000	Working	0	1	0	1	0	0	0	0	0	1	0	0	0	0
128001701216152	128001701	2019-02-28		0			0	0	0	0	0	12.35	2	19.000	Working	0	0	0	0	0	0	0	0	0	0	0	0	0	0
128001701216291	128001701	2019-03-14		0			0	0	0	0	0	12.50	1	19.000	Working	0	0	0	0	0	0	0	0	0	0	0	0	0	0
128001701216292	128001701	2019-03-14		0			0	0	0	0	0	12.50	2	19.000	Working	0	0	0	0	0	0	0	0	0	0	0	0	0	0
128001701216431	128001701	2019-03-28		0			0	0	0	0	0	12.60	1	19.000	Working	0	0	0	0	0	0	0	0	0	0	0	0	0	0
128001701216432	128001701	2019-03-28		0			0	0	0	0	0	12.60	2	19.000	Working	0	0	0	0	0	0	0	0	0	0	0	0	0	0
128001701216571	128001701	2019-04-11		0			0	0	0	0	0	12.60	1	19.000	Working	0	0	0	0	0	0	0	0	0	0	0	0	0	0
128001701216572	128001701	2019-04-11		0			0	0	0	0	0	12.60	2	19.000	Working	0	0	0	0	0	0	0	0	0	0	0	0	0	0
128001701216711	128001701	2019-04-25		0			0	0	0	0	0	12.58	1	19.000	Working	0	0	0	0	0	0	0	0	0	0	0	0	0	0
128001701216712	128001701	2019-04-25		0			0	0	0	0	0	12.58	2	19.000	Working	0	0	0	0	0	0	0	0	0	0	0	0	0	0
128001701216851	128001701	2019-05-09		0			0	0	0	0	0	12.20	1	19.000	Working	0	0	0	0	0	0	0	0	0	0	0	0	0	0
128001701216991	128001701	2019-05-23	1	0	1	0	0	0	0	0	0	11.95	1	19.000	Working	0	2	0	2	0	1	0	0	0	1	0	0	0	0
128001701217131	128001701	2019-06-06	1	3	1	0	0	3	0	0	0	13.80	1	19.000	Working	8	6	0	6	0	1	0	0	0	2	0	0	3	0
128001701217271	128001701	2019-06-20		0			0	0	0	0	0	11.97	1	19.000	Working	0	0	0	0	0	0	0	0	0	0	0	0	0	0
128001701217411	128001701	2019-07-04		0			0	0	0	0	0	13.72	1	19.000	Working	0	0	0	0	0	0	0	0	0	0	0	0	0	0
128001701217412	128001701	2019-07-04		3			1	2	0	0	0	13.72	2	19.000	Working	0	3	0	3	0	0	0	0	0	0	0	0	3	0
128001701217551	128001701	2019-07-18		1			0	1	0	0	0	13.40	1	19.000	Working	0	1	0	1	0	0	0	0	0	0	0	0	1	0
128001701217552	128001701	2019-07-18		1			0	1	0	0	0	13.40	2	19.000	Working	0	1	0	1	0	0	0	0	0	0	0	0	1	0
128001701217691	128001701	2019-08-01		0			0	0	0	0	0	12.60	1	19.000	Working	0	0	0	0	0	0	0	0	0	0	0	0	0	0
128001701217692	128001701	2019-08-01		1			0	1	0	0	0	12.60	2	19.000	Working	0	1	0	1	0	0	0	0	0	0	0	0	1	0
128001701217831	128001701	2019-08-15		0			0	0	0	0	0	12.53	1	19.000	Working	0	0	0	0	0	0	0	0	0	0	0	0	0	0
128001701217832	128001701	2019-08-15		0			0	0	0	0	0	12.53	2	19.000	Working	0	0	0	0	0	0	0	0	0	0	0	0	0	0
128001701217971	128001701	2019-08-29	1	0	1	0	0	0	0	0	0	12.52	1	19.000	Working	0	0	0	0	0	0	0	0	0	0	0	0	0	0
128001701217972	128001701	2019-08-29		1			0	1	0	0	0	12.52	2	19.000	Working	0	1	0	1	0	0	0	0	0	0	0	0	1	0
128001701218111	128001701	2019-09-12		0			0	0	0	0	0	12.20	1	19.000	Working	0	0	0	0	0	0	0	0	0	0	0	0	0	0
128001701218112	128001701	2019-09-12		0			0	0	0	0	0	12.20	2	19.000	Working	0	0	0	0	0	0	0	0	0	0	0	0	0	0
128001701218251	128001701	2019-09-26		0			0	0	0	0	0	12.33	1	19.000	Working	0	0	0	0	0	0	0	0	0	0	0	0	0	0
128001701218252	128001701	2019-09-26		0			0	0	0	0	0	12.33	2	19.000	Working	0	0	0	0	0	0	0	0	0	0	0	0	0	0
128001701218391	128001701	2019-10-10		2			0	2	0	0	0	12.65	1	19.000	Working	0	2	0	2	0	0	0	0	0	0	0	0	2	0
128001701218392	128001701	2019-10-10		0			0	0	0	0	0	12.65	2	19.000	Working	0	0	0	0	0	0	0	0	0	0	0	0	0	0
128003501211381	128003501	2017-11-22		0			0	0	0	0	0	13.50	1	19.000	Working	0	0	0	0	0	0	0	0	0	0	0	0	0	0
128003501211382	128003501	2017-11-22		0			0	0	0	0	0	13.50	2	19.000	Working	0	0	0	0	0	0	0	0	0	0	0	0	0	0
128003501211521	128003501	2017-12-06	1	1	1	0	0	1	0	0	0	12.63	1	19.000	Working	0	2	0	2	0	0	0	0	0	1	0	0	1	0
128003501211522	128003501	2017-12-06		1			0	1	0	0	0	12.63	2	19.000	Working	0	2	0	2	0	0	0	0	0	1	0	0	1	0
128003501211671	128003501	2017-12-21		0			0	0	0	0	0	13.55	1	19.000	Working	0	3	0	2	0	2	0	1	0	0	0	0	0	1
128003501211672	128003501	2017-12-21		0			0	0	0	0	0	13.55	2	19.000	Working	0	0	0	0	0	0	0	0	0	0	0	0	0	0
128003501211821	128003501	2018-01-05		1			1	0	0	0	0	13.62	1	19.000	Working	0	2	0	1	0	0	0	1	0	0	0	0	1	1
128003501211822	128003501	2018-01-05		0			0	0	0	0	0	13.62	2	19.000	Working	0	2	0	0	0	0	0	2	0	0	0	0	0	2
128003501211951	128003501	2018-01-18		0			0	0	0	0	0	12.63	1	19.000	Working	0	0	0	0	0	0	0	0	0	0	0	0	0	0
128003501211952	128003501	2018-01-18		0			0	0	0	0	0	12.63	2	19.000	Working	0	0	0	0	0	0	0	0	0	0	0	0	0	0
128003501212091	128003501	2018-02-01		0			0	0	0	0	0	13.58	1	19.000	Working	0	0	0	0	0	0	0	0	0	0	0	0	0	0
128003501212092	128003501	2018-02-01		0			0	0	0	0	0	13.58	2	19.000	Working	0	0	0	0	0	0	0	0	0	0	0	0	0	0
128003501212231	128003501	2018-02-15		0			0	0	0	0	0	12.63	1	19.000	Working	0	0	0	0	0	0	0	0	0	0	0	0	0	0
128003501212232	128003501	2018-02-15		0			0	0	0	0	0	12.63	2	19.000	Working	0	0	0	0	0	0	0	0	0	0	0	0	0	0
128003501212371	128003501	2018-03-01		0			0	0	0	0	0	12.17	1	19.000	Working	0	0	0	0	0	0	0	0	0	0	0	0	0	0
128003501212372	128003501	2018-03-01		0			0	0	0	0	0	12.17	2	19.000	Working	0	0	0	0	0	0	0	0	0	0	0	0	0	0
128003501212511	128003501	2018-03-15	1	0	1	0	0	0	0	0	0	12.35	1	19.000	Working	0	1	0	1	0	0	0	0	0	1	0	0	0	0
128003501212512	128003501	2018-03-15		0			0	0	0	0	0	12.35	2	19.000	Working	0	0	0	0	0	0	0	0	0	0	0	0	0	0
128003501212651	128003501	2018-03-29		0			0	0	0	0	0	12.60	1	19.000	Working	0	0	0	0	0	0	0	0	0	0	0	0	0	0
128003501212652	128003501	2018-03-29		0			0	0	0	0	0	12.60	2	19.000	Working	0	0	0	0	0	0	0	0	0	0	0	0	0	0
128003501212791	128003501	2018-04-12		0			0	0	0	0	0	12.55	1	19.000	Working	0	0	0	0	0	0	0	0	0	0	0	0	0	0
128003501212792	128003501	2018-04-12		0			0	0	0	0	0	12.55	2	19.000	Working	0	0	0	0	0	0	0	0	0	0	0	0	0	0
128003501212931	128003501	2018-04-26		2			2	0	0	0	0	11.95	1	19.000	Working	0	2	0	2	0	0	0	0	0	0	0	0	2	0
128003501212932	128003501	2018-04-26		1			0	1	0	1	0	11.95	2	19.000	Working	0	3	0	2	0	0	0	1	0	0	0	0	1	1
128003501213071	128003501	2018-05-10		1			1	0	0	0	0	13.93	1	19.000	Working	0	1	0	1	0	0	0	0	0	0	0	0	1	0
128003501213072	128003501	2018-05-10		0			0	0	0	0	0	13.93	2	19.000	Working	0	0	0	0	0	0	0	0	0	0	0	0	0	0
128003501213211	128003501	2018-05-24		3			0	3	0	0	0	11.75	1	19.000	Working	0	3	0	3	0	0	0	0	0	0	0	0	3	0
128003501213212	128003501	2018-05-24		0			0	0	0	0	0	11.75	2	19.000	Working	0	0	0	0	0	0	0	0	0	0	0	0	0	0
128003501213351	128003501	2018-06-07		3			2	1	0	0	0	12.63	1	19.000	Working	0	4	0	3	0	0	0	1	0	0	0	0	3	1
128003501213352	128003501	2018-06-07		2			0	2	0	0	0	12.63	2	19.000	Working	0	2	0	2	0	0	0	0	0	0	0	0	2	0
128003501213491	128003501	2018-06-21		1			0	1	0	0	0	13.70	1	19.000	Working	0	2	0	1	0	0	0	1	0	0	1	0	1	0
128003501213492	128003501	2018-06-21		0			0	0	0	0	0	13.70	2	19.000	Working	0	0	0	0	0	0	0	0	0	0	0	0	0	0
128003501213631	128003501	2018-07-05		2			0	2	0	0	0	11.70	1	19.000	Working	0	2	0	2	0	0	0	0	0	0	0	0	2	0
128003501213632	128003501	2018-07-05		1			0	1	0	0	0	11.70	2	19.000	Working	0	1	0	1	0	0	0	0	0	0	0	0	1	0
128003501213771	128003501	2018-07-19		0			0	0	0	0	0	13.40	1	19.000	Working	0	0	0	0	0	0	0	0	0	0	0	0	0	0
128003501213772	128003501	2018-07-19		0			0	0	0	0	0	13.40	2	19.000	Working	0	1	0	0	0	0	0	1	0	0	0	0	0	1
128003501213911	128003501	2018-08-02	1	0	1	0	0	0	0	0	0	13.52	1	19.000	Working	0	0	0	0	0	0	0	0	0	0	0	0	0	0
128003501213912	128003501	2018-08-02		1			0	1	0	0	0	13.52	2	19.000	Working	0	1	0	1	0	0	0	0	0	0	0	0	1	0
128003501214051	128003501	2018-08-16		3			1	2	0	0	0	13.55	1	19.000	Working	0	3	0	3	0	0	0	0	0	0	0	0	3	0
128003501214052	128003501	2018-08-16		0			0	0	0	0	0	13.55	2	19.000	Working	0	0	0	0	0	0	0	0	0	0	0	0	0	0
128003501214191	128003501	2018-08-30		0			0	0	0	0	0	13.38	1	19.000	Working	0	0	0	0	0	0	0	0	0	0	0	0	0	0
128003501214192	128003501	2018-08-30		0			0	0	0	0	0	13.38	2	19.000	Working	0	1	0	0	0	0	0	1	0	0	0	0	0	1
128003501214331	128003501	2018-09-13		0			0	0	0	0	0	13.60	1	19.000	Working	0	0	0	0	0	0	0	0	0	0	0	0	0	0
128003501214332	128003501	2018-09-13		1			1	0	0	0	0	13.60	2	19.000	Working	0	1	0	1	0	0	0	0	0	0	0	0	1	0
128003501214471	128003501	2018-09-27		0			0	0	0	0	0	12.08	1	19.000	Working	0	0	0	0	0	0	0	0	0	0	0	0	0	0
128003501214472	128003501	2018-09-27		0			0	0	0	0	0	12.08	2	19.000	Working	0	0	0	0	0	0	0	0	0	0	0	0	0	0
128003501214611	128003501	2018-10-11		0			0	0	0	0	0	12.17	1	19.000	Working	0	0	0	0	0	0	0	0	0	0	0	0	0	0
128003501214612	128003501	2018-10-11		0			0	0	0	0	0	12.17	2	19.000	Working	0	0	0	0	0	0	0	0	0	0	0	0	0	0
128003501214751	128003501	2018-10-25		0			0	0	0	0	0	12.62	1	19.000	Working	0	0	0	0	0	0	0	0	0	0	0	0	0	0
128003501214752	128003501	2018-10-25		2			0	2	0	0	0	12.62	2	19.000	Working	0	2	0	2	0	0	0	0	0	0	0	0	2	0
128003501214891	128003501	2018-11-08		1			0	1	0	0	0	11.87	1	19.000	Working	0	1	0	1	0	0	0	0	0	0	0	0	1	0
128003501214892	128003501	2018-11-08		0			0	0	0	0	0	11.87	2	19.000	Working	0	0	0	0	0	0	0	0	0	0	0	0	0	0
128003501215031	128003501	2018-11-22		0			0	0	0	0	0	14.07	1	19.000	Working	0	0	0	0	0	0	0	0	0	0	0	0	0	0
128003501215032	128003501	2018-11-22		0			0	0	0	0	0	14.07	2	19.000	Working	0	0	0	0	0	0	0	0	0	0	0	0	0	0
128003501215171	128003501	2018-12-06		0			0	0	0	0	0	13.67	1	19.000	Working	0	0	0	0	0	0	0	0	0	0	0	0	0	0
128003501215172	128003501	2018-12-06		0			0	0	0	0	0	13.67	2	19.000	Working	0	0	0	0	0	0	0	0	0	0	0	0	0	0
128003501215311	128003501	2018-12-20		0			0	0	0	0	0	12.65	1	19.000	Working	0	0	0	0	0	0	0	0	0	0	0	0	0	0
128003501215312	128003501	2018-12-20		0			0	0	0	0	0	12.65	2	19.000	Working	0	0	0	0	0	0	0	0	0	0	0	0	0	0
128003501215471	128003501	2019-01-05	1	0	1	0	0	0	0	0	0	11.87	1	19.000	Working	0	1	0	1	0	1	0	0	0	0	0	0	0	0
128003501215472	128003501	2019-01-05		0			0	0	0	0	0	11.87	2	19.000	Working	0	0	0	0	0	0	0	0	0	0	0	0	0	0
128003501215591	128003501	2019-01-17		0			0	0	0	0	0	11.83	1	19.000	Working	0	0	0	0	0	0	0	0	0	0	0	0	0	0
128003501215592	128003501	2019-01-17		0			0	0	0	0	0	11.83	2	19.000	Working	0	0	0	0	0	0	0	0	0	0	0	0	0	0
128003501215731	128003501	2019-01-31		0			0	0	0	0	0	13.38	1	19.000	Working	0	0	0	0	0	0	0	0	0	0	0	0	0	0
128003501215732	128003501	2019-01-31		0			0	0	0	0	0	13.38	2	19.000	Working	0	0	0	0	0	0	0	0	0	0	0	0	0	0
128003501215871	128003501	2019-02-14		0			0	0	0	0	0	12.33	1	19.000	Working	0	0	0	0	0	0	0	0	0	0	0	0	0	0
128003501215872	128003501	2019-02-14		0			0	0	0	0	0	12.33	2	19.000	Working	0	0	0	0	0	0	0	0	0	0	0	0	0	0
128003501216011	128003501	2019-02-28		0			0	0	0	0	0	12.25	1	19.000	Working	0	0	0	0	0	0	0	0	0	0	0	0	0	0
128003501216012	128003501	2019-02-28		0			0	0	0	0	0	12.25	2	19.000	Working	0	0	0	0	0	0	0	0	0	0	0	0	0	0
128003501216151	128003501	2019-03-14		0			0	0	0	0	0	13.38	1	19.000	Working	0	0	0	0	0	0	0	0	0	0	0	0	0	0
128003501216152	128003501	2019-03-14		0			0	0	0	0	0	13.38	2	19.000	Working	0	0	0	0	0	0	0	0	0	0	0	0	0	0
128003501216291	128003501	2019-03-28		0			0	0	0	0	0	12.17	1	19.000	Working	0	0	0	0	0	0	0	0	0	0	0	0	0	0
128003501216292	128003501	2019-03-28		0			0	0	0	0	0	12.17	2	19.000	Working	0	0	0	0	0	0	0	0	0	0	0	0	0	0
128003501216431	128003501	2019-04-11		0			0	0	0	0	0	13.62	1	19.000	Working	0	0	0	0	0	0	0	0	0	0	0	0	0	0
128003501216432	128003501	2019-04-11		0			0	0	0	0	0	13.62	2	19.000	Working	0	0	0	0	0	0	0	0	0	0	0	0	0	0
128003501216571	128003501	2019-04-25		0			0	0	0	0	0	13.68	1	19.000	Working	0	0	0	0	0	0	0	0	0	0	0	0	0	0
128003501216572	128003501	2019-04-25		0			0	0	0	0	0	13.68	2	19.000	Working	0	0	0	0	0	0	0	0	0	0	0	0	0	0
128003501216711	128003501	2019-05-09		0			0	0	0	0	0	13.62	1	19.000	Working	0	0	0	0	0	0	0	0	0	0	0	0	0	0
128003501216712	128003501	2019-05-09		0			0	0	0	0	0	13.62	2	19.000	Working	0	0	0	0	0	0	0	0	0	0	0	0	0	0
128003501216851	128003501	2019-05-23		0			0	0	0	0	0	12.33	1	19.000	Working	0	0	0	0	0	0	0	0	0	0	0	0	0	0
128003501216852	128003501	2019-05-23		0			0	0	0	0	0	12.33	2	19.000	Working	0	0	0	0	0	0	0	0	0	0	0	0	0	0
128003501216991	128003501	2019-06-06		0			0	0	0	0	0	12.17	1	19.000	Working	0	0	0	0	0	0	0	0	0	0	0	0	0	0
128003501216992	128003501	2019-06-06		1			0	1	0	0	0	12.17	2	19.000	Working	0	1	0	1	0	0	0	0	0	0	0	0	1	0
128003501217131	128003501	2019-06-20		2			0	2	0	1	0	14.13	1	19.000	Working	0	4	0	3	0	0	0	1	0	0	1	0	2	0
128003501217132	128003501	2019-06-20		0			0	0	0	0	0	14.13	2	19.000	Working	0	0	0	0	0	0	0	0	0	0	0	0	0	0
128003501217271	128003501	2019-07-04		2			1	1	0	0	0	12.18	1	19.000	Working	0	3	0	2	0	0	1	1	0	0	0	0	2	0
128003501217272	128003501	2019-07-04		0			0	0	0	0	0	12.18	2	19.000	Working	0	0	0	0	0	0	0	0	0	0	0	0	0	0
128003501217411	128003501	2019-07-18		0			0	0	0	0	0	14.10	1	19.000	Working	0	0	0	0	0	0	0	0	0	0	0	0	0	0
128003501217412	128003501	2019-07-18		2			0	2	0	0	0	14.10	2	19.000	Working	0	2	0	2	0	0	0	0	0	0	0	0	2	0
128003501217551	128003501	2019-08-01		0			0	0	0	0	0	13.88	1	19.000	Working	0	0	0	0	0	0	0	0	0	0	0	0	0	0
128003501217552	128003501	2019-08-01		0			0	0	0	0	0	13.88	2	19.000	Working	0	0	0	0	0	0	0	0	0	0	0	0	0	0
128003501217691	128003501	2019-08-15		0			0	0	0	0	0	13.68	1	19.000	Working	0	0	0	0	0	0	0	0	0	0	0	0	0	0
128003501217692	128003501	2019-08-15		0			0	0	0	0	0	13.68	2	19.000	Working	0	0	0	0	0	0	0	0	0	0	0	0	0	0
128003501217831	128003501	2019-08-29		0			0	0	0	0	0	12.22	1	19.000	Working	0	0	0	0	0	0	0	0	0	0	0	0	0	0
128003501217832	128003501	2019-08-29		1			0	1	0	0	0	12.22	2	19.000	Working	0	1	0	1	0	0	0	0	0	0	0	0	1	0
128003501217971	128003501	2019-09-12		0			0	0	0	0	0	12.37	1	19.000	Working	0	0	0	0	0	0	0	0	0	0	0	0	0	0
128003501217972	128003501	2019-09-12		0			0	0	0	0	0	12.37	2	19.000	Working	0	0	0	0	0	0	0	0	0	0	0	0	0	0
128003501218111	128003501	2019-09-26		0			0	0	0	0	0	13.57	1	19.000	Working	0	0	0	0	0	0	0	0	0	0	0	0	0	0
128003501218112	128003501	2019-09-26		0			0	0	0	0	0	13.57	2	19.000	Working	0	0	0	0	0	0	0	0	0	0	0	0	0	0
128003501218251	128003501	2019-10-10	1	0	1	0	0	0	0	0	0	12.57	1	19.000	Working	0	2	0	1	0	0	1	1	0	1	0	0	0	0
128003501218252	128003501	2019-10-10		0			0	0	0	0	0	12.57	2	19.000	Working	0	0	0	0	0	0	0	0	0	0	0	0	0	0
128003501218391	128003501	2019-10-24		0			0	0	0	0	0	12.33	1	19.000	Working	0	0	0	0	0	0	0	0	0	0	0	0	0	0
128003501218392	128003501	2019-10-24		0			0	0	0	0	0	12.33	2	19.000	Working	0	0	0	0	0	0	0	0	0	0	0	0	0	0
128008201211381	128008201	2017-11-18		4			2	2	0	0	0	13.75	1	19.000	Working	0	5	0	4	0	0	0	1	0	0	1	0	4	0
128008201211521	128008201	2017-12-02		0			0	0	0	0	0	13.50	1	19.000	Working	0	0	0	0	0	0	0	0	0	0	0	0	0	0
128008201211671	128008201	2017-12-17	1	1	1	0	0	1	0	0	0	12.25	1	19.000	Working	0	1	0	1	0	0	0	0	0	0	0	0	1	0
128008201211821	128008201	2018-01-01		0			0	0	0	0	0	12.10	1	19.000	Working	0	0	0	0	0	0	0	0	0	0	0	0	0	0
128008201211951	128008201	2018-01-14		0			0	0	0	0	0	13.38	1	19.000	Working	0	0	0	0	0	0	0	0	0	0	0	0	0	0
128008201212091	128008201	2018-01-28		0			0	0	0	0	0	12.63	1	19.000	Working	0	0	0	0	0	0	0	0	0	0	0	0	0	0
128008201212231	128008201	2018-02-11		0			0	0	0	0	0	12.25	1	19.000	Working	0	0	0	0	0	0	0	0	0	0	0	0	0	0
128008201212371	128008201	2018-02-25		0			0	0	0	0	0	12.47	1	19.000	Working	0	0	0	0	0	0	0	0	0	0	0	0	0	0
128008201212511	128008201	2018-03-11		0			0	0	0	0	0	12.42	1	19.000	Working	0	0	0	0	0	0	0	0	0	0	0	0	0	0
128008201212651	128008201	2018-03-25		0			0	0	0	0	0	12.23	1	19.000	Working	0	0	0	0	0	0	0	0	0	0	0	0	0	0
128008201212791	128008201	2018-04-08		0			0	0	0	0	0	12.12	1	19.000	Working	0	0	0	0	0	0	0	0	0	0	0	0	0	0
128008201212931	128008201	2018-04-22		1			0	1	0	1	0	12.38	1	19.000	Working	0	2	0	2	0	0	0	0	0	0	0	0	1	0
128008201213071	128008201	2018-05-06		4			1	3	0	0	0	12.35	1	19.000	Working	0	4	0	4	0	0	0	0	0	0	0	0	4	0
128008201213211	128008201	2018-05-20		2			0	2	0	0	0	12.25	1	19.000	Working	0	2	0	2	0	0	0	0	0	0	0	0	2	0
128008201213351	128008201	2018-06-03		5			4	1	0	0	0	12.32	1	19.000	Working	0	5	0	5	0	0	0	0	0	0	0	0	5	0
128008201213491	128008201	2018-06-17		0			0	0	0	0	0	12.12	1	19.000	Working	0	0	0	0	0	0	0	0	0	0	0	0	0	0
128008201213631	128008201	2018-07-01		0			0	0	0	0	0	12.18	1	19.000	Working	0	0	0	0	0	0	0	0	0	0	0	0	0	0
128008201213771	128008201	2018-07-15		0			0	0	0	0	0	12.27	1	19.000	Working	0	0	0	0	0	0	0	0	0	0	0	0	0	0
128008201213911	128008201	2018-07-29		0			0	0	0	0	0	13.37	1	19.000	Working	0	0	0	0	0	0	0	0	0	0	0	0	0	0
128008201214051	128008201	2018-08-12		0			0	0	0	0	0	12.10	1	19.000	Working	0	0	0	0	0	0	0	0	0	0	0	0	0	0
128008201214191	128008201	2018-08-26		0			0	0	0	0	0	12.45	1	19.000	Working	0	0	0	0	0	0	0	0	0	0	0	0	0	0
128008201214331	128008201	2018-09-09		0			0	0	0	0	0	11.67	1	19.000	Working	0	0	0	0	0	0	0	0	0	0	0	0	0	0
128008201214332	128008201	2018-09-09		0			0	0	0	0	0	11.67	2	19.000		0	0	0	0	0	0	0	0	0	0	0	0	0	0
128008201214471	128008201	2018-09-23		0			0	0	0	0	0	11.72	1	19.000	Working	0	0	0	0	0	0	0	0	0	0	0	0	0	0
128008201214611	128008201	2018-10-07		0			0	0	0	0	0	12.38	1	19.000	Working	0	0	0	0	0	0	0	0	0	0	0	0	0	0
128008201214751	128008201	2018-10-21		0			0	0	0	0	0	11.93	1	19.000	Working	0	0	0	0	0	0	0	0	0	0	0	0	0	0
128008201214891	128008201	2018-11-04		0			0	0	0	0	0	12.33	1	19.000	Working	0	0	0	0	0	0	0	0	0	0	0	0	0	0
128008201215031	128008201	2018-11-18		0			0	0	0	0	0	11.68	1	19.000	Working	0	0	0	0	0	0	0	0	0	0	0	0	0	0
128008201215171	128008201	2018-12-02		0			0	0	0	0	0	11.87	1	19.000	Working	0	0	0	0	0	0	0	0	0	0	0	0	0	0
128008201215311	128008201	2018-12-16		0			0	0	0	0	0	11.83	1	19.000	Working	0	0	0	0	0	0	0	0	0	0	0	0	0	0
128008201215471	128008201	2019-01-01		0			0	0	0	0	0	13.82	1	19.000	Working	0	0	0	0	0	0	0	0	0	0	0	0	0	0
128008201215591	128008201	2019-01-13		0			0	0	0	0	0	12.07	1	19.000	Working	0	0	0	0	0	0	0	0	0	0	0	0	0	0
128008201215731	128008201	2019-01-27		0			0	0	0	0	0	12.00	1	19.000	Working	0	0	0	0	0	0	0	0	0	0	0	0	0	0
128008201215871	128008201	2019-02-10	1	0	1	0	0	0	0	1	0	11.67	1	19.000	Working	0	1	0	1	0	0	0	0	0	0	0	0	0	0
128008201216011	128008201	2019-02-24		0			0	0	0	0	0	11.67	1	19.000	Working	0	0	0	0	0	0	0	0	0	0	0	0	0	0
128008201216151	128008201	2019-03-10		0			0	0	0	0	0	13.53	1	19.000	Working	0	0	0	0	0	0	0	0	0	0	0	0	0	0
128008201216291	128008201	2019-03-24	2	1	2	0	0	1	0	1	0	11.67	1	19.000	Working	0	2	0	2	0	0	0	0	0	0	0	0	1	0
128008201216431	128008201	2019-04-07		0			0	0	0	0	0	11.67	1	19.000	Working	0	0	0	0	0	0	0	0	0	0	0	0	0	0
128008201216571	128008201	2019-04-21		0			0	0	0	0	0	11.78	1	19.000	Working	0	0	0	0	0	0	0	0	0	0	0	0	0	0
128008201216711	128008201	2019-05-05		0			0	0	0	0	0	12.02	1	19.000	Working	0	0	0	0	0	0	0	0	0	0	0	0	0	0
128008201216851	128008201	2019-05-19		0			0	0	0	0	0	12.53	1	19.000	Working	0	0	0	0	0	0	0	0	0	0	0	0	0	0
128008201216991	128008201	2019-06-02		2			1	1	0	1	0	12.42	1	19.000	Working	0	3	0	3	0	0	0	0	0	0	0	0	2	0
128008201217131	128008201	2019-06-16		5			0	5	0	0	0	12.63	1	19.000	Working	0	6	0	6	0	1	0	0	0	0	0	0	5	0
128008201217271	128008201	2019-06-30		2			2	0	0	0	0	14.07	1	19.000	Working	0	2	0	2	0	0	0	0	0	0	0	0	2	0
128008201217411	128008201	2019-07-14		0			0	0	0	0	0	12.05	1	19.000	Working	7	0	0	0	0	0	0	0	0	0	0	0	0	0
128008201217551	128008201	2019-07-28		0			0	0	0	0	0	11.87	1	19.000	Working	0	0	0	0	0	0	0	0	0	0	0	0	0	0
128008201217691	128008201	2019-08-11		0			0	0	0	0	0	12.62	1	19.000	Working	5	0	0	0	0	0	0	0	0	0	0	0	0	0
128008201217831	128008201	2019-08-25		0			0	0	0	0	0	11.73	1	19.000	Working	0	0	0	0	0	0	0	0	0	0	0	0	0	0
128008201217971	128008201	2019-09-08		0			0	0	0	0	0	11.75	1	19.000	Working	0	0	0	0	0	0	0	0	0	0	0	0	0	0
128008201218111	128008201	2019-09-22		0			0	0	0	0	0	12.17	1	19.000	Working	0	0	0	0	0	0	0	0	0	0	0	0	0	0
128008201218251	128008201	2019-10-06		0			0	0	0	0	0	11.92	1	19.000	Working	0	0	0	0	0	0	0	0	0	0	0	0	0	0
128008201218391	128008201	2019-10-20		0			0	0	0	0	0	12.52	1	19.000	Working	0	0	0	0	0	0	0	0	0	0	0	0	0	0
128011502211381	128011502	2017-11-16	1	7	1	0	2	5	0	0	0	14.05	1	19.000	Working	0	7	0	7	0	0	0	0	0	0	0	0	7	0
128011502211521	128011502	2017-11-30	2	3	2	0	0	3	0	0	0	12.00	1	19.000	Working	0	3	0	3	0	0	0	0	0	0	0	0	3	0
128011502211671	128011502	2017-12-15	2	7	2	0	2	5	0	0	0	12.00	1	19.000	Working	0	7	0	7	0	0	0	0	0	0	0	0	7	0
128011502211821	128011502	2017-12-30		0			0	0	0	0	0	11.83	1	19.000	Working	0	1	0	1	0	0	0	0	0	1	0	0	0	0
128011502211951	128011502	2018-01-12	1	1	1	0	0	1	0	0	0	12.05	1	19.000	Working	0	1	0	1	0	0	0	0	0	0	0	0	1	0
128011502212091	128011502	2018-01-26		0			0	0	0	0	0	12.47	1	19.000	Working	0	0	0	0	0	0	0	0	0	0	0	0	0	0
128011502212231	128011502	2018-02-09	2	2	2	0	1	1	0	0	0	12.57	1	19.000	Working	0	2	0	2	0	0	0	0	0	0	0	0	2	0
128011502212371	128011502	2018-02-23		0			0	0	0	0	0	12.00	1	19.000	Working	0	0	0	0	0	0	0	0	0	0	0	0	0	0
128011502212511	128011502	2018-03-09		0			0	0	0	0	0	11.77	1	19.000	Working	0	0	0	0	0	0	0	0	0	0	0	0	0	0
128011502212651	128011502	2018-03-23	1	1	1	0	0	1	0	0	0	12.40	1	19.000	Working	0	1	0	1	0	0	0	0	0	0	0	0	1	0
128011502212791	128011502	2018-04-06	1	0	1	0	0	0	0	0	0	13.37	1	19.000	Working	0	1	0	1	0	1	0	0	0	0	0	0	0	0
128011502212931	128011502	2018-04-20		1			0	1	0	0	0	11.87	1	19.000	Working	0	1	0	1	0	0	0	0	0	0	0	0	1	0
128011502213071	128011502	2018-05-04		4			1	3	0	0	0	11.85	1	19.000	Working	0	4	0	4	0	0	0	0	0	0	0	0	4	0
128011502213211	128011502	2018-05-18		2			1	1	0	0	0	13.42	1	19.000	Working	0	2	0	2	0	0	0	0	0	0	0	0	2	0
128011502213351	128011502	2018-06-01		0			0	0	0	0	0	13.58	1	19.000	Working	0	0	0	0	0	0	0	0	0	0	0	0	0	0
128011502213491	128011502	2018-06-15		4			1	3	0	0	0	13.42	1	19.000	Working	0	4	0	4	0	0	0	0	0	0	0	0	4	0
128011502213631	128011502	2018-06-29		0			0	0	0	0	0	13.33	1	19.000	Working	0	0	0	0	0	0	0	0	0	0	0	0	0	0
128011502213771	128011502	2018-07-13		0			0	0	0	0	0	13.62	1	19.000	Working	0	0	0	0	0	0	0	0	0	0	0	0	0	0
128011502213911	128011502	2018-07-27		0			0	0	0	0	0	13.77	1	19.000	Working	0	0	0	0	0	0	0	0	0	0	0	0	0	0
128011502214051	128011502	2018-08-10		0			0	0	0	0	0	12.63	1	19.000	Working	0	0	0	0	0	0	0	0	0	0	0	0	0	0
128011502214191	128011502	2018-08-24		0			0	0	0	0	0	13.72	1	19.000	Working	0	0	0	0	0	0	0	0	0	0	0	0	0	0
128011502214331	128011502	2018-09-07		0			0	0	0	0	0	12.63	1	19.000	Working	0	0	0	0	0	0	0	0	0	0	0	0	0	0
128011502214471	128011502	2018-09-21		0			0	0	0	0	0	13.40	1	19.000	Working	0	0	0	0	0	0	0	0	0	0	0	0	0	0
128011502214611	128011502	2018-10-05		0			0	0	0	0	0	13.70	1	19.000	Working	0	0	0	0	0	0	0	0	0	0	0	0	0	0
128011502214751	128011502	2018-10-19		1			0	1	0	0	0	12.25	1	19.000	Working	0	1	0	1	0	0	0	0	0	0	0	0	1	0
128011502214891	128011502	2018-11-02		0			0	0	0	0	0	12.18	1	19.000	Working	0	1	0	1	0	0	0	0	0	1	0	0	0	0
128011502215031	128011502	2018-11-16		0			0	0	0	0	0	12.00	1	19.000	Working	0	0	0	0	0	0	0	0	0	0	0	0	0	0
128011502215171	128011502	2018-11-30		0			0	0	0	0	0	11.85	1	19.000	Working	0	0	0	0	0	0	0	0	0	0	0	0	0	0
128011502215311	128011502	2018-12-14		0			0	0	0	0	0	12.45	1	19.000	Working	0	0	0	0	0	0	0	0	0	0	0	0	0	0
128011502215471	128011502	2018-12-30		0			0	0	0	0	0	12.57	1	19.000	Working	0	0	0	0	0	0	0	0	0	0	0	0	0	0
128011502215591	128011502	2019-01-11		0			0	0	0	0	0	12.40	1	19.000	Working	0	0	0	0	0	0	0	0	0	0	0	0	0	0
128011502215731	128011502	2019-01-25		0			0	0	0	0	0	12.43	1	19.000	Working	0	0	0	0	0	0	0	0	0	0	0	0	0	0
128011502215871	128011502	2019-02-08		0			0	0	0	0	0	12.12	1	19.000	Working	0	0	0	0	0	0	0	0	0	0	0	0	0	0
128011502216011	128011502	2019-02-22		0			0	0	0	0	0	12.12	1	19.000	Working	0	0	0	0	0	0	0	0	0	0	0	0	0	0
128011502216151	128011502	2019-03-08		0			0	0	0	0	0	13.85	1	19.000	Working	0	0	0	0	0	0	0	0	0	0	0	0	0	0
128011502216291	128011502	2019-03-22		0			0	0	0	0	0	12.05	1	19.000	Working	0	0	0	0	0	0	0	0	0	0	0	0	0	0
128011502216431	128011502	2019-04-05		0			0	0	0	0	0	12.08	1	19.000	Working	0	0	0	0	0	0	0	0	0	0	0	0	0	0
128011502216571	128011502	2019-04-19		0			0	0	0	0	0	12.22	1	19.000	Working	0	0	0	0	0	0	0	0	0	0	0	0	0	0
128011502216711	128011502	2019-05-03		0			0	0	0	0	0	12.48	1	19.000	Working	0	0	0	0	0	0	0	0	0	0	0	0	0	0
128011502216851	128011502	2019-05-17		0			0	0	0	0	0	11.95	1	19.000	Working	0	0	0	0	0	0	0	0	0	0	0	0	0	0
128011502216991	128011502	2019-05-31	1	0	1	0	0	0	0	3	0	13.57	1	19.000	Working	0	3	0	3	0	0	0	0	0	0	0	0	0	0
128011502217131	128011502	2019-06-14		2			0	2	0	0	0	13.63	1	19.000	Working	0	2	0	2	0	0	0	0	0	0	0	0	2	0
128011502217271	128011502	2019-06-28		1			0	1	0	0	0	12.33	1	19.000	Working	0	1	0	1	0	0	0	0	0	0	0	0	1	0
128011502217411	128011502	2019-07-12		2			2	0	0	0	0	12.35	1	19.000	Working	0	2	0	2	0	0	0	0	0	0	0	0	2	0
128011502217412	128011502	2019-07-12		0			0	0	0	0	0	12.35	2	19.000	Working	0	0	0	0	0	0	0	0	0	0	0	0	0	0
128011502217551	128011502	2019-07-26		0			0	0	0	0	0	12.27	1	19.000	Working	0	0	0	0	0	0	0	0	0	0	0	0	0	0
128011502217552	128011502	2019-07-26		4			2	2	0	0	0	12.27	2	19.000	Working	0	6	0	6	0	2	0	0	0	0	0	0	4	0
128011502217691	128011502	2019-08-09		0			0	0	0	0	0	13.58	1	19.000	Working	0	0	0	0	0	0	0	0	0	0	0	0	0	0
128011502217692	128011502	2019-08-09		0			0	0	0	0	0	13.58	2	19.000	Working	0	0	0	0	0	0	0	0	0	0	0	0	0	0
128011502217831	128011502	2019-08-23		0			0	0	0	0	0	12.05	1	19.000	Working	0	0	0	0	0	0	0	0	0	0	0	0	0	0
128011502217832	128011502	2019-08-23		0			0	0	0	0	0	12.05	2	19.000	Working	0	0	0	0	0	0	0	0	0	0	0	0	0	0
128011502217971	128011502	2019-09-06		0			0	0	0	0	0	12.17	1	19.000	Working	0	0	0	0	0	0	0	0	0	0	0	0	0	0
128011502217972	128011502	2019-09-06		1			0	1	0	0	0	12.17	2	19.000	Working	0	1	0	1	0	0	0	0	0	0	0	0	1	0
128011502218111	128011502	2019-09-20		0			0	0	0	0	0	12.42	1	19.000	Working	0	0	0	0	0	0	0	0	0	0	0	0	0	0
128011502218112	128011502	2019-09-20		0			0	0	0	0	0	12.42	2	19.000	Working	0	0	0	0	0	0	0	0	0	0	0	0	0	0
128011502218251	128011502	2019-10-04		1			0	1	0	0	0	12.33	1	19.000	Working	0	1	0	1	0	0	0	0	0	0	0	0	1	0
128011502218252	128011502	2019-10-04		0			0	0	0	0	0	12.33	2	19.000	Working	0	0	0	0	0	0	0	0	0	0	0	0	0	0
128011502218391	128011502	2019-10-18	1	0	1	0	0	0	0	0	0	13.33	1	19.000	Working	0	1	0	1	0	1	0	0	0	0	0	0	0	0
128011502218392	128011502	2019-10-18		0			0	0	0	0	0	13.33	2	19.000	Working	0	0	0	0	0	0	0	0	0	0	0	0	0	0
128014101211381	128014101	2017-11-09	1	0	1	0	0	0	0	0	0	11.67	1	19.000	Working	0	0	0	0	0	0	0	0	0	0	0	0	0	0
128014101211382	128014101	2017-11-09		2			0	2	0	0	0	11.67	2	19.000	Working	0	2	0	2	0	0	0	0	0	0	0	0	2	0
128014101211521	128014101	2017-11-23		0			0	0	0	0	0	11.85	1	19.000	Working	0	0	0	0	0	0	0	0	0	0	0	0	0	0
128014101211522	128014101	2017-11-23		0			0	0	0	0	0	11.85	2	19.000	Working	0	0	0	0	0	0	0	0	0	0	0	0	0	0
128014101211671	128014101	2017-12-08		2			0	2	0	0	0	11.93	1	19.000	Working	0	2	0	2	0	0	0	0	0	0	0	0	2	0
128014101211672	128014101	2017-12-08		0			0	0	0	0	0	11.93	2	19.000	Working	0	0	0	0	0	0	0	0	0	0	0	0	0	0
128014101211821	128014101	2017-12-23		0			0	0	0	0	0	11.75	1	19.000	Working	0	0	0	0	0	0	0	0	0	0	0	0	0	0
128014101211822	128014101	2017-12-23		0			0	0	0	0	0	11.75	2	19.000	Working	0	0	0	0	0	0	0	0	0	0	0	0	0	0
128014101211951	128014101	2018-01-05		0			0	0	0	0	0	11.97	1	19.000	Working	0	0	0	0	0	0	0	0	0	0	0	0	0	0
128014101212091	128014101	2018-01-19		0			0	0	0	0	0	13.68	1	19.000	Working	0	0	0	0	0	0	0	0	0	0	0	0	0	0
128014101212092	128014101	2018-01-19		0			0	0	0	0	0	13.68	2	19.000	Working	0	0	0	0	0	0	0	0	0	0	0	0	0	0
128014101212231	128014101	2018-02-02		0			0	0	0	0	0	13.40	1	19.000	Working	0	0	0	0	0	0	0	0	0	0	0	0	0	0
128014101212232	128014101	2018-02-02		0			0	0	0	0	0	13.40	2	19.000	Working	0	0	0	0	0	0	0	0	0	0	0	0	0	0
128014101212371	128014101	2018-02-16		0			0	0	0	0	0	12.00	1	19.000	Working	0	0	0	0	0	0	0	0	0	0	0	0	0	0
128014101212372	128014101	2018-02-16		0			0	0	0	0	0	12.00	2	19.000	Working	0	0	0	0	0	0	0	0	0	0	0	0	0	0
128014101212511	128014101	2018-03-02		0			0	0	0	0	0	11.77	1	19.000	Working	0	0	0	0	0	0	0	0	0	0	0	0	0	0
128014101212512	128014101	2018-03-02		0			0	0	0	0	0	11.77	2	19.000	Working	0	0	0	0	0	0	0	0	0	0	0	0	0	0
128014101212651	128014101	2018-03-16		0			0	0	0	0	0	12.65	1	19.000	Working	0	0	0	0	0	0	0	0	0	0	0	0	0	0
128014101212652	128014101	2018-03-16		0			0	0	0	0	0	12.65	2	19.000	Working	0	0	0	0	0	0	0	0	0	0	0	0	0	0
128014101212791	128014101	2018-03-30		0			0	0	0	0	0	13.55	1	19.000	Working	0	0	0	0	0	0	0	0	0	0	0	0	0	0
128014101212792	128014101	2018-03-30		0			0	0	0	0	0	13.55	2	19.000	Working	0	0	0	0	0	0	0	0	0	0	0	0	0	0
128014101212931	128014101	2018-04-13		3			1	2	0	0	0	11.67	1	19.000	Working	0	3	0	3	0	0	0	0	0	0	0	0	3	0
128014101212932	128014101	2018-04-13		2			2	0	0	0	0	11.67	2	19.000	Working	0	2	0	2	0	0	0	0	0	0	0	0	2	0
128014101213071	128014101	2018-04-27	1	11	1	0	5	6	0	0	0	11.73	1	19.000	Working	0	11	0	11	0	0	0	0	0	0	0	0	11	0
128014101213072	128014101	2018-04-27		5			1	4	0	0	0	11.73	2	19.000	Working	0	6	0	6	0	1	0	0	0	0	0	0	5	0
128014101213211	128014101	2018-05-11		5			1	4	0	0	0	13.58	1	19.000	Working	0	5	0	5	0	0	0	0	0	0	0	0	5	0
128014101213212	128014101	2018-05-11		4			2	2	0	0	0	13.58	2	19.000	Working	0	4	0	4	0	0	0	0	0	0	0	0	4	0
128014101213351	128014101	2018-05-25		4			2	2	0	3	0	13.73	1	19.000	Working	0	7	0	7	0	0	0	0	0	0	0	0	4	0
128014101213352	128014101	2018-05-25		1			1	0	0	0	0	13.73	2	19.000	Working	0	3	0	2	0	1	0	1	0	0	0	0	1	1
128014101213491	128014101	2018-06-08		2			0	2	0	0	0	11.75	1	19.000	Working	0	2	0	2	0	0	0	0	0	0	0	0	2	0
128014101213492	128014101	2018-06-08		0			0	0	0	0	0	11.75	2	19.000	Working	0	0	0	0	0	0	0	0	0	0	0	0	0	0
128014101213631	128014101	2018-06-22		1			0	1	0	0	0	12.08	1	19.000	Working	0	1	0	1	0	0	0	0	0	0	0	0	1	0
128014101213632	128014101	2018-06-22		0			0	0	0	0	0	12.08	2	19.000	Working	0	0	0	0	0	0	0	0	0	0	0	0	0	0
128014101213771	128014101	2018-07-06		0			0	0	0	0	0	12.00	1	19.000	Working	0	0	0	0	0	0	0	0	0	0	0	0	0	0
128014101213772	128014101	2018-07-06		0			0	0	0	0	0	12.00	2	19.000	Working	0	0	0	0	0	0	0	0	0	0	0	0	0	0
128014101213911	128014101	2018-07-20	1	0	1	0	0	0	0	0	0	13.87	1	19.000	Working	0	0	0	0	0	0	0	0	0	0	0	0	0	0
128014101213912	128014101	2018-07-20		1			0	1	0	0	0	13.87	2	19.000	Working	0	1	0	1	0	0	0	0	0	0	0	0	1	0
128014101214051	128014101	2018-08-03		5			2	3	0	0	0	13.48	1	19.000	Working	0	5	0	5	0	0	0	0	0	0	0	0	5	0
128014101214052	128014101	2018-08-03		0			0	0	0	0	0	13.48	2	19.000	Working	0	0	0	0	0	0	0	0	0	0	0	0	0	0
128014101214191	128014101	2018-08-17		0			0	0	0	0	0	13.88	1	19.000	Working	0	0	0	0	0	0	0	0	0	0	0	0	0	0
128014101214192	128014101	2018-08-17		0			0	0	0	0	0	13.88	2	19.000	Working	0	0	0	0	0	0	0	0	0	0	0	0	0	0
128014101214331	128014101	2018-08-31		0			0	0	0	1	0	13.50	1	19.000	Working	0	1	0	1	0	0	0	0	0	0	0	0	0	0
128014101214332	128014101	2018-08-31		0			0	0	0	0	0	13.50	2	19.000	Working	0	0	0	0	0	0	0	0	0	0	0	0	0	0
128014101214471	128014101	2018-09-14		0			0	0	0	0	0	13.70	1	19.000	Working	0	0	0	0	0	0	0	0	0	0	0	0	0	0
128014101214472	128014101	2018-09-14		0			0	0	0	0	0	13.70	2	19.000	Working	0	0	0	0	0	0	0	0	0	0	0	0	0	0
128014101214611	128014101	2018-09-28		0			0	0	0	0	0	14.27	1	19.000	Working	0	0	0	0	0	0	0	0	0	0	0	0	0	0
128014101214612	128014101	2018-09-28		0			0	0	0	0	0	14.27	2	19.000	Working	0	0	0	0	0	0	0	0	0	0	0	0	0	0
128014101214751	128014101	2018-10-12		0			0	0	0	0	0	12.33	1	19.000	Working	0	0	0	0	0	0	0	0	0	0	0	0	0	0
128014101214752	128014101	2018-10-12		0			0	0	0	0	0	12.33	2	19.000	Working	0	0	0	0	0	0	0	0	0	0	0	0	0	0
128014101214891	128014101	2018-10-26		0			0	0	0	0	0	11.68	1	19.000	Working	0	0	0	0	0	0	0	0	0	0	0	0	0	0
128014101214892	128014101	2018-10-26		1			0	1	0	0	0	11.68	2	19.000	Working	0	1	0	1	0	0	0	0	0	0	0	0	1	0
128014101215031	128014101	2018-11-09		0			0	0	0	0	0	12.10	1	19.000	Working	0	0	0	0	0	0	0	0	0	0	0	0	0	0
128014101215032	128014101	2018-11-09		0			0	0	0	0	0	12.10	2	19.000	Working	0	0	0	0	0	0	0	0	0	0	0	0	0	0
128014101215171	128014101	2018-11-23		0			0	0	0	0	0	13.77	1	19.000	Working	0	0	0	0	0	0	0	0	0	0	0	0	0	0
128014101215172	128014101	2018-11-23		0			0	0	0	0	0	13.77	2	19.000	Working	0	0	0	0	0	0	0	0	0	0	0	0	0	0
128014101215311	128014101	2018-12-07		0			0	0	0	0	0	12.03	1	19.000	Working	0	0	0	0	0	0	0	0	0	0	0	0	0	0
128014101215312	128014101	2018-12-07		0			0	0	0	0	0	12.03	2	19.000	Working	0	0	0	0	0	0	0	0	0	0	0	0	0	0
128014101215471	128014101	2018-12-23	1	1	1	0	0	1	0	0	0	11.93	1	19.000	Working	0	1	0	1	0	0	0	0	0	0	0	0	1	0
128014101215591	128014101	2019-01-04		0			0	0	0	0	0	12.52	1	19.000	Working	0	0	0	0	0	0	0	0	0	0	0	0	0	0
128014101215592	128014101	2019-01-04		0			0	0	0	0	0	12.52	2	19.000	Working	0	0	0	0	0	0	0	0	0	0	0	0	0	0
128014101215731	128014101	2019-01-18		0			0	0	0	0	0	13.33	1	19.000	Working	0	0	0	0	0	0	0	0	0	0	0	0	0	0
128014101215732	128014101	2019-01-18		0			0	0	0	0	0	13.33	2	19.000	Working	0	0	0	0	0	0	0	0	0	0	0	0	0	0
128014101215871	128014101	2019-02-01		0			0	0	0	0	0	12.42	1	19.000	Working	0	0	0	0	0	0	0	0	0	0	0	0	0	0
128014101215872	128014101	2019-02-01		0			0	0	0	0	0	12.42	2	19.000	Working	0	0	0	0	0	0	0	0	0	0	0	0	0	0
128014101216011	128014101	2019-02-15		0			0	0	0	0	0	12.50	1	19.000	Working	0	0	0	0	0	0	0	0	0	0	0	0	0	0
128014101216012	128014101	2019-02-15		0			0	0	0	0	0	12.50	2	19.000	Working	0	0	0	0	0	0	0	0	0	0	0	0	0	0
128014101216151	128014101	2019-03-01		0			0	0	0	0	0	12.20	1	19.000	Working	0	0	0	0	0	0	0	0	0	0	0	0	0	0
128014101216152	128014101	2019-03-01		0			0	0	0	0	0	12.20	2	19.000	Working	0	0	0	0	0	0	0	0	0	0	0	0	0	0
128014101216291	128014101	2019-03-15		0			0	0	0	0	0	12.63	1	19.000	Working	0	0	0	0	0	0	0	0	0	0	0	0	0	0
128014101216292	128014101	2019-03-15		0			0	0	0	0	0	12.63	2	19.000	Working	0	0	0	0	0	0	0	0	0	0	0	0	0	0
128014101216431	128014101	2019-03-29		0			0	0	0	0	0	13.72	1	19.000	Working	0	0	0	0	0	0	0	0	0	0	0	0	0	0
128014101216432	128014101	2019-03-29		0			0	0	0	0	0	13.72	2	19.000	Working	0	0	0	0	0	0	0	0	0	0	0	0	0	0
128014101216571	128014101	2019-04-12		0			0	0	0	0	0	12.35	1	19.000	Working	0	0	0	0	0	0	0	0	0	0	0	0	0	0
128014101216572	128014101	2019-04-12		0			0	0	0	0	0	12.35	2	19.000	Working	0	0	0	0	0	0	0	0	0	0	0	0	0	0
128014101216711	128014101	2019-04-26		0			0	0	0	0	0	13.43	1	19.000	Working	0	0	0	0	0	0	0	0	0	0	0	0	0	0
128014101216712	128014101	2019-04-26		0			0	0	0	0	0	13.43	2	19.000	Working	0	0	0	0	0	0	0	0	0	0	0	0	0	0
128014101216851	128014101	2019-05-10	1	0	1	0	0	0	0	0	0	12.07	1	19.000	Working	0	1	0	1	0	1	0	0	0	0	0	0	0	0
128014101216852	128014101	2019-05-10		0			0	0	0	0	0	12.07	2	19.000	Working	0	0	0	0	0	0	0	0	0	0	0	0	0	0
128014101216991	128014101	2019-05-24		0			0	0	0	0	0	13.87	1	19.000	Working	2	0	0	0	0	0	0	0	0	0	0	0	0	0
128014101216992	128014101	2019-05-24		1			0	1	0	0	0	13.87	2	19.000	Working	2	1	0	1	0	0	0	0	0	0	0	0	1	0
128014101217131	128014101	2019-06-07		1			0	1	0	0	0	13.73	1	19.000	Working	2	1	0	1	0	0	0	0	0	0	0	0	1	0
128014101217132	128014101	2019-06-07		0			0	0	0	0	0	13.73	2	19.000	Working	2	0	0	0	0	0	0	0	0	0	0	0	0	0
128014101217271	128014101	2019-06-21		0			0	0	0	0	0	11.75	1	19.000	Working	0	0	0	0	0	0	0	0	0	0	0	0	0	0
128014101217272	128014101	2019-06-21		0			0	0	0	2	0	11.75	2	19.000	Working	0	2	0	2	0	0	0	0	0	0	0	0	0	0
128014101217411	128014101	2019-07-05		1			0	1	0	0	0	12.52	1	19.000	Working	0	2	0	2	0	1	0	0	0	0	0	0	1	0
128014101217412	128014101	2019-07-05		1			0	1	0	0	0	12.52	2	19.000	Working	0	1	0	1	0	0	0	0	0	0	0	0	1	0
128014101217551	128014101	2019-07-19		2			2	0	0	0	0	12.18	1	19.000	Working	0	2	0	2	0	0	0	0	0	0	0	0	2	0
128014101217552	128014101	2019-07-19		1			0	1	0	0	0	12.18	2	19.000	Working	0	1	0	1	0	0	0	0	0	0	0	0	1	0
128014101217691	128014101	2019-08-02		0			0	0	0	0	0	13.75	1	19.000	Working	0	0	0	0	0	0	0	0	0	0	0	0	0	0
128014101217692	128014101	2019-08-02		0			0	0	0	0	0	13.75	2	19.000	Working	0	0	0	0	0	0	0	0	0	0	0	0	0	0
128014101217831	128014101	2019-08-16		0			0	0	0	0	0	13.37	1	19.000	Working	0	0	0	0	0	0	0	0	0	0	0	0	0	0
128014101217832	128014101	2019-08-16		0			0	0	0	0	0	13.37	2	19.000	Working	0	0	0	0	0	0	0	0	0	0	0	0	0	0
128014101217971	128014101	2019-08-30		0			0	0	0	0	0	13.50	1	19.000	Working	0	0	0	0	0	0	0	0	0	0	0	0	0	0
128014101217972	128014101	2019-08-30		0			0	0	0	0	0	13.50	2	19.000	Working	0	0	0	0	0	0	0	0	0	0	0	0	0	0
128014101218111	128014101	2019-09-13		0			0	0	0	0	0	12.53	1	19.000	Working	0	0	0	0	0	0	0	0	0	0	0	0	0	0
128014101218112	128014101	2019-09-13		0			0	0	0	0	0	12.53	2	19.000	Working	0	0	0	0	0	0	0	0	0	0	0	0	0	0
128014101218251	128014101	2019-09-27	1	1	1	0	1	0	0	0	0	13.37	1	19.000	Working	0	1	0	1	0	0	0	0	0	0	0	0	1	0
128014101218252	128014101	2019-09-27		0			0	0	0	0	0	13.37	2	19.000	Working	0	0	0	0	0	0	0	0	0	0	0	0	0	0
128014101218391	128014101	2019-10-11		0			0	0	0	0	0	13.58	1	19.000	Working	0	0	0	0	0	0	0	0	0	0	0	0	0	0
128014101218392	128014101	2019-10-11		0			0	0	0	0	0	13.58	2	19.000	Working	0	0	0	0	0	0	0	0	0	0	0	0	0	0
129001002211381	129001002	2017-11-11		0			0	0	0	0	0	14.02	1	19.000	Working	0	0	0	0	0	0	0	0	0	0	0	0	0	0
129001002211382	129001002	2017-11-11		0			0	0	0	0	0	14.02	2	19.000	Working	0	0	0	0	0	0	0	0	0	0	0	0	0	0
129001002211521	129001002	2017-11-25	1	0	1	0	0	0	0	0	0	12.22	1	19.000	Working	0	0	0	0	0	0	0	0	0	0	0	0	0	0
129001002211522	129001002	2017-11-25		1			1	0	0	0	0	12.22	2	19.000	Working	0	1	0	1	0	0	0	0	0	0	0	0	1	0
129001002211671	129001002	2017-12-10		0			0	0	0	0	0	12.07	1	19.000	Working	0	0	0	0	0	0	0	0	0	0	0	0	0	0
129001002211672	129001002	2017-12-10		2			0	2	0	0	0	12.07	2	19.000	Working	0	2	0	2	0	0	0	0	0	0	0	0	2	0
129001002211821	129001002	2017-12-25		2			1	1	0	0	0	11.93	1	19.000	Working	0	2	0	2	0	0	0	0	0	0	0	0	2	0
129001002211822	129001002	2017-12-25		0			0	0	0	0	0	11.93	2	19.000	Working	0	0	0	0	0	0	0	0	0	0	0	0	0	0
129001002211951	129001002	2018-01-07		0			0	0	0	0	0	12.17	1	19.000	Working	0	0	0	0	0	0	0	0	0	0	0	0	0	0
129001002211952	129001002	2018-01-07		0			0	0	0	0	0	12.17	2	19.000	Working	0	0	0	0	0	0	0	0	0	0	0	0	0	0
129001002212091	129001002	2018-01-21		0			0	0	0	0	0	12.17	1	19.000	Working	0	0	0	0	0	0	0	0	0	0	0	0	0	0
129001002212092	129001002	2018-01-21		0			0	0	0	0	0	12.17	2	19.000	Working	0	0	0	0	0	0	0	0	0	0	0	0	0	0
129001002212231	129001002	2018-02-04		0			0	0	0	0	0	12.43	1	19.000	Working	0	0	0	0	0	0	0	0	0	0	0	0	0	0
129001002212232	129001002	2018-02-04		0			0	0	0	0	0	12.43	2	19.000	Working	0	0	0	0	0	0	0	0	0	0	0	0	0	0
129001002212371	129001002	2018-02-18		0			0	0	0	0	0	12.13	1	19.000	Working	0	0	0	0	0	0	0	0	0	0	0	0	0	0
129001002212372	129001002	2018-02-18		0			0	0	0	0	0	12.13	2	19.000	Working	0	0	0	0	0	0	0	0	0	0	0	0	0	0
129001002212511	129001002	2018-03-04		0			0	0	0	0	0	12.58	1	19.000	Working	0	0	0	0	0	0	0	0	0	0	0	0	0	0
129001002212512	129001002	2018-03-04		0			0	0	0	0	0	12.58	2	19.000	Working	0	0	0	0	0	0	0	0	0	0	0	0	0	0
129001002212651	129001002	2018-03-18		0			0	0	0	0	0	12.43	1	19.000	Working	0	0	0	0	0	0	0	0	0	0	0	0	0	0
129001002212652	129001002	2018-03-18		0			0	0	0	0	0	12.43	2	19.000	Working	0	0	0	0	0	0	0	0	0	0	0	0	0	0
129001002212791	129001002	2018-04-01		0			0	0	0	0	0	12.53	1	19.000	Working	0	0	0	0	0	0	0	0	0	0	0	0	0	0
129001002212792	129001002	2018-04-01		0			0	0	0	0	0	12.53	2	19.000	Working	0	0	0	0	0	0	0	0	0	0	0	0	0	0
129001002212931	129001002	2018-04-15		1			1	0	0	0	0	11.98	1	19.000	Working	0	1	0	1	0	0	0	0	0	0	0	0	1	0
129001002212932	129001002	2018-04-15		2			1	1	0	1	0	11.98	2	19.000	Working	0	3	0	3	0	0	0	0	0	0	0	0	2	0
129001002213071	129001002	2018-04-29		7			4	3	0	0	0	12.08	1	19.000	Working	0	11	0	11	0	4	0	0	0	0	0	0	7	0
129001002213072	129001002	2018-04-29		13			6	7	0	0	0	12.08	2	19.000	Working	0	13	0	13	0	0	0	0	0	0	0	0	13	0
129001002213211	129001002	2018-05-13		4			1	3	0	1	0	12.62	1	19.000	Working	0	6	0	5	0	0	0	1	0	0	0	0	4	1
129001002213212	129001002	2018-05-13		0			0	0	0	0	0	12.62	2	19.000	Working	0	0	0	0	0	0	0	0	0	0	0	0	0	0
129001002213351	129001002	2018-05-27	1	10	1	0	3	7	0	0	0	13.42	1	19.000	Working	0	10	0	10	0	0	0	0	0	0	0	0	10	0
129001002213352	129001002	2018-05-27		6			2	4	0	0	0	13.42	2	19.000	Working	0	6	0	6	0	0	0	0	0	0	0	0	6	0
129001002213491	129001002	2018-06-10		8			5	3	0	0	0	12.63	1	19.000	Working	0	8	0	8	0	0	0	0	0	0	0	0	8	0
129001002213492	129001002	2018-06-10		9			7	2	0	0	0	12.63	2	19.000	Working	0	9	0	9	0	0	0	0	0	0	0	0	9	0
129001002213631	129001002	2018-06-24		0			0	0	0	0	0	11.70	1	19.000	Working	0	0	0	0	0	0	0	0	0	0	0	0	0	0
129001002213632	129001002	2018-06-24		0			0	0	0	0	0	11.70	2	19.000	Working	0	0	0	0	0	0	0	0	0	0	0	0	0	0
129001002213771	129001002	2018-07-08		1			0	1	0	0	0	13.43	1	19.000	Working	0	1	0	1	0	0	0	0	0	0	0	0	1	0
129001002213772	129001002	2018-07-08		3			2	1	0	0	0	13.43	2	19.000	Working	0	3	0	3	0	0	0	0	0	0	0	0	3	0
129001002213911	129001002	2018-07-22		0			0	0	0	0	0	13.58	1	19.000	Working	0	0	0	0	0	0	0	0	0	0	0	0	0	0
129001002213912	129001002	2018-07-22		0			0	0	0	0	0	13.58	2	19.000	Working	0	0	0	0	0	0	0	0	0	0	0	0	0	0
129001002214051	129001002	2018-08-05		1			1	0	0	0	0	12.42	1	19.000	Working	0	1	0	1	0	0	0	0	0	0	0	0	1	0
129001002214052	129001002	2018-08-05		0			0	0	0	0	0	12.42	2	19.000	Working	0	0	0	0	0	0	0	0	0	0	0	0	0	0
129001002214191	129001002	2018-08-19		0			0	0	0	0	0	13.50	1	19.000	Working	0	0	0	0	0	0	0	0	0	0	0	0	0	0
129001002214192	129001002	2018-08-19		0			0	0	0	0	0	13.50	2	19.000	Working	0	0	0	0	0	0	0	0	0	0	0	0	0	0
129001002214331	129001002	2018-09-02		2			0	2	0	1	0	12.60	1	19.000	Working	0	3	0	3	0	0	0	0	0	0	0	0	2	0
129001002214332	129001002	2018-09-02		0			0	0	0	1	0	12.60	2	19.000	Working	0	1	0	1	0	0	0	0	0	0	0	0	0	0
129001002214471	129001002	2018-09-16	3	0	3	0	0	0	0	0	0	12.30	1	19.000	Working	0	0	0	0	0	0	0	0	0	0	0	0	0	0
129001002214472	129001002	2018-09-16		1			0	1	0	1	0	12.30	2	19.000	Working	0	4	0	4	0	2	0	0	0	0	0	0	1	0
129001002214611	129001002	2018-09-30		0			0	0	0	0	0	13.90	1	19.000	Working	0	0	0	0	0	0	0	0	0	0	0	0	0	0
129001002214612	129001002	2018-09-30		0			0	0	0	0	0	13.90	2	19.000	Working	0	0	0	0	0	0	0	0	0	0	0	0	0	0
129001002214751	129001002	2018-10-14	1	0	1	0	0	0	0	0	0	12.42	1	19.000	Working	0	0	0	0	0	0	0	0	0	0	0	0	0	0
129001002214752	129001002	2018-10-14		1			1	0	0	0	0	12.42	2	19.000	Working	0	1	0	1	0	0	0	0	0	0	0	0	1	0
129001002214891	129001002	2018-10-28		0			0	0	0	0	0	12.00	1	19.000	Working	0	0	0	0	0	0	0	0	0	0	0	0	0	0
129001002214892	129001002	2018-10-28		0			0	0	0	0	0	12.00	2	19.000	Working	0	0	0	0	0	0	0	0	0	0	0	0	0	0
129001002215031	129001002	2018-11-11		0			0	0	0	0	0	11.92	1	19.000	Working	0	0	0	0	0	0	0	0	0	0	0	0	0	0
129001002215032	129001002	2018-11-11		0			0	0	0	0	0	11.92	2	19.000	Working	0	0	0	0	0	0	0	0	0	0	0	0	0	0
129001002215171	129001002	2018-11-25		0			0	0	0	0	0	14.17	1	19.000	Working	0	0	0	0	0	0	0	0	0	0	0	0	0	0
129001002215172	129001002	2018-11-25		0			0	0	0	0	0	14.17	2	19.000	Working	0	0	0	0	0	0	0	0	0	0	0	0	0	0
129001002215311	129001002	2018-12-09		0			0	0	0	0	0	11.85	1	19.000	Working	0	0	0	0	0	0	0	0	0	0	0	0	0	0
129001002215312	129001002	2018-12-09		0			0	0	0	0	0	11.85	2	19.000	Working	0	0	0	0	0	0	0	0	0	0	0	0	0	0
129001002215471	129001002	2018-12-25		0			0	0	0	0	0	12.12	1	19.000	Working	0	0	0	0	0	0	0	0	0	0	0	0	0	0
129001002215472	129001002	2018-12-25		0			0	0	0	0	0	12.12	2	19.000	Working	0	0	0	0	0	0	0	0	0	0	0	0	0	0
129001002215591	129001002	2019-01-06		0			0	0	0	0	0	12.23	1	19.000	Working	0	0	0	0	0	0	0	0	0	0	0	0	0	0
129001002215592	129001002	2019-01-06		0			0	0	0	0	0	12.23	2	19.000	Working	0	0	0	0	0	0	0	0	0	0	0	0	0	0
129001002215731	129001002	2019-01-20		0			0	0	0	0	0	12.20	1	19.000	Working	0	0	0	0	0	0	0	0	0	0	0	0	0	0
129001002215732	129001002	2019-01-20		0			0	0	0	0	0	12.20	2	19.000	Working	0	0	0	0	0	0	0	0	0	0	0	0	0	0
129001002215871	129001002	2019-02-03	1	0	1	0	0	0	0	0	0	11.97	1	19.000	Working	0	1	0	1	0	0	0	0	0	1	0	0	0	0
129001002215872	129001002	2019-02-03		0			0	0	0	0	0	11.97	2	19.000	Working	0	0	0	0	0	0	0	0	0	0	0	0	0	0
129001002216011	129001002	2019-02-17		0			0	0	0	0	0	11.97	1	19.000	Working	0	0	0	0	0	0	0	0	0	0	0	0	0	0
129001002216012	129001002	2019-02-17		0			0	0	0	0	0	11.97	2	19.000	Working	0	0	0	0	0	0	0	0	0	0	0	0	0	0
129001002216151	129001002	2019-03-03		0			0	0	0	0	0	14.08	1	19.000	Working	0	0	0	0	0	0	0	0	0	0	0	0	0	0
129001002216152	129001002	2019-03-03		0			0	0	0	0	0	14.08	2	19.000	Working	0	0	0	0	0	0	0	0	0	0	0	0	0	0
129001002216291	129001002	2019-03-17		0			0	0	0	0	0	11.93	1	19.000	Working	0	0	0	0	0	0	0	0	0	0	0	0	0	0
129001002216292	129001002	2019-03-17		0			0	0	0	0	0	11.93	2	19.000	Working	0	0	0	0	0	0	0	0	0	0	0	0	0	0
129001002216431	129001002	2019-03-31		0			0	0	0	0	0	11.97	1	19.000	Working	0	0	0	0	0	0	0	0	0	0	0	0	0	0
129001002216432	129001002	2019-03-31		0			0	0	0	0	0	11.97	2	19.000	Working	0	0	0	0	0	0	0	0	0	0	0	0	0	0
129001002216571	129001002	2019-04-14		0			0	0	0	0	0	12.12	1	19.000	Working	0	0	0	0	0	0	0	0	0	0	0	0	0	0
129001002216572	129001002	2019-04-14		0			0	0	0	0	0	12.12	2	19.000	Working	0	0	0	0	0	0	0	0	0	0	0	0	0	0
129001002216711	129001002	2019-04-28		0			0	0	0	0	0	12.38	1	19.000	Working	0	0	0	0	0	0	0	0	0	0	0	0	0	0
129001002216712	129001002	2019-04-28		0			0	0	0	0	0	12.38	2	19.000	Working	0	0	0	0	0	0	0	0	0	0	0	0	0	0
129001002216851	129001002	2019-05-12		0			0	0	0	0	0	11.82	1	19.000	Working	0	0	0	0	0	0	0	0	0	0	0	0	0	0
129001002216852	129001002	2019-05-12		0			0	0	0	0	0	11.82	2	19.000	Working	0	0	0	0	0	0	0	0	0	0	0	0	0	0
129001002216991	129001002	2019-05-26		1			0	1	0	1	0	13.40	1	19.000	Working	0	2	0	2	0	0	0	0	0	0	0	0	1	0
129001002216992	129001002	2019-05-26		0			0	0	0	0	0	13.40	2	19.000	Working	0	0	0	0	0	0	0	0	0	0	0	0	0	0
129001002217131	129001002	2019-06-09		3			0	3	0	0	0	13.52	1	19.000	Working	0	3	0	3	0	0	0	0	0	0	0	0	3	0
129001002217132	129001002	2019-06-09		5			3	2	0	0	0	13.52	2	19.000	Working	0	7	0	7	0	2	0	0	0	0	0	0	5	0
129001002217271	129001002	2019-06-23		0			0	0	0	0	0	12.45	1	19.000	Working	0	0	0	0	0	0	0	0	0	0	0	0	0	0
129001002217272	129001002	2019-06-23		1			0	1	0	1	0	12.45	2	19.000	Working	0	3	0	3	0	0	0	0	0	1	0	0	1	0
129001002217411	129001002	2019-07-07	1	3	1	0	2	1	0	0	0	12.20	1	19.000	Working	0	3	0	3	0	0	0	0	0	0	0	0	3	0
129001002217412	129001002	2019-07-07		4			2	2	0	0	0	12.20	2	19.000	Working	0	4	0	4	0	0	0	0	0	0	0	0	4	0
129001002217551	129001002	2019-07-21		0			0	0	0	0	0	11.97	1	19.000	Working	0	0	0	0	0	0	0	0	0	0	0	0	0	0
129001002217552	129001002	2019-07-21		3			1	2	0	0	0	11.97	2	19.000	Working	0	3	0	3	0	0	0	0	0	0	0	0	3	0
129001002217691	129001002	2019-08-04		0			0	0	0	0	0	13.43	1	19.000	Working	0	0	0	0	0	0	0	0	0	0	0	0	0	0
129001002217692	129001002	2019-08-04		0			0	0	0	0	0	13.43	2	19.000	Working	0	0	0	0	0	0	0	0	0	0	0	0	0	0
129001002217831	129001002	2019-08-18		0			0	0	0	0	0	11.90	1	19.000	Working	1	0	0	0	0	0	0	0	0	0	0	0	0	0
129001002217832	129001002	2019-08-18		0			0	0	0	0	0	11.90	2	19.000	Working	0	0	0	0	0	0	0	0	0	0	0	0	0	0
129001002217971	129001002	2019-09-01		1			0	1	0	0	0	12.03	1	19.000	Working	0	1	0	1	0	0	0	0	0	0	0	0	1	0
129001002217972	129001002	2019-09-01		0			0	0	0	0	0	12.03	2	19.000	Working	0	0	0	0	0	0	0	0	0	0	0	0	0	0
129001002218111	129001002	2019-09-15		0			0	0	0	0	0	12.33	1	19.000	Working	0	0	0	0	0	0	0	0	0	0	0	0	0	0
129001002218112	129001002	2019-09-15		0			0	0	0	0	0	12.33	2	19.000	Working	0	0	0	0	0	0	0	0	0	0	0	0	0	0
129001002218251	129001002	2019-09-29		0			0	0	0	0	0	12.22	1	19.000	Working	0	0	0	0	0	0	0	0	0	0	0	0	0	0
129001002218252	129001002	2019-09-29		0			0	0	0	0	0	12.22	2	19.000	Working	0	0	0	0	0	0	0	0	0	0	0	0	0	0
129001002218391	129001002	2019-10-13		0			0	0	0	0	0	13.43	1	19.000	Working	0	1	0	1	0	1	0	0	0	0	0	0	0	0
129001002218392	129001002	2019-10-13		0			0	0	0	0	0	13.43	2	19.000	Working	0	0	0	0	0	0	0	0	0	0	0	0	0	0
129004401211381	129004401	2017-11-11	2	10	2	0	2	8	0	0	0	13.95	1	19.000	Working	0	10	0	10	0	0	0	0	0	0	0	0	10	0
129004401211521	129004401	2017-11-25		0			0	0	0	0	0	12.37	1	19.000	Working	0	1	0	0	0	0	0	1	0	0	0	0	0	1
129004401211671	129004401	2017-12-10	1	2	1	0	1	1	0	0	0	12.15	1	19.000	Working	0	2	0	2	0	0	0	0	0	0	0	0	2	0
129004401211821	129004401	2017-12-25		0			0	0	0	0	0	12.00	1	19.000	Working	0	0	0	0	0	0	0	0	0	0	0	0	0	0
129004401211951	129004401	2018-01-07		0			0	0	0	0	0	12.23	1	19.000	Working	0	0	0	0	0	0	0	0	0	0	0	0	0	0
129004401212091	129004401	2018-01-21		0			0	0	0	0	0	12.28	1	19.000	Working	0	0	0	0	0	0	0	0	0	0	0	0	0	0
129004401212231	129004401	2018-02-04		0			0	0	0	0	0	12.33	1	19.000	Working	0	0	0	0	0	0	0	0	0	0	0	0	0	0
129004401212371	129004401	2018-02-18		0			0	0	0	0	0	12.22	1	19.000	Working	0	0	0	0	0	0	0	0	0	0	0	0	0	0
129004401212511	129004401	2018-03-04	1	1	1	0	0	1	0	0	0	14.05	1	19.000	Working	0	1	0	1	0	0	0	0	0	0	0	0	1	0
129004401212651	129004401	2018-03-18		0			0	0	0	0	0	12.33	1	19.000	Working	0	0	0	0	0	0	0	0	0	0	0	0	0	0
129004401212791	129004401	2018-04-01		0			0	0	0	0	0	12.43	1	19.000	Working	0	0	0	0	0	0	0	0	0	0	0	0	0	0
129004401212931	129004401	2018-04-15		0			0	0	0	0	0	14.03	1	19.000	Working	0	0	0	0	0	0	0	0	0	0	0	0	0	0
129004401213071	129004401	2018-04-29	2	40	2	0	23	17	0	0	0	12.20	1	19.000	Working	0	44	0	44	0	0	0	0	0	4	0	0	40	0
129004401213211	129004401	2018-05-13		8			3	5	0	0	0	12.42	1	19.000	Working	0	11	0	11	0	0	0	0	0	3	0	0	8	0
129004401213351	129004401	2018-05-27		10			2	8	0	3	0	12.63	1	19.000	Working	0	13	0	13	0	0	0	0	0	0	0	0	10	0
129004401213491	129004401	2018-06-10	1	33	1	0	21	12	0	0	0	12.17	1	19.000	Working	0	36	0	33	0	0	0	3	0	0	0	0	33	3
129004401213631	129004401	2018-06-24	1	3	1	0	0	3	0	0	0	13.33	1	19.000	Working	0	3	0	3	0	0	0	0	0	0	0	0	3	0
129004401213771	129004401	2018-07-08	1	4	1	0	1	3	0	0	0	11.97	1	19.000	Working	0	4	0	4	0	0	0	0	0	0	0	0	4	0
129004401213911	129004401	2018-07-22		0			0	0	0	0	0	13.48	1	19.000	Working	0	0	0	0	0	0	0	0	0	0	0	0	0	0
129004401214051	129004401	2018-08-05	2	10	2	0	6	4	0	0	0	12.28	1	19.000	Working	0	10	0	10	0	0	0	0	0	0	0	0	10	0
129004401214191	129004401	2018-08-19		1			0	1	0	0	0	13.62	1	19.000	Working	0	2	0	2	0	1	0	0	0	0	0	0	1	0
129004401214331	129004401	2018-09-02	1	0	1	0	0	0	0	0	0	12.30	1	19.000	Working	0	1	0	1	0	1	0	0	0	0	0	0	0	0
129004401214471	129004401	2018-09-16	1	2	1	0	0	2	0	0	0	12.12	1	19.000	Working	0	2	0	2	0	0	0	0	0	0	0	0	2	0
129004401214611	129004401	2018-09-30		3			2	1	0	0	0	14.08	1	19.000	Working	0	3	0	3	0	0	0	0	0	0	0	0	3	0
129004401214751	129004401	2018-10-14		5			2	3	0	0	0	12.03	1	19.000	Working	0	6	0	6	0	1	0	0	0	0	0	0	5	0
129004401214891	129004401	2018-10-28	1	1	1	0	0	1	0	0	0	11.85	1	19.000	Working	0	1	0	1	0	0	0	0	0	0	0	0	1	0
129004401215031	129004401	2018-11-11		0			0	0	0	0	0	11.87	1	19.000	Working	0	0	0	0	0	0	0	0	0	0	0	0	0	0
129004401215171	129004401	2018-11-25		0			0	0	0	0	0	10.83	1	19.000	Working	0	0	0	0	0	0	0	0	0	0	0	0	0	0
129004401215311	129004401	2018-12-09		0			0	0	0	0	0	12.00	1	19.000	Working	0	0	0	0	0	0	0	0	0	0	0	0	0	0
129004401215471	129004401	2018-12-25		0			0	0	0	0	0	12.30	1	19.000	Working	0	0	0	0	0	0	0	0	0	0	0	0	0	0
129004401215581	129004401	2019-01-05		0			0	0	0	0	0	12.17	1	19.000	Working	0	0	0	0	0	0	0	0	0	0	0	0	0	0
129004401215731	129004401	2019-01-20		0			0	0	0	0	0	12.12	1	19.000	Working	0	0	0	0	0	0	0	0	0	0	0	0	0	0
129004401215871	129004401	2019-02-03		0			0	0	0	0	0	11.83	1	19.000	Working	0	0	0	0	0	0	0	0	0	0	0	0	0	0
129004401216011	129004401	2019-02-17		0			0	0	0	0	0	11.83	1	19.000	Working	0	0	0	0	0	0	0	0	0	0	0	0	0	0
129004401216151	129004401	2019-03-03	1	1	1	0	0	1	0	0	0	13.98	1	19.000	Working	0	1	0	1	0	0	0	0	0	0	0	0	1	0
129004401216291	129004401	2019-03-17		0			0	0	0	0	0	11.80	1	19.000	Working	0	0	0	0	0	0	0	0	0	0	0	0	0	0
129004401216431	129004401	2019-03-31		0			0	0	0	0	0	11.83	1	19.000	Working	0	0	0	0	0	0	0	0	0	0	0	0	0	0
129004401216571	129004401	2019-04-14		0			0	0	0	0	0	12.02	1	19.000	Working	0	0	0	0	0	0	0	0	0	0	0	0	0	0
129004401216711	129004401	2019-04-28		0			0	0	0	0	0	12.30	1	19.000	Working	0	0	0	0	0	0	0	0	0	0	0	0	0	0
129004401216851	129004401	2019-05-12	1	2	1	0	0	2	0	0	0	11.70	1	19.000	Working	0	2	0	2	0	0	0	0	0	0	0	0	2	0
129004401216991	129004401	2019-05-26	1	6	1	0	5	1	0	0	0	12.50	1	19.000	Working	0	6	0	6	0	0	0	0	0	0	0	0	6	0
129004401217131	129004401	2019-06-09		7			2	5	0	0	0	13.42	1	19.000	Working	0	7	0	7	0	0	0	0	0	0	0	0	7	0
129004401217271	129004401	2019-06-23	1	16	1	0	12	4	0	0	0	11.90	1	19.000	Working	0	20	0	20	0	0	0	0	0	4	0	0	16	0
129004401217411	129004401	2019-07-07		5			2	3	0	0	0	12.07	1	19.000	Working	0	7	0	7	0	1	0	0	0	1	0	0	5	0
129004401217551	129004401	2019-07-21		5			1	4	0	0	0	11.98	1	19.000	Working	0	5	0	5	0	0	0	0	0	0	0	0	5	0
129004401217691	129004401	2019-08-04		0			0	0	0	0	0	13.33	1	19.000	Working	0	0	0	0	0	0	0	0	0	0	0	0	0	0
129004401217831	129004401	2019-08-18		0			0	0	0	0	0	11.75	1	19.000	Working	0	0	0	0	0	0	0	0	0	0	0	0	0	0
129004401217971	129004401	2019-09-01		1			0	1	0	0	0	11.90	1	19.000	Working	0	1	0	1	0	0	0	0	0	0	0	0	1	0
129004401218111	129004401	2019-09-15		0			0	0	0	0	0	12.25	1	19.000	Working	0	0	0	0	0	0	0	0	0	0	0	0	0	0
129004401218251	129004401	2019-09-29		0			0	0	0	0	0	12.03	1	19.000	Working	0	0	0	0	0	0	0	0	0	0	0	0	0	0
129004401218391	129004401	2019-10-13		3			2	1	0	0	0	12.62	1	19.000	Working	0	3	0	3	0	0	0	0	0	0	0	0	3	0
130015301211511	130015301	2017-12-02	1	4	1	0	2	2	0	0	0	13.65	1	19.000	Working	0	4	0	4	0	0	0	0	0	0	0	0	4	0
130015301211512	130015301	2017-12-02		4			1	3	0	0	0	13.65	2	19.000	Working	0	4	0	4	0	0	0	0	0	0	0	0	4	0
130015301211661	130015301	2017-12-17	1	2	1	0	0	2	0	0	0	12.38	1	19.000	Working	0	2	0	2	0	0	0	0	0	0	0	0	2	0
130015301211662	130015301	2017-12-17		0			0	0	0	0	0	12.38	2	19.000	Working	0	1	0	1	0	1	0	0	0	0	0	0	0	0
130015301211811	130015301	2018-01-01	1	2	1	0	0	2	0	0	0	12.33	1	19.000	Working	0	2	0	2	0	0	0	0	0	0	0	0	2	0
130015301211812	130015301	2018-01-01		0			0	0	0	0	0	12.33	2	19.000	Working	0	0	0	0	0	0	0	0	0	0	0	0	0	0
130015301211941	130015301	2018-01-14		0			0	0	0	0	0	12.53	1	19.000	Working	0	0	0	0	0	0	0	0	0	0	0	0	0	0
130015301211942	130015301	2018-01-14		0			0	0	0	0	0	12.53	2	19.000	Working	0	0	0	0	0	0	0	0	0	0	0	0	0	0
130015301212081	130015301	2018-01-28		0			0	0	0	0	0	13.55	1	19.000	Working	0	0	0	0	0	0	0	0	0	0	0	0	0	0
130015301212082	130015301	2018-01-28		0			0	0	0	0	0	13.55	2	19.000	Working	0	0	0	0	0	0	0	0	0	0	0	0	0	0
130015301212221	130015301	2018-02-11		0			0	0	0	0	0	12.15	1	19.000	Working	0	0	0	0	0	0	0	0	0	0	0	0	0	0
130015301212222	130015301	2018-02-11		0			0	0	0	0	0	12.15	2	19.000	Working	0	0	0	0	0	0	0	0	0	0	0	0	0	0
130015301212361	130015301	2018-02-25		0			0	0	0	0	0	13.38	1	19.000	Working	0	0	0	0	0	0	0	0	0	0	0	0	0	0
130015301212362	130015301	2018-02-25		0			0	0	0	0	0	13.38	2	19.000	Working	0	0	0	0	0	0	0	0	0	0	0	0	0	0
130015301212501	130015301	2018-03-11		0			0	0	0	0	0	12.17	1	19.000	Working	0	0	0	0	0	0	0	0	0	0	0	0	0	0
130015301212502	130015301	2018-03-11		0			0	0	0	0	0	12.17	2	19.000	Working	0	0	0	0	0	0	0	0	0	0	0	0	0	0
130015301212641	130015301	2018-03-25		0			0	0	0	0	0	12.10	1	19.000	Working	0	0	0	0	0	0	0	0	0	0	0	0	0	0
130015301212642	130015301	2018-03-25		0			0	0	0	0	0	12.10	2	19.000	Working	0	0	0	0	0	0	0	0	0	0	0	0	0	0
130015301212781	130015301	2018-04-08	1	0	1	0	0	0	0	0	0	11.87	1	19.000	Working	0	0	0	0	0	0	0	0	0	0	0	0	0	0
130015301212782	130015301	2018-04-08		0			0	0	0	1	0	11.87	2	19.000	Working	0	1	0	1	0	0	0	0	0	0	0	0	0	0
130015301212921	130015301	2018-04-22		3			0	3	0	0	0	12.00	1	19.000	Working	0	3	0	3	0	0	0	0	0	0	0	0	3	0
130015301212922	130015301	2018-04-22		2			1	1	0	0	0	12.00	2	19.000	Working	0	2	0	2	0	0	0	0	0	0	0	0	2	0
130015301213061	130015301	2018-05-06	2	2	2	0	0	2	0	0	0	12.25	1	19.000	Working	0	12	0	12	0	10	0	0	0	0	0	0	2	0
130015301213062	130015301	2018-05-06		23			15	8	0	0	0	12.25	2	19.000	Working	0	23	0	23	0	0	0	0	0	0	0	0	23	0
130015301213201	130015301	2018-05-20		1			0	1	0	1	0	12.12	1	19.000	Working	0	2	0	2	0	0	0	0	0	0	0	0	1	0
130015301213202	130015301	2018-05-20		2			1	1	0	0	0	12.12	2	19.000	Working	0	2	0	2	0	0	0	0	0	0	0	0	2	0
130015301213341	130015301	2018-06-03	3	10	3	0	4	6	0	4	0	12.13	1	19.000	Working	0	14	0	14	0	0	0	0	0	0	0	0	10	0
130015301213342	130015301	2018-06-03		5			1	4	0	4	0	12.13	2	19.000	Working	0	9	0	9	0	0	0	0	0	0	0	0	5	0
130015301213481	130015301	2018-06-17		2			1	1	0	3	0	12.42	1	19.000	Working	0	7	0	7	0	0	0	0	0	2	0	0	2	0
130015301213482	130015301	2018-06-17		4			1	3	0	1	0	12.42	2	19.000	Working	0	6	0	6	0	1	0	0	0	0	0	0	4	0
130015301213621	130015301	2018-07-01		1			0	1	0	2	0	11.92	1	19.000	Working	0	3	0	3	0	0	0	0	0	0	0	0	1	0
130015301213622	130015301	2018-07-01		3			1	2	0	0	0	11.92	2	19.000	Working	0	3	0	3	0	0	0	0	0	0	0	0	3	0
130015301213761	130015301	2018-07-15		2			0	2	0	0	0	12.55	1	19.000	Working	0	2	0	2	0	0	0	0	0	0	0	0	2	0
130015301213762	130015301	2018-07-15		1			0	1	0	1	0	12.55	2	19.000	Working	0	3	0	3	0	1	0	0	0	0	0	0	1	0
130015301213901	130015301	2018-07-29		0			0	0	0	0	0	12.42	1	19.000	Working	0	0	0	0	0	0	0	0	0	0	0	0	0	0
130015301213902	130015301	2018-07-29		0			0	0	0	0	0	12.42	2	19.000	Working	0	0	0	0	0	0	0	0	0	0	0	0	0	0
130015301214041	130015301	2018-08-12		0			0	0	0	0	0	11.78	1	19.000	Working	0	0	0	0	0	0	0	0	0	0	0	0	0	0
130015301214042	130015301	2018-08-12		0			0	0	0	0	0	11.78	2	19.000	Working	0	0	0	0	0	0	0	0	0	0	0	0	0	0
130015301214321	130015301	2018-09-09		0			0	0	0	0	0	11.72	1	19.000	Working	0	0	0	0	0	0	0	0	0	0	0	0	0	0
130015301214322	130015301	2018-09-09		0			0	0	0	0	0	11.72	2	19.000	Working	0	0	0	0	0	0	0	0	0	0	0	0	0	0
130015301214461	130015301	2018-09-23		0			0	0	0	0	0	11.83	1	19.000	Working	0	0	0	0	0	0	0	0	0	0	0	0	0	0
130015301214462	130015301	2018-09-23		0			0	0	0	0	0	11.83	2	19.000	Working	0	0	0	0	0	0	0	0	0	0	0	0	0	0
130015301214601	130015301	2018-10-07		0			0	0	0	0	0	12.42	1	19.000	Working	0	0	0	0	0	0	0	0	0	0	0	0	0	0
130015301214602	130015301	2018-10-07		0			0	0	0	0	0	12.42	2	19.000	Working	0	1	0	1	0	1	0	0	0	0	0	0	0	0
130015301214741	130015301	2018-10-21		0			0	0	0	0	0	11.73	1	19.000	Working	0	0	0	0	0	0	0	0	0	0	0	0	0	0
130015301214742	130015301	2018-10-21		0			0	0	0	1	0	11.73	2	19.000	Working	0	1	0	1	0	0	0	0	0	0	0	0	0	0
130015301214881	130015301	2018-11-04	1	1	1	0	0	1	0	0	0	12.48	1	19.000	Working	0	2	0	2	0	1	0	0	0	0	0	0	1	0
130015301214882	130015301	2018-11-04		2			0	2	0	1	0	12.48	2	19.000	Working	0	3	0	3	0	0	0	0	0	0	0	0	2	0
130015301215021	130015301	2018-11-18	1	1	1	0	0	1	0	0	0	11.75	1	19.000	Working	0	1	0	1	0	0	0	0	0	0	0	0	1	0
130015301215022	130015301	2018-11-18		0			0	0	0	0	0	11.75	2	19.000	Working	0	0	0	0	0	0	0	0	0	0	0	0	0	0
130015301215161	130015301	2018-12-02	1	1	1	0	0	1	0	0	0	11.73	1	19.000	Working	0	1	0	1	0	0	0	0	0	0	0	0	1	0
130015301215162	130015301	2018-12-02		0			0	0	0	0	0	11.73	2	19.000	Working	0	0	0	0	0	0	0	0	0	0	0	0	0	0
130015301215301	130015301	2018-12-16		0			0	0	0	0	0	12.25	1	19.000	Working	0	0	0	0	0	0	0	0	0	0	0	0	0	0
130015301215302	130015301	2018-12-16		0			0	0	0	0	0	12.25	2	19.000	Working	0	0	0	0	0	0	0	0	0	0	0	0	0	0
130015301215461	130015301	2019-01-01		0			0	0	0	0	0	13.48	1	19.000	Working	0	0	0	0	0	0	0	0	0	0	0	0	0	0
130015301215462	130015301	2019-01-01		0			0	0	0	0	0	13.48	2	19.000	Working	0	0	0	0	0	0	0	0	0	0	0	0	0	0
130015301215581	130015301	2019-01-13		0			0	0	0	0	0	11.92	1	19.000	Working	0	0	0	0	0	0	0	0	0	0	0	0	0	0
130015301215582	130015301	2019-01-13		0			0	0	0	0	0	11.92	2	19.000	Working	0	0	0	0	0	0	0	0	0	0	0	0	0	0
130015301215721	130015301	2019-01-27		0			0	0	0	0	0	11.67	1	19.000	Working	0	0	0	0	0	0	0	0	0	0	0	0	0	0
130015301215861	130015301	2019-02-10		0			0	0	0	0	0	11.92	1	19.000	Working	0	0	0	0	0	0	0	0	0	0	0	0	0	0
130015301216002	130015301	2019-02-24		0			0	0	0	0	0	11.83	2	19.000	Working	0	0	0	0	0	0	0	0	0	0	0	0	0	0
130015301216142	130015301	2019-03-10		0			0	0	0	0	0	11.90	2	19.000	Working	0	0	0	0	0	0	0	0	0	0	0	0	0	0
130015301216282	130015301	2019-03-24		0			0	0	0	0	0	11.92	2	19.000	Working	0	0	0	0	0	0	0	0	0	0	0	0	0	0
130015301216422	130015301	2019-04-07		0			0	0	0	0	0	11.82	2	19.000	Working	0	0	0	0	0	0	0	0	0	0	0	0	0	0
130015301216562	130015301	2019-04-21		0			0	0	0	0	0	11.67	2	19.000	Working	0	0	0	0	0	0	0	0	0	0	0	0	0	0
130015301216701	130015301	2019-05-05		0			0	0	0	0	0	12.00	1	19.000	Working	0	0	0	0	0	0	0	0	0	0	0	0	0	0
130015301216702	130015301	2019-05-05		0			0	0	0	0	0	12.00	2	19.000	Working	0	0	0	0	0	0	0	0	0	0	0	0	0	0
130015301216841	130015301	2019-05-19		0			0	0	0	0	0	12.30	1	19.000	Working	0	0	0	0	0	0	0	0	0	0	0	0	0	0
130015301216842	130015301	2019-05-19		0			0	0	0	0	0	12.30	2	19.000	Working	0	0	0	0	0	0	0	0	0	0	0	0	0	0
130015301216981	130015301	2019-06-02	3	3	3	0	2	1	0	2	0	12.00	1	19.000	Working	0	6	0	6	0	0	0	0	0	1	0	0	3	0
130015301216982	130015301	2019-06-02		8			5	3	0	5	0	12.00	2	19.000	Working	0	15	0	15	0	0	0	0	0	2	0	0	8	0
130015301217121	130015301	2019-06-16		0			0	0	0	0	0	12.53	1	19.000	Working	0	0	0	0	0	0	0	0	0	0	0	0	0	0
130015301217122	130015301	2019-06-16		4			1	3	0	0	0	12.53	2	19.000	Working	0	7	0	7	0	0	0	0	0	0	0	0	7	0
130015301217261	130015301	2019-06-30		2			0	2	0	2	0	11.97	1	19.000	Working	0	4	0	4	0	0	0	0	0	0	0	0	2	0
130015301217262	130015301	2019-06-30		0			0	0	0	0	0	11.97	2	19.000	Working	0	0	0	0	0	0	0	0	0	0	0	0	0	0
130015301217401	130015301	2019-07-14		2			0	2	0	0	0	11.70	1	19.000	Working	0	3	0	3	0	1	0	0	0	0	0	0	2	0
130015301217402	130015301	2019-07-14		3			2	1	0	0	0	11.70	2	19.000	Working	0	3	0	3	0	0	0	0	0	0	0	0	3	0
130015301217541	130015301	2019-07-28		1			1	0	0	0	0	11.97	1	19.000	Working	0	1	0	1	0	0	0	0	0	0	0	0	1	0
130015301217542	130015301	2019-07-28		0			0	0	0	0	0	11.97	2	19.000	Working	0	0	0	0	0	0	0	0	0	0	0	0	0	0
130015301217681	130015301	2019-08-11		0			0	0	0	1	0	12.47	1	19.000	Working	0	1	0	1	0	0	0	0	0	0	0	0	0	0
130015301217682	130015301	2019-08-11		0			0	0	0	0	0	12.47	2	19.000	Working	0	0	0	0	0	0	0	0	0	0	0	0	0	0
130015301217821	130015301	2019-08-25		0			0	0	0	0	0	12.33	1	19.000	Working	0	1	0	1	0	1	0	0	0	0	0	0	0	0
130015301217822	130015301	2019-08-25		0			0	0	0	0	0	12.33	2	19.000	Working	0	0	0	0	0	0	0	0	0	0	0	0	0	0
130015301217961	130015301	2019-09-08		0			0	0	0	0	0	11.87	1	19.000	Working	0	0	0	0	0	0	0	0	0	0	0	0	0	0
130015301217962	130015301	2019-09-08		0			0	0	0	0	0	11.87	2	19.000	Working	0	0	0	0	0	0	0	0	0	0	0	0	0	0
130015301218101	130015301	2019-09-22		1			0	1	0	0	0	12.07	1	19.000	Working	0	1	0	1	0	0	0	0	0	0	0	0	1	0
130015301218102	130015301	2019-09-22		0			0	0	0	0	0	12.07	2	19.000	Working	0	0	0	0	0	0	0	0	0	0	0	0	0	0
130015301218241	130015301	2019-10-06		0			0	0	0	0	0	11.98	1	19.000	Working	0	0	0	0	0	0	0	0	0	0	0	0	0	0
130015301218242	130015301	2019-10-06		2			2	0	0	1	0	11.98	2	19.000	Working	0	3	0	3	0	0	0	0	0	0	0	0	2	0
130015301218381	130015301	2019-10-20		0			0	0	0	0	0	12.45	1	19.000	Working	0	0	0	0	0	0	0	0	0	0	0	0	0	0
130015301218382	130015301	2019-10-20		3			1	2	0	0	0	12.45	2	19.000	Working	0	3	0	3	0	0	0	0	0	0	0	0	3	0
130016701211371	130016701	2017-11-18		0			0	0	0	0	0	14.08	1	19.000	Working	0	0	0	0	0	0	0	0	0	0	0	0	0	0
130016701211372	130016701	2017-11-18		0			0	0	0	0	0	14.08	2	19.000	Working	0	2	0	2	0	0	0	0	0	2	0	0	0	0
130016701211511	130016701	2017-12-02	1	0	1	0	0	0	0	0	0	14.00	1	19.000	Working	0	0	0	0	0	0	0	0	0	0	0	0	0	0
130016701211512	130016701	2017-12-02		1			0	1	0	0	0	14.00	2	19.000	Working	0	2	0	2	0	1	0	0	0	0	0	0	1	0
130016701211661	130016701	2017-12-17		0			0	0	0	0	0	12.33	1	19.000	Working	0	1	0	1	0	0	0	0	0	1	0	0	0	0
130016701211662	130016701	2017-12-17		1			0	1	0	0	0	12.33	2	19.000	Working	0	1	0	1	0	0	0	0	0	0	0	0	1	0
130016701211811	130016701	2018-01-01	1	1	1	0	0	1	0	0	0	12.22	1	19.000	Working	0	1	0	1	0	0	0	0	0	0	0	0	1	0
130016701211812	130016701	2018-01-01		0			0	0	0	0	0	12.22	2	19.000	Working	0	0	0	0	0	0	0	0	0	0	0	0	0	0
130016701211941	130016701	2018-01-14		0			0	0	0	0	0	12.40	1	19.000	Working	0	0	0	0	0	0	0	0	0	0	0	0	0	0
130016701211942	130016701	2018-01-14		0			0	0	0	0	0	12.40	2	19.000	Working	0	0	0	0	0	0	0	0	0	0	0	0	0	0
130016701212081	130016701	2018-01-28		0			0	0	0	0	0	13.42	1	19.000	Working	0	0	0	0	0	0	0	0	0	0	0	0	0	0
130016701212082	130016701	2018-01-28		0			0	0	0	0	0	13.42	2	19.000	Working	0	0	0	0	0	0	0	0	0	0	0	0	0	0
130016701212221	130016701	2018-02-11		0			0	0	0	0	0	12.05	1	19.000	Working	0	0	0	0	0	0	0	0	0	0	0	0	0	0
130016701212222	130016701	2018-02-11		0			0	0	0	0	0	12.05	2	19.000	Working	0	0	0	0	0	0	0	0	0	0	0	0	0	0
130016701212361	130016701	2018-02-25		0			0	0	0	0	0	12.55	1	19.000	Working	0	0	0	0	0	0	0	0	0	0	0	0	0	0
130016701212362	130016701	2018-02-25		0			0	0	0	0	0	12.55	2	19.000	Working	0	0	0	0	0	0	0	0	0	0	0	0	0	0
130016701212501	130016701	2018-03-11		0			0	0	0	0	0	12.28	1	19.000	Working	0	0	0	0	0	0	0	0	0	0	0	0	0	0
130016701212502	130016701	2018-03-11		0			0	0	0	0	0	12.28	2	19.000	Working	0	0	0	0	0	0	0	0	0	0	0	0	0	0
130016701212641	130016701	2018-03-25		0			0	0	0	0	0	11.97	1	19.000	Working	0	0	0	0	0	0	0	0	0	0	0	0	0	0
130016701212642	130016701	2018-03-25		0			0	0	0	0	0	11.97	2	19.000	Working	0	0	0	0	0	0	0	0	0	0	0	0	0	0
130016701212781	130016701	2018-04-08		0			0	0	0	0	0	11.98	1	19.000	Working	0	0	0	0	0	0	0	0	0	0	0	0	0	0
130016701212782	130016701	2018-04-08		0			0	0	0	0	0	11.98	2	19.000	Working	0	0	0	0	0	0	0	0	0	0	0	0	0	0
130016701212921	130016701	2018-04-22		4			1	3	0	0	0	12.53	1	19.000	Working	0	4	0	4	0	0	0	0	0	0	0	0	4	0
130016701212922	130016701	2018-04-22		2			2	0	0	0	0	12.53	2	19.000	Working	0	2	0	2	0	0	0	0	0	0	0	0	2	0
130016701213061	130016701	2018-05-06	2	10	2	0	5	5	0	0	0	12.50	1	19.000	Working	0	10	0	10	0	0	0	0	0	0	0	0	10	0
130016701213062	130016701	2018-05-06		4			0	4	0	0	0	12.50	2	19.000	Working	0	4	0	4	0	0	0	0	0	0	0	0	4	0
130016701213201	130016701	2018-05-20		3			1	2	0	0	0	11.92	1	19.000	Working	0	3	0	3	0	0	0	0	0	0	0	0	3	0
130016701213202	130016701	2018-05-20		3			0	3	0	0	0	11.92	2	19.000	Working	0	3	0	3	0	0	0	0	0	0	0	0	3	0
130016701213341	130016701	2018-06-03		0			0	0	0	0	0	12.03	1	19.000	Working	0	0	0	0	0	0	0	0	0	0	0	0	0	0
130016701213342	130016701	2018-06-03		5			3	2	0	0	0	12.03	2	19.000	Working	0	5	0	5	0	0	0	0	0	0	0	0	5	0
130016701213481	130016701	2018-06-17	1	5	1	0	2	3	0	0	0	11.67	1	19.000	Working	0	6	0	6	0	0	0	0	0	1	0	0	5	0
130016701213482	130016701	2018-06-17		0			0	0	0	0	0	11.67	2	19.000	Working	0	0	0	0	0	0	0	0	0	0	0	0	0	0
130016701213621	130016701	2018-07-01		1			1	0	0	0	0	11.75	1	19.000	Working	0	1	0	1	0	0	0	0	0	0	0	0	1	0
130016701213622	130016701	2018-07-01		0			0	0	0	0	0	11.75	2	19.000	Working	0	0	0	0	0	0	0	0	0	0	0	0	0	0
130016701213761	130016701	2018-07-15		0			0	0	0	0	0	13.48	1	19.000	Working	0	0	0	0	0	0	0	0	0	0	0	0	0	0
130016701213762	130016701	2018-07-15		0			0	0	0	0	0	13.48	2	19.000	Working	0	0	0	0	0	0	0	0	0	0	0	0	0	0
130016701213901	130016701	2018-07-29		0			0	0	0	0	0	12.57	1	19.000	Working	0	0	0	0	0	0	0	0	0	0	0	0	0	0
130016701213902	130016701	2018-07-29		0			0	0	0	0	0	12.57	2	19.000	Working	0	0	0	0	0	0	0	0	0	0	0	0	0	0
130016701214041	130016701	2018-08-12	1	3	1	0	0	3	0	0	0	11.93	1	19.000	Working	0	3	0	3	0	0	0	0	0	0	0	0	3	0
130016701214042	130016701	2018-08-12		3			1	2	0	0	0	11.93	2	19.000	Working	0	3	0	3	0	0	0	0	0	0	0	0	3	0
130016701214181	130016701	2018-08-26		0			0	0	0	0	0	12.35	1	19.000	Working	0	0	0	0	0	0	0	0	0	0	0	0	0	0
130016701214182	130016701	2018-08-26		0			0	0	0	0	0	12.35	2	19.000	Working	0	0	0	0	0	0	0	0	0	0	0	0	0	0
130016701214321	130016701	2018-09-09		0			0	0	0	0	0	11.90	1	19.000	Working	0	0	0	0	0	0	0	0	0	0	0	0	0	0
130016701214322	130016701	2018-09-09		0			0	0	0	0	0	11.90	2	19.000	Working	0	0	0	0	0	0	0	0	0	0	0	0	0	0
130016701214461	130016701	2018-09-23		0			0	0	0	0	0	12.00	1	19.000	Working	0	0	0	0	0	0	0	0	0	0	0	0	0	0
130016701214462	130016701	2018-09-23		0			0	0	0	0	0	12.00	2	19.000	Working	0	0	0	0	0	0	0	0	0	0	0	0	0	0
130016701214601	130016701	2018-10-07	3	2	3	0	0	2	0	0	0	12.63	1	19.000	Working	0	3	0	3	0	1	0	0	0	0	0	0	2	0
130016701214602	130016701	2018-10-07		0			0	0	0	0	0	12.63	2	19.000	Working	0	3	0	3	0	3	0	0	0	0	0	0	0	0
130016701214741	130016701	2018-10-21		0			0	0	0	0	0	11.67	1	19.000	Working	0	0	0	0	0	0	0	0	0	0	0	0	0	0
130016701214742	130016701	2018-10-21		2			0	2	0	0	0	11.67	2	19.000	Working	0	2	0	2	0	0	0	0	0	0	0	0	2	0
130016701214881	130016701	2018-11-04		0			0	0	0	0	0	12.65	1	19.000	Working	0	0	0	0	0	0	0	0	0	0	0	0	0	0
130016701214882	130016701	2018-11-04		0			0	0	0	0	0	12.65	2	19.000	Working	0	0	0	0	0	0	0	0	0	0	0	0	0	0
130016701215021	130016701	2018-11-18		2			0	2	0	0	0	12.40	1	19.000	Working	0	2	0	2	0	0	0	0	0	0	0	0	2	0
130016701215022	130016701	2018-11-18		0			0	0	0	0	0	12.40	2	19.000	Working	0	0	0	0	0	0	0	0	0	0	0	0	0	0
130016701215161	130016701	2018-12-02	1	0	1	0	0	0	0	0	0	11.97	1	19.000	Working	0	0	0	0	0	0	0	0	0	0	0	0	0	0
130016701215162	130016701	2018-12-02		2			0	2	0	0	0	11.97	2	19.000	Working	0	2	0	2	0	0	0	0	0	0	0	0	2	0
130016701215301	130016701	2018-12-16		0			0	0	0	0	0	11.67	1	19.000	Working	0	0	0	0	0	0	0	0	0	0	0	0	0	0
130016701215302	130016701	2018-12-16		0			0	0	0	0	0	11.67	2	19.000	Working	0	0	0	0	0	0	0	0	0	0	0	0	0	0
130016701215461	130016701	2019-01-01		0			0	0	0	0	0	13.63	1	19.000	Working	0	0	0	0	0	0	0	0	0	0	0	0	0	0
130016701215463	130016701	2019-01-01		0			0	0	0	0	0	13.63	3	19.000	Working	0	0	0	0	0	0	0	0	0	0	0	0	0	0
130016701215581	130016701	2019-01-13		0			0	0	0	0	0	11.73	1	19.000	Working	0	0	0	0	0	0	0	0	0	0	0	0	0	0
130016701215583	130016701	2019-01-13		0			0	0	0	0	0	11.73	3	19.000	Working	0	0	0	0	0	0	0	0	0	0	0	0	0	0
130016701215721	130016701	2019-01-27		0			0	0	0	0	0	10.83	1	19.000	Working	0	0	0	0	0	0	0	0	0	0	0	0	0	0
130016701215723	130016701	2019-01-27		0			0	0	0	0	0	10.83	3	19.000	Working	0	0	0	0	0	0	0	0	0	0	0	0	0	0
130016701215861	130016701	2019-02-10		0			0	0	0	0	0	11.67	1	19.000	Working	0	0	0	0	0	0	0	0	0	0	0	0	0	0
130016701215862	130016701	2019-02-10		0			0	0	0	0	0	11.67	2	19.000	Working	0	0	0	0	0	0	0	0	0	0	0	0	0	0
130016701216001	130016701	2019-02-24		0			0	0	0	0	0	11.67	1	19.000	Working	0	0	0	0	0	0	0	0	0	0	0	0	0	0
130016701216003	130016701	2019-02-24		0			0	0	0	0	0	11.67	3	19.000	Working	0	0	0	0	0	0	0	0	0	0	0	0	0	0
130016701216141	130016701	2019-03-10		0			0	0	0	0	0	11.67	1	19.000	Working	0	0	0	0	0	0	0	0	0	0	0	0	0	0
130016701216143	130016701	2019-03-10		0			0	0	0	0	0	11.67	3	19.000	Working	0	0	0	0	0	0	0	0	0	0	0	0	0	0
130016701216281	130016701	2019-03-24	2	1	2	0	0	1	0	0	0	11.75	1	19.000	Working	0	2	0	2	0	0	0	0	0	1	0	0	1	0
130016701216283	130016701	2019-03-24		0			0	0	0	0	0	11.75	3	19.000	Working	0	0	0	0	0	0	0	0	0	0	0	0	0	0
130016701216421	130016701	2019-04-07		0			0	0	0	0	0	11.67	1	19.000	Working	0	0	0	0	0	0	0	0	0	0	0	0	0	0
130016701216423	130016701	2019-04-07		0			0	0	0	0	0	11.67	3	19.000	Working	0	0	0	0	0	0	0	0	0	0	0	0	0	0
130016701216561	130016701	2019-04-21	1	0	1	0	0	0	0	0	0	12.50	1	19.000	Working	0	0	0	0	0	0	0	0	0	0	0	0	0	0
130016701216562	130016701	2019-04-21		1			1	0	0	0	0	12.50	2	19.000		0	1	0	1	0	0	0	0	0	0	0	0	1	0
130016701216563	130016701	2019-04-21										12.50	3	19.000	Working														
130016701216701	130016701	2019-05-05		0			0	0	0	0	0	12.07	1	19.000	Working	0	0	0	0	0	0	0	0	0	0	0	0	0	0
130016701216703	130016701	2019-05-05		0			0	0	0	0	0	12.07	3	19.000	Working	0	0	0	0	0	0	0	0	0	0	0	0	0	0
130016701216841	130016701	2019-05-19	2	0	2	0	0	0	0	0	0	12.38	1	19.000	Working	0	0	0	0	0	0	0	0	0	0	0	0	0	0
130016701216842	130016701	2019-05-19		3			0	3	0	0	0	12.38	2	19.000		0	3	0	3	0	0	0	0	0	0	0	0	3	0
130016701216843	130016701	2019-05-19										12.38	3	19.000	Working														
130016701216981	130016701	2019-06-02	1	2	1	0	0	2	0	0	0	11.83	1	19.000	Working	0	2	0	1	0	0	0	1	0	0	0	0	1	1
130016701216983	130016701	2019-06-02		3			2	1	0	2	0	11.83	3	19.000	Working	0	5	0	5	0	0	0	0	0	0	0	0	3	0
130016701217121	130016701	2019-06-16		5			2	3	0	0	0	11.97	1	19.000	Working	0	5	0	5	0	0	0	0	0	0	0	0	5	0
130016701217123	130016701	2019-06-16		20			12	8	0	0	0	11.97	3	19.000	Working	0	23	0	23	0	3	0	0	0	0	0	0	20	0
130016701217261	130016701	2019-06-30		2			2	0	0	0	0	13.83	1	19.000	Working	0	2	0	2	0	0	0	0	0	0	0	0	2	0
130016701217263	130016701	2019-06-30		1			0	1	0	0	0	13.83	3	19.000	Working	0	1	0	1	0	0	0	0	0	0	0	0	1	0
130016701217401	130016701	2019-07-14		0			0	0	0	0	0	11.87	1	19.000	Working	0	0	0	0	0	0	0	0	0	0	0	0	0	0
130016701217403	130016701	2019-07-14		3			1	2	0	0	0	11.87	3	19.000	Working	0	3	0	3	0	0	0	0	0	0	0	0	3	0
130016701217541	130016701	2019-07-28		0			0	0	0	0	0	11.83	1	19.000	Working	0	0	0	0	0	0	0	0	0	0	0	0	0	0
130016701217542	130016701	2019-07-28		1			1	0	0	0	0	11.83	2	19.000	Working	0	1	0	1	0	0	0	0	0	0	0	0	1	0
130016701217681	130016701	2019-08-11		0			0	0	0	0	0	12.35	1	19.000	Working	0	1	0	1	0	0	0	0	0	1	0	0	0	0
130016701217682	130016701	2019-08-11		0			0	0	0	0	0	12.35	2	19.000	Working	0	0	0	0	0	0	0	0	0	0	0	0	0	0
130016701217821	130016701	2019-08-25		0			0	0	0	0	0	12.27	1	19.000	Working	2	0	0	0	0	0	0	0	0	0	0	0	0	0
130016701217823	130016701	2019-08-25		0			0	0	0	0	0	12.27	3	19.000	Working	5	0	0	0	0	0	0	0	0	0	0	0	0	0
130016701217961	130016701	2019-09-08		0			0	0	0	0	0	11.70	1	19.000	Working	0	0	0	0	0	0	0	0	0	0	0	0	0	0
130016701217963	130016701	2019-09-08		0			0	0	0	0	0	11.70	3	19.000	Working	0	0	0	0	0	0	0	0	0	0	0	0	0	0
130016701218101	130016701	2019-09-22		0			0	0	0	0	0	11.97	1	19.000	Working	0	0	0	0	0	0	0	0	0	0	0	0	0	0
130016701218103	130016701	2019-09-22		2			1	1	0	0	0	11.97	3	19.000	Working	0	2	0	1	0	0	0	1	0	0	0	0	1	1
130016701218241	130016701	2019-10-06		0			0	0	0	0	0	11.83	1	19.000	Working	0	0	0	0	0	0	0	0	0	0	0	0	0	0
130016701218242	130016701	2019-10-06		0			0	0	0	0	0	11.83	2	19.000		0	0	0	0	0	0	0	0	0	0	0	0	0	0
130016701218243	130016701	2019-10-06										11.83	3	19.000	Working														
130016701218381	130016701	2019-10-20		0			0	0	0	0	0	12.35	1	19.000	Working	0	0	0	0	0	0	0	0	0	0	0	0	0	0
130016701218383	130016701	2019-10-20		2			1	1	0	0	0	12.35	3	19.000	Working	0	2	0	2	0	0	0	0	0	0	0	0	2	0
131004001211321	131004001	2017-11-11		2			0	2	0	0	0	12.13	1	19.000	Working	0	2	0	2	0	0	0	0	0	0	0	0	2	0
131004001211322	131004001	2017-11-11		1			1	0	0	0	0	12.13	2	19.000	Working	0	1	0	1	0	0	0	0	0	0	0	0	1	0
131004001211471	131004001	2017-11-26	2	5	2	0	3	2	0	0	0	12.43	1	19.000	Working	0	5	0	5	0	0	0	0	0	0	0	0	5	0
131004001211472	131004001	2017-11-26		5			1	4	0	1	0	12.43	2	19.000	Working	0	7	0	7	0	0	0	0	0	1	0	0	5	0
131004001211641	131004001	2017-12-13	4	9	4	0	3	6	0	0	0	10.87	1	19.000	Working	0	9	0	9	0	0	0	0	0	0	0	0	9	0
131004001211642	131004001	2017-12-13		2			0	2	0	0	0	10.87	2	19.000	Working	0	2	0	2	0	0	0	0	0	0	0	0	2	0
131004001211751	131004001	2017-12-24		0			0	0	0	0	0	13.52	1	19.000	Working	0	0	0	0	0	0	0	0	0	0	0	0	0	0
131004001211752	131004001	2017-12-24		0			0	0	0	0	0	13.52	2	19.000	Working	0	0	0	0	0	0	0	0	0	0	0	0	0	0
131004001211921	131004001	2018-01-10		0			0	0	0	0	0	12.03	1	19.000	Working	0	0	0	0	0	0	0	0	0	0	0	0	0	0
131004001211922	131004001	2018-01-10		0			0	0	0	0	0	12.03	2	19.000	Working	0	0	0	0	0	0	0	0	0	0	0	0	0	0
131004001212061	131004001	2018-01-24		0			0	0	0	0	0	12.12	1	19.000	Working	0	0	0	0	0	0	0	0	0	0	0	0	0	0
131004001212062	131004001	2018-01-24		0			0	0	0	0	0	12.12	2	19.000	Working	0	0	0	0	0	0	0	0	0	0	0	0	0	0
131004001212201	131004001	2018-02-07		0			0	0	0	0	0	13.68	1	19.000	Working	0	0	0	0	0	0	0	0	0	0	0	0	0	0
131004001212202	131004001	2018-02-07		0			0	0	0	0	0	13.68	2	19.000	Working	0	0	0	0	0	0	0	0	0	0	0	0	0	0
131004001212341	131004001	2018-02-21		0			0	0	0	0	0	13.67	1	19.000	Working	0	0	0	0	0	0	0	0	0	0	0	0	0	0
131004001212342	131004001	2018-02-21		0			0	0	0	0	0	13.67	2	19.000	Working	0	0	0	0	0	0	0	0	0	0	0	0	0	0
131004001212481	131004001	2018-03-07		0			0	0	0	0	0	12.17	1	19.000	Working	0	0	0	0	0	0	0	0	0	0	0	0	0	0
131004001212482	131004001	2018-03-07		0			0	0	0	0	0	12.17	2	19.000	Working	0	0	0	0	0	0	0	0	0	0	0	0	0	0
131004001212621	131004001	2018-03-21	1	0	1	0	0	0	0	0	0	13.37	1	19.000	Working	0	1	0	1	0	0	0	0	0	1	0	0	0	0
131004001212622	131004001	2018-03-21		0			0	0	0	0	0	13.37	2	19.000	Working	0	0	0	0	0	0	0	0	0	0	0	0	0	0
131004001212761	131004001	2018-04-04	1	1	1	0	0	1	0	0	0	13.33	1	19.000	Working	0	1	0	1	0	0	0	0	0	0	0	0	1	0
131004001212762	131004001	2018-04-04		0			0	0	0	0	0	13.33	2	19.000	Working	0	1	0	1	0	0	0	0	0	1	0	0	0	0
131004001212901	131004001	2018-04-18	1	3	1	0	0	3	0	1	0	12.20	1	19.000	Working	0	4	0	4	0	0	0	0	0	0	0	0	3	0
131004001212902	131004001	2018-04-18		24			11	13	0	0	0	12.20	2	19.000	Working	0	24	0	24	0	0	0	0	0	0	0	0	24	0
131004001213041	131004001	2018-05-02	1	10	1	0	5	5	0	1	0	13.42	1	19.000	Working	0	11	0	11	0	0	0	0	0	0	0	0	10	0
131004001213042	131004001	2018-05-02		20			8	12	0	0	0	13.42	2	19.000	Working	0	27	0	27	0	0	0	0	0	7	0	0	20	0
131004001213181	131004001	2018-05-16		2			0	2	0	0	0	12.13	1	19.000	Working	0	2	0	2	0	0	0	0	0	0	0	0	2	0
131004001213182	131004001	2018-05-16		24			17	7	0	0	0	12.13	2	19.000	Working	0	24	0	24	0	0	0	0	0	0	0	0	24	0
131004001213321	131004001	2018-05-30		21			15	6	0	0	0	12.47	1	19.000	Working	0	21	0	21	0	0	0	0	0	0	0	0	21	0
131004001213322	131004001	2018-05-30		2			0	2	0	0	0	12.47	2	19.000	Working	0	3	0	3	0	1	0	0	0	0	0	0	2	0
131004001213461	131004001	2018-06-13		4			2	2	0	0	0	13.33	1	19.000	Working	0	7	0	7	0	1	0	0	0	2	0	0	4	0
131004001213462	131004001	2018-06-13		20			9	11	0	0	0	13.33	2	19.000	Working	0	24	0	24	0	1	0	0	0	3	0	0	20	0
131004001213601	131004001	2018-06-27	3	22	3	0	7	15	0	0	0	11.83	1	19.000	Working	0	26	0	26	0	3	0	0	0	1	0	0	22	0
131004001213602	131004001	2018-06-27		4			0	4	0	0	0	11.83	2	19.000	Working	0	5	0	4	0	0	0	1	0	0	0	0	4	1
131004001213741	131004001	2018-07-11		0			0	0	0	0	0	12.20	1	19.000	Working	0	0	0	0	0	0	0	0	0	0	0	0	0	0
131004001213742	131004001	2018-07-11		4			0	4	0	0	0	12.20	2	19.000	Working	0	4	0	4	0	0	0	0	0	0	0	0	4	0
131004001213881	131004001	2018-07-25	3	0	3	0	0	0	0	0	0	11.98	1	19.000	Working	0	0	0	0	0	0	0	0	0	0	0	0	0	0
131004001213882	131004001	2018-07-25		7			2	5	0	0	0	11.98	2	19.000	Working	0	8	0	7	0	0	0	1	0	0	0	0	7	1
131004001214021	131004001	2018-08-08	1	0	1	0	0	0	0	0	0	12.08	1	19.000	Working	0	0	0	0	0	0	0	0	0	0	0	0	0	0
131004001214022	131004001	2018-08-08		34			13	21	0	0	0	12.08	2	19.000	Working	0	38	0	38	0	4	0	0	0	0	0	0	34	0
131004001214161	131004001	2018-08-22	1	3	1	0	2	1	0	0	0	12.07	1	19.000	Working	0	3	0	3	0	0	0	0	0	0	0	0	3	0
131004001214162	131004001	2018-08-22		0			0	0	0	0	0	12.07	2	19.000	Working	0	0	0	0	0	0	0	0	0	0	0	0	0	0
131004001214301	131004001	2018-09-05		3			2	1	0	0	0	12.00	1	19.000	Working	0	4	0	4	0	1	0	0	0	0	0	0	3	0
131004001214302	131004001	2018-09-05		0			0	0	0	0	0	12.00	2	19.000	Working	0	0	0	0	0	0	0	0	0	0	0	0	0	0
131004001214441	131004001	2018-09-19	6	10	6	0	6	4	0	0	0	12.00	1	19.000	Working	0	10	0	10	0	0	0	0	0	0	0	0	10	0
131004001214442	131004001	2018-09-19		3			0	3	0	1	0	12.00	2	19.000	Working	0	4	0	4	0	0	0	0	0	0	0	0	3	0
131004001214581	131004001	2018-10-03	6	16	6	0	5	11	0	0	0	13.43	1	19.000	Working	0	18	0	18	0	0	0	0	0	2	0	0	16	0
131004001214582	131004001	2018-10-03		1			0	1	0	0	0	13.43	2	19.000	Working	0	3	0	3	0	1	0	0	0	1	0	0	1	0
131004001214721	131004001	2018-10-17	4	5	4	0	1	4	0	0	0	11.88	1	19.000	Working	0	5	0	5	0	0	0	0	0	0	0	0	5	0
131004001214722	131004001	2018-10-17		20			8	12	0	0	0	11.88	2	19.000	Working	0	21	0	21	0	1	0	0	0	0	0	0	20	0
131004001214861	131004001	2018-10-31	3	0	3	0	0	0	0	0	0	11.88	1	19.000	Working	0	0	0	0	0	0	0	0	0	0	0	0	0	0
131004001214862	131004001	2018-10-31		8			3	5	0	0	0	11.88	2	19.000	Working	0	8	0	8	0	0	0	0	0	0	0	0	8	0
131004001215001	131004001	2018-11-14		1			0	1	0	0	0	11.87	1	19.000	Working	0	1	0	1	0	0	0	0	0	0	0	0	1	0
131004001215002	131004001	2018-11-14		11			4	7	0	0	0	11.87	2	19.000	Working	0	11	0	11	0	0	0	0	0	0	0	0	11	0
131004001215141	131004001	2018-11-28		0			0	0	0	0	0	12.23	1	19.000	Working	0	0	0	0	0	0	0	0	0	0	0	0	0	0
131004001215142	131004001	2018-11-28		0			0	0	0	0	0	12.23	2	19.000	Working	0	0	0	0	0	0	0	0	0	0	0	0	0	0
131004001215281	131004001	2018-12-12		0			0	0	0	0	0	12.30	1	19.000	Working	0	0	0	0	0	0	0	0	0	0	0	0	0	0
131004001215282	131004001	2018-12-12		0			0	0	0	0	0	12.30	2	19.000	Working	0	0	0	0	0	0	0	0	0	0	0	0	0	0
131004001215411	131004001	2018-12-25		0			0	0	0	0	0	12.52	1	19.000	Working	0	0	0	0	0	0	0	0	0	0	0	0	0	0
131004001215412	131004001	2018-12-25		0			0	0	0	0	0	12.52	2	19.000	Working	0	0	0	0	0	0	0	0	0	0	0	0	0	0
131004001215561	131004001	2019-01-09	1	0	1	0	0	0	0	0	0	11.68	1	19.000	Working	0	0	0	0	0	0	0	0	0	0	0	0	0	0
131004001215562	131004001	2019-01-09		1			0	1	0	0	0	11.68	2	19.000	Working	0	1	0	1	0	0	0	0	0	0	0	0	1	0
131004001215701	131004001	2019-01-23		0			0	0	0	0	0	11.95	1	19.000	Working	0	0	0	0	0	0	0	0	0	0	0	0	0	0
131004001215702	131004001	2019-01-23		0			0	0	0	0	0	11.95	2	19.000	Working	0	0	0	0	0	0	0	0	0	0	0	0	0	0
131004001215841	131004001	2019-02-06		0			0	0	0	0	0	12.45	1	19.000	Working	0	0	0	0	0	0	0	0	0	0	0	0	0	0
131004001215842	131004001	2019-02-06		0			0	0	0	0	0	12.45	2	19.000	Working	0	0	0	0	0	0	0	0	0	0	0	0	0	0
131004001215981	131004001	2019-02-20		0			0	0	0	0	0	12.22	1	19.000	Working	0	0	0	0	0	0	0	0	0	0	0	0	0	0
131004001215982	131004001	2019-02-20		0			0	0	0	0	0	12.22	2	19.000	Working	0	0	0	0	0	0	0	0	0	0	0	0	0	0
131004001216121	131004001	2019-03-06	1	0	1	0	0	0	0	0	0	12.50	1	19.000	Working	0	0	0	0	0	0	0	0	0	0	0	0	0	0
131004001216122	131004001	2019-03-06		1			0	1	0	0	0	12.50	2	19.000	Working	0	1	0	1	0	0	0	0	0	0	0	0	1	0
131004001216261	131004001	2019-03-20	1	0	1	0	0	0	0	0	0	12.33	1	19.000	Working	0	0	0	0	0	0	0	0	0	0	0	0	0	0
131004001216262	131004001	2019-03-20		1			0	1	0	0	0	12.33	2	19.000	Working	0	1	0	1	0	0	0	0	0	0	0	0	1	0
131004001216401	131004001	2019-04-03		0			0	0	0	0	0	12.20	1	19.000	Working	0	0	0	0	0	0	0	0	0	0	0	0	0	0
131004001216402	131004001	2019-04-03		0			0	0	0	0	0	12.20	2	19.000	Working	0	0	0	0	0	0	0	0	0	0	0	0	0	0
131004001216541	131004001	2019-04-17	1	0	1	0	0	0	0	0	0	12.55	1	19.000	Working	0	0	0	0	0	0	0	0	0	0	0	0	0	0
131004001216542	131004001	2019-04-17		1			0	1	0	0	0	12.55	2	19.000	Working	0	1	0	1	0	0	0	0	0	0	0	0	1	0
131004001216681	131004001	2019-05-01	1	1	1	0	0	1	0	0	0	12.60	1	19.000	Working	0	1	0	1	0	0	0	0	0	0	0	0	1	0
131004001216682	131004001	2019-05-01		1			1	0	0	0	0	12.60	2	19.000	Working	0	2	0	2	0	1	0	0	0	0	0	0	1	0
131004001216821	131004001	2019-05-15	1	0	1	0	0	0	0	0	0	12.47	1	19.000	Working	0	0	0	0	0	0	0	0	0	0	0	0	0	0
131004001216822	131004001	2019-05-15		2			1	1	0	0	0	12.47	2	19.000	Working	0	2	0	2	0	0	0	0	0	0	0	0	2	0
131004001216961	131004001	2019-05-29	1	0	1	0	0	0	0	0	0	12.65	1	19.000	Working	0	0	0	0	0	0	0	0	0	0	0	0	0	0
131004001216962	131004001	2019-05-29		10			7	3	0	0	0	12.65	2	19.000	Working	0	10	0	10	0	0	0	0	0	0	0	0	10	0
131004001217101	131004001	2019-06-12	1	29	1	0	18	11	0	0	0	12.45	1	19.000	Working	0	31	0	31	0	2	0	0	0	0	0	0	29	0
131004001217102	131004001	2019-06-12		10			6	4	0	0	0	12.45	2	19.000	Working	0	12	0	11	0	1	0	1	0	0	0	0	10	1
131004001217241	131004001	2019-06-26	1	6	1	0	0	6	0	0	0	13.70	1	19.000	Working	0	6	0	6	0	0	0	0	0	0	0	0	6	0
131004001217242	131004001	2019-06-26		19			9	10	0	0	0	13.70	2	19.000	Working	0	19	0	19	0	0	0	0	0	0	0	0	19	0
131004001217381	131004001	2019-07-10	1	8	1	0	3	5	0	0	0	13.87	1	19.000	Working	0	8	0	8	0	0	0	0	0	0	0	0	8	0
131004001217382	131004001	2019-07-10		30			19	11	0	0	0	13.87	2	19.000	Working	0	42	0	42	0	10	0	0	0	2	0	0	30	0
131004001217521	131004001	2019-07-24		6			4	2	0	0	0	12.13	1	19.000	Working	0	6	0	6	0	0	0	0	0	0	0	0	6	0
131004001217522	131004001	2019-07-24		8			5	3	0	0	0	12.13	2	19.000	Working	0	9	0	9	0	1	0	0	0	0	0	0	8	0
131004001217661	131004001	2019-08-07		2			1	1	0	0	0	13.60	1	19.000	Working	0	2	0	2	0	0	0	0	0	0	0	0	2	0
131004001217662	131004001	2019-08-07		7			4	3	0	0	0	13.60	2	19.000	Working	0	8	0	8	0	1	0	0	0	0	0	0	7	0
131004001217801	131004001	2019-08-21	3	1	3	0	0	1	0	0	0	13.42	1	19.000	Working	0	1	0	1	0	0	0	0	0	0	0	0	1	0
131004001217802	131004001	2019-08-21		6			4	2	0	0	0	13.42	2	19.000	Working	0	6	0	6	0	0	0	0	0	0	0	0	6	0
131004001217942	131004001	2019-09-04	1	9	1	0	4	5	0	0	0	13.65	2	19.000	Working	0	9	0	9	0	0	0	0	0	0	0	0	9	0
131004001218081	131004001	2019-09-18		0			0	0	0	0	0	14.08	1	19.000	Working	0	0	0	0	0	0	0	0	0	0	0	0	0	0
131004001218082	131004001	2019-09-18		0			0	0	0	0	0	14.08	2	19.000	Working	0	0	0	0	0	0	0	0	0	0	0	0	0	0
131004001218221	131004001	2019-10-02		0			0	0	0	0	0	12.00	1	19.000	Working	0	0	0	0	0	0	0	0	0	0	0	0	0	0
131004001218222	131004001	2019-10-02		0			0	0	0	0	0	12.00	2	19.000	Working	0	0	0	0	0	0	0	0	0	0	0	0	0	0
131004001218361	131004001	2019-10-16		0			0	0	0	0	0	12.53	1	19.000	Working	0	0	0	0	0	0	0	0	0	0	0	0	0	0
131004001218362	131004001	2019-10-16		0			0	0	0	0	0	12.53	2	19.000	Working	0	0	0	0	0	0	0	0	0	0	0	0	0	0
131005201211321	131005201	2017-11-16	2	4	2	0	1	3	0	0	0	13.78	1	19.000	Working	0	4	0	4	0	0	0	0	0	0	0	0	4	0
131005201211322	131005201	2017-11-16		5			2	3	0	0	0	13.78	2	19.000	Working	0	6	0	6	0	0	0	0	0	1	0	0	5	0
131005201211323	131005201	2017-11-16		0			0	0	0	0	0	13.78	3	19.000	Working	0	0	0	0	0	0	0	0	0	0	0	0	0	0
131005201211471	131005201	2017-12-01		6			1	5	0	0	0	14.00	1	19.000	Working	0	7	0	7	0	1	0	0	0	0	0	0	6	0
131005201211472	131005201	2017-12-01		15			5	10	0	0	0	14.00	2	19.000	Working	0	17	0	17	0	1	0	0	0	1	0	0	15	0
131005201211642	131005201	2017-12-18		2			1	1	0	2	0	12.13	2	19.000	Working	0	6	0	6	0	0	0	0	0	2	0	0	2	0
131005201211751	131005201	2017-12-29	1	0	1	0	0	0	0	0	0	12.12	1	19.000	Working	0	0	0	0	0	0	0	0	0	0	0	0	0	0
131005201211752	131005201	2017-12-29		3			1	2	0	0	0	12.12	2	19.000	Working	0	3	0	3	0	0	0	0	0	0	0	0	3	0
131005201211921	131005201	2018-01-15	1	1	1	0	1	0	0	0	0	11.98	1	19.000	Working	0	1	0	1	0	0	0	0	0	0	0	0	1	0
131005201211922	131005201	2018-01-15		0			0	0	0	0	0	11.98	2	19.000	Working	0	0	0	0	0	0	0	0	0	0	0	0	0	0
131005201212061	131005201	2018-01-29		0			0	0	0	0	0	12.32	1	19.000	Working	0	0	0	0	0	0	0	0	0	0	0	0	0	0
131005201212062	131005201	2018-01-29		0			0	0	0	0	0	12.32	2	19.000	Working	0	0	0	0	0	0	0	0	0	0	0	0	0	0
131005201212201	131005201	2018-02-12		0			0	0	0	0	0	13.50	1	19.000	Working	0	0	0	0	0	0	0	0	0	0	0	0	0	0
131005201212202	131005201	2018-02-12		0			0	0	0	0	0	13.50	2	19.000	Working	0	0	0	0	0	0	0	0	0	0	0	0	0	0
131005201212341	131005201	2018-02-26		0			0	0	0	0	0	13.58	1	19.000	Working	0	0	0	0	0	0	0	0	0	0	0	0	0	0
131005201212342	131005201	2018-02-26		0			0	0	0	0	0	13.58	2	19.000	Working	0	0	0	0	0	0	0	0	0	0	0	0	0	0
131005201212481	131005201	2018-03-12		0			0	0	0	0	0	12.43	1	19.000	Working	0	0	0	0	0	0	0	0	0	0	0	0	0	0
131005201212482	131005201	2018-03-12		0			0	0	0	0	0	12.43	2	19.000	Working	0	0	0	0	0	0	0	0	0	0	0	0	0	0
131005201212621	131005201	2018-03-26		0			0	0	0	0	0	12.08	1	19.000	Working	0	0	0	0	0	0	0	0	0	0	0	0	0	0
131005201212622	131005201	2018-03-26		0			0	0	0	0	0	12.08	2	19.000	Working	0	0	0	0	0	0	0	0	0	0	0	0	0	0
131005201212761	131005201	2018-04-09		0			0	0	0	0	0	11.67	1	19.000	Working	0	0	0	0	0	0	0	0	0	0	0	0	0	0
131005201212762	131005201	2018-04-09		0			0	0	0	0	0	11.67	2	19.000	Working	0	0	0	0	0	0	0	0	0	0	0	0	0	0
131005201212901	131005201	2018-04-23		24			15	9	0	1	0	13.80	1	19.000	Working	0	25	0	25	0	0	0	0	0	0	0	0	24	0
131005201212902	131005201	2018-04-23		16			7	9	0	1	0	13.80	2	19.000	Working	0	17	0	17	0	0	0	0	0	0	0	0	16	0
131005201213041	131005201	2018-05-07	1	5	1	0	4	1	0	0	0	12.17	1	19.000	Working	0	8	0	8	0	0	0	0	0	3	0	0	5	0
131005201213042	131005201	2018-05-07		6			2	4	0	0	0	12.17	2	19.000	Working	0	6	0	6	0	0	0	0	0	0	0	0	6	0
131005201213181	131005201	2018-05-21	1	13	1	0	4	9	0	0	0	12.37	1	19.000	Working	0	19	0	19	0	2	0	0	0	4	0	0	13	0
131005201213182	131005201	2018-05-21		15			6	9	0	0	0	12.37	2	19.000	Working	0	15	0	15	0	0	0	0	0	0	0	0	15	0
131005201213321	131005201	2018-06-04		34			24	10	0	2	0	12.63	1	19.000	Working	0	50	0	50	0	7	0	0	0	7	0	0	34	0
131005201213322	131005201	2018-06-04		40			16	24	0	0	0	12.63	2	19.000	Working	0	40	0	40	0	0	0	0	0	0	0	0	40	0
131005201213461	131005201	2018-06-18		38			23	15	0	1	0	12.48	1	19.000	Working	0	49	0	49	0	3	0	0	0	7	0	0	38	0
131005201213462	131005201	2018-06-18		30			17	13	0	0	0	12.48	2	19.000	Working	0	33	0	33	0	1	0	0	0	2	0	0	30	0
131005201213601	131005201	2018-07-02	6	30	6	0	11	19	0	0	0	12.38	1	19.000	Working	0	67	0	67	0	10	0	0	0	12	0	0	45	0
131005201213602	131005201	2018-07-02		13			5	8	0	0	0	12.38	2	19.000	Working	0	13	0	13	0	0	0	0	0	0	0	0	13	0
131005201213741	131005201	2018-07-16	2	0	2	0	0	0	0	0	0	12.00	1	19.000	Working	0	0	0	0	0	0	0	0	0	0	0	0	0	0
131005201213742	131005201	2018-07-16		13			3	10	0	0	0	12.00	2	19.000	Working	0	16	0	16	0	3	0	0	0	0	0	0	13	0
131005201213881	131005201	2018-07-30	3	15	3	0	5	10	0	0	0	12.08	1	19.000	Working	0	15	0	15	0	0	0	0	0	0	0	0	15	0
131005201213882	131005201	2018-07-30		6			2	4	0	0	0	12.08	2	19.000	Working	0	6	0	6	0	0	0	0	0	0	0	0	6	0
131005201214021	131005201	2018-08-13	10	69	10	0	38	31	0	0	0	12.20	1	19.000	Working	0	76	0	76	0	7	0	0	0	0	0	0	69	0
131005201214022	131005201	2018-08-13		40			24	16	0	7	0	12.20	2	19.000	Working	0	60	0	60	0	5	0	0	0	8	0	0	40	0
131005201214161	131005201	2018-08-27	2	2	2	0	0	2	0	0	0	12.18	1	19.000	Working	0	3	0	3	0	0	0	0	0	1	0	0	2	0
131005201214162	131005201	2018-08-27		2			0	2	0	0	0	12.18	2	19.000	Working	0	3	0	3	0	1	0	0	0	0	0	0	2	0
131005201214301	131005201	2018-09-10	2	0	2	0	0	0	0	0	0	12.13	1	19.000	Working	0	0	0	0	0	0	0	0	0	0	0	0	0	0
131005201214302	131005201	2018-09-10		7			1	6	0	2	0	12.13	2	19.000	Working	0	14	0	14	0	3	0	0	0	2	0	0	7	0
131005201214441	131005201	2018-09-24	3	4	3	0	0	4	0	0	0	12.10	1	19.000	Working	0	4	0	4	0	0	0	0	0	0	0	0	4	0
131005201214442	131005201	2018-09-24		7			3	4	0	1	0	12.10	2	19.000	Working	0	9	0	8	0	0	0	1	0	0	0	0	7	1
131005201214581	131005201	2018-10-08	2	16	2	0	4	12	0	0	0	12.45	1	19.000	Working	0	19	0	18	0	2	0	1	0	0	0	0	16	1
131005201214582	131005201	2018-10-08		11			4	7	0	0	0	12.45	2	19.000	Working	0	11	0	11	0	0	0	0	0	0	0	0	11	0
131005201214721	131005201	2018-10-22	6	23	6	0	14	9	0	0	0	11.97	1	19.000	Working	0	29	0	29	0	3	0	0	0	3	0	0	23	0
131005201214722	131005201	2018-10-22		16			9	7	0	0	0	11.97	2	19.000	Working	0	23	0	23	0	2	0	0	0	5	0	0	16	0
131005201214861	131005201	2018-11-05	5	10	5	0	2	8	0	0	0	11.78	1	19.000	Working	0	10	0	10	0	0	0	0	0	0	0	0	10	0
131005201214862	131005201	2018-11-05		12			5	7	0	0	0	11.78	2	19.000	Working	0	12	0	12	0	0	0	0	0	0	0	0	12	0
131005201215001	131005201	2018-11-19	2	37	2	0	29	8	0	0	0	11.95	1	19.000	Working	0	39	0	39	0	1	0	0	0	1	0	0	37	0
131005201215002	131005201	2018-11-19		23			18	5	0	0	0	11.95	2	19.000	Working	0	23	0	23	0	0	0	0	0	0	0	0	23	0
131005201215141	131005201	2018-12-03	3	3	3	0	2	1	0	0	0	12.15	1	19.000	Working	0	3	0	3	0	0	0	0	0	0	0	0	3	0
131005201215142	131005201	2018-12-03		1			0	1	0	0	0	12.15	2	19.000	Working	0	1	0	1	0	0	0	0	0	0	0	0	1	0
131005201215281	131005201	2018-12-17		0			0	0	0	0	0	12.20	1	19.000	Working	0	0	0	0	0	0	0	0	0	0	0	0	0	0
131005201215282	131005201	2018-12-17		0			0	0	0	0	0	12.20	2	19.000	Working	0	0	0	0	0	0	0	0	0	0	0	0	0	0
131005201215411	131005201	2018-12-30	1	0	1	0	0	0	0	0	0	12.50	1	19.000	Working	0	0	0	0	0	0	0	0	0	0	0	0	0	0
131005201215412	131005201	2018-12-30		1			0	1	0	0	0	12.50	2	19.000	Working	0	1	0	1	0	0	0	0	0	0	0	0	1	0
131005201215561	131005201	2019-01-14	1	0	1	0	0	0	0	0	0	12.60	1	19.000	Working	0	0	0	0	0	0	0	0	0	0	0	0	0	0
131005201215562	131005201	2019-01-14		1			0	1	0	0	0	12.60	2	19.000	Working	0	1	0	1	0	0	0	0	0	0	0	0	1	0
131005201215701	131005201	2019-01-28		0			0	0	0	0	0	12.03	1	19.000	Working	0	0	0	0	0	0	0	0	0	0	0	0	0	0
131005201215702	131005201	2019-01-28		0			0	0	0	0	0	12.03	2	19.000	Working	3	0	0	0	0	0	0	0	0	0	0	0	0	0
131005201215841	131005201	2019-02-11		0			0	0	0	0	0	12.35	1	19.000	Working	0	0	0	0	0	0	0	0	0	0	0	0	0	0
131005201215842	131005201	2019-02-11		0			0	0	0	0	0	12.35	2	19.000	Working	0	0	0	0	0	0	0	0	0	0	0	0	0	0
131005201215981	131005201	2019-02-25		0			0	0	0	0	0	12.33	1	19.000	Working	0	0	0	0	0	0	0	0	0	0	0	0	0	0
131005201215982	131005201	2019-02-25		0			0	0	0	0	0	12.33	2	19.000	Working	0	0	0	0	0	0	0	0	0	0	0	0	0	0
131005201216121	131005201	2019-03-11		0			0	0	0	0	0	12.42	1	19.000	Working	0	0	0	0	0	0	0	0	0	0	0	0	0	0
131005201216122	131005201	2019-03-11		0			0	0	0	0	0	12.42	2	19.000	Working	0	0	0	0	0	0	0	0	0	0	0	0	0	0
131005201216261	131005201	2019-03-25	1	1	1	0	0	1	0	0	0	12.22	1	19.000	Working	0	1	0	1	0	0	0	0	0	0	0	0	1	0
131005201216262	131005201	2019-03-25		0			0	0	0	0	0	12.22	2	19.000	Working	0	0	0	0	0	0	0	0	0	0	0	0	0	0
131005201216401	131005201	2019-04-08	1	1	1	0	0	1	0	0	0	12.08	1	19.000	Working	0	1	0	1	0	0	0	0	0	0	0	0	1	0
131005201216402	131005201	2019-04-08		0			0	0	0	0	0	12.08	2	19.000	Working	0	0	0	0	0	0	0	0	0	0	0	0	0	0
131005201216541	131005201	2019-04-22		0			0	0	0	0	0	12.43	1	19.000	Working	0	0	0	0	0	0	0	0	0	0	0	0	0	0
131005201216542	131005201	2019-04-22		0			0	0	0	0	0	12.43	2	19.000	Working	0	0	0	0	0	0	0	0	0	0	0	0	0	0
131005201216681	131005201	2019-05-06	3	0	4	1	0	0	0	0	0	12.28	1	19.000	Working	0	0	0	0	0	0	0	0	0	0	0	0	0	0
131005201216682	131005201	2019-05-06		2			0	2	0	2	0	12.28	2	19.000	Working	0	4	0	4	0	0	0	0	0	0	0	0	2	0
131005201216821	131005201	2019-05-20		3			1	2	0	0	0	12.18	1	19.000	Working	0	3	0	3	0	0	0	0	0	0	0	0	3	0
131005201216822	131005201	2019-05-20		0			0	0	0	0	0	12.18	2	19.000	Working	0	0	0	0	0	0	0	0	0	0	0	0	0	0
131005201216961	131005201	2019-06-03		0			0	0	0	1	0	13.50	1	19.000	Working	0	1	0	1	0	0	0	0	0	0	0	0	0	0
131005201216962	131005201	2019-06-03		4			1	3	0	0	0	13.50	2	19.000	Working	0	4	0	4	0	0	0	0	0	0	0	0	4	0
131005201217101	131005201	2019-06-17	2	50	2	0	31	19	0	5	0	12.55	1	19.000	Working	0	65	0	65	0	7	0	0	0	3	0	0	50	0
131005201217102	131005201	2019-06-17		27			15	12	0	6	0	12.55	2	19.000	Working	0	36	0	36	0	3	0	0	0	0	0	0	27	0
131005201217241	131005201	2019-07-01	3	36	3	0	14	22	0	0	0	12.28	1	19.000	Working	0	44	0	44	0	8	0	0	0	0	0	0	36	0
131005201217242	131005201	2019-07-01		35			22	13	0	3	0	12.28	2	19.000	Working	0	38	0	38	0	0	0	0	0	0	0	0	35	0
131005201217381	131005201	2019-07-15		8			5	3	0	0	0	13.78	1	19.000	Working	0	11	0	11	0	3	0	0	0	0	0	0	8	0
131005201217382	131005201	2019-07-15		14			9	5	0	0	0	13.78	2	19.000	Working	0	14	0	14	0	0	0	0	0	0	0	0	14	0
131005201217521	131005201	2019-07-29	1	8	1	0	6	2	0	1	0	12.37	1	19.000	Working	0	11	0	11	0	2	0	0	0	0	0	0	8	0
131005201217522	131005201	2019-07-29		7			3	4	0	2	0	12.37	2	19.000	Working	0	9	0	9	0	0	0	0	0	0	0	0	7	0
131005201217661	131005201	2019-08-12	3	26	3	0	17	9	0	2	0	13.42	1	19.000	Working	0	28	0	28	0	0	0	0	0	0	0	0	26	0
131005201217662	131005201	2019-08-12		12			7	5	0	0	0	13.42	2	19.000	Working	0	13	0	13	0	1	0	0	0	0	0	0	12	0
131005201217801	131005201	2019-08-26	1	2	1	0	1	1	0	0	0	12.57	1	19.000	Working	0	2	0	2	0	0	0	0	0	0	0	0	2	0
131005201217802	131005201	2019-08-26		2			0	2	0	0	0	12.57	2	19.000	Working	0	2	0	2	0	0	0	0	0	0	0	0	2	0
131005201217942	131005201	2019-09-09	2	18	2	0	10	8	0	3	0	12.63	2	19.000	Working	0	22	0	22	0	0	0	0	0	1	0	0	18	0
131005201218081	131005201	2019-09-23	1	7	1	0	2	5	0	0	0	13.80	1	19.000	Working	0	8	0	8	0	1	0	0	0	0	0	0	7	0
131005201218082	131005201	2019-09-23		1			0	1	0	0	0	13.80	2	19.000	Working	0	1	0	1	0	0	0	0	0	0	0	0	1	0
131005201218221	131005201	2019-10-07	1	0	1	0	0	0	0	0	0	12.38	1	19.000	Working	0	0	0	0	0	0	0	0	0	0	0	0	0	0
131005201218222	131005201	2019-10-07		2			0	2	0	0	0	12.38	2	19.000	Working	0	3	0	3	0	1	0	0	0	0	0	0	2	0
131005201218361	131005201	2019-10-21	1	1	1	0	0	1	0	0	0	12.33	1	19.000	Working	0	1	0	1	0	0	0	0	0	0	0	0	1	0
131005201218362	131005201	2019-10-21		2			2	0	0	0	0	12.33	2	19.000	Working	0	2	0	2	0	0	0	0	0	0	0	0	2	0
131005501211321	131005501	2017-11-15		0			0	0	0	0	0	12.42	1	19.000	Working	0	0	0	0	0	0	0	0	0	0	0	0	0	0
131005501211322	131005501	2017-11-15		1			1	0	0	0	0	12.42	2	19.000	Working	0	1	0	1	0	0	0	0	0	0	0	0	1	0
131005501211471	131005501	2017-11-30	1	0	1	0	0	0	0	1	0	13.33	1	19.000	Working	0	1	0	1	0	0	0	0	0	0	0	0	0	0
131005501211472	131005501	2017-11-30		1			1	0	0	0	0	13.33	2	19.000	Working	0	2	0	1	0	0	0	1	0	0	0	0	1	1
131005501211641	131005501	2017-12-17		0			0	0	0	1	0	11.85	1	19.000	Working	0	1	0	1	0	0	0	0	0	0	0	0	0	0
131005501211642	131005501	2017-12-17		0			0	0	0	0	0	11.85	2	19.000	Working	0	0	0	0	0	0	0	0	0	0	0	0	0	0
131005501211751	131005501	2017-12-28		1			0	1	0	0	0	11.92	1	19.000	Working	0	1	0	1	0	0	0	0	0	0	0	0	1	0
131005501211752	131005501	2017-12-28		0			0	0	0	0	0	11.92	2	19.000	Working	0	0	0	0	0	0	0	0	0	0	0	0	0	0
131005501211921	131005501	2018-01-14		0			0	0	0	0	0	11.92	1	19.000	Working	0	0	0	0	0	0	0	0	0	0	0	0	0	0
131005501211922	131005501	2018-01-14		0			0	0	0	0	0	11.92	2	19.000	Working	0	0	0	0	0	0	0	0	0	0	0	0	0	0
131005501212061	131005501	2018-01-28		0			0	0	0	0	0	13.33	1	19.000	Working	0	0	0	0	0	0	0	0	0	0	0	0	0	0
131005501212062	131005501	2018-01-28		0			0	0	0	0	0	13.33	2	19.000	Working	0	0	0	0	0	0	0	0	0	0	0	0	0	0
131005501212201	131005501	2018-02-11	1	1	1	0	0	1	0	0	0	13.75	1	19.000	Working	0	1	0	1	0	0	0	0	0	0	0	0	1	0
131005501212202	131005501	2018-02-11		0			0	0	0	0	0	13.75	2	19.000	Working	0	0	0	0	0	0	0	0	0	0	0	0	0	0
131005501212341	131005501	2018-02-25	1	0	1	0	0	0	0	0	0	13.42	1	19.000	Working	0	1	0	1	0	1	0	0	0	0	0	0	0	0
131005501212342	131005501	2018-02-25		0			0	0	0	0	0	13.42	2	19.000	Working	0	0	0	0	0	0	0	0	0	0	0	0	0	0
131005501212481	131005501	2018-03-11		0			0	0	0	0	0	12.28	1	19.000	Working	0	0	0	0	0	0	0	0	0	0	0	0	0	0
131005501212482	131005501	2018-03-11		0			0	0	0	0	0	12.28	2	19.000	Working	0	0	0	0	0	0	0	0	0	0	0	0	0	0
131005501212621	131005501	2018-03-25		0			0	0	0	0	0	11.88	1	19.000	Working	0	0	0	0	0	0	0	0	0	0	0	0	0	0
131005501212622	131005501	2018-03-25		0			0	0	0	0	0	11.88	2	19.000	Working	0	0	0	0	0	0	0	0	0	0	0	0	0	0
131005501212761	131005501	2018-04-08		0			0	0	0	0	0	13.50	1	19.000	Working	0	0	0	0	0	0	0	0	0	0	0	0	0	0
131005501212762	131005501	2018-04-08		0			0	0	0	0	0	13.50	2	19.000	Working	0	0	0	0	0	0	0	0	0	0	0	0	0	0
131005501212901	131005501	2018-04-22		2			0	2	0	0	0	13.63	1	19.000	Working	0	2	0	2	0	0	0	0	0	0	0	0	2	0
131005501212902	131005501	2018-04-22		0			0	0	0	0	0	13.63	2	19.000	Working	0	0	0	0	0	0	0	0	0	0	0	0	0	0
131005501213041	131005501	2018-05-06	1	8	1	0	3	5	0	2	0	12.07	1	19.000	Working	0	11	0	11	0	0	0	0	0	1	0	0	8	0
131005501213042	131005501	2018-05-06		0			0	0	0	0	0	12.07	2	19.000	Working	0	1	0	1	0	0	0	0	0	1	0	0	0	0
131005501213181	131005501	2018-05-20		7			4	3	0	0	0	12.58	1	19.000	Working	0	7	0	7	0	0	0	0	0	0	0	0	7	0
131005501213182	131005501	2018-05-20		10			4	6	0	0	0	12.58	2	19.000	Working	0	10	0	10	0	0	0	0	0	0	0	0	10	0
131005501213321	131005501	2018-06-03	1	9	1	0	3	6	0	0	0	12.47	1	19.000	Working	0	11	0	11	0	2	0	0	0	0	0	0	9	0
131005501213322	131005501	2018-06-03		15			9	6	0	1	0	12.47	2	19.000	Working	0	24	0	24	0	5	0	0	0	3	0	0	15	0
131005501213461	131005501	2018-06-17	2	28	2	0	11	17	0	6	0	12.17	1	19.000	Working	0	41	0	41	0	4	0	0	0	3	0	0	28	0
131005501213462	131005501	2018-06-17		29			15	14	0	1	0	12.17	2	19.000	Working	0	40	0	40	0	4	0	0	0	6	0	0	29	0
131005501213601	131005501	2018-07-01		0			0	0	0	0	0	12.45	1	19.000	Working	0	0	0	0	0	0	0	0	0	0	0	0	0	0
131005501213602	131005501	2018-07-01		3			1	2	0	0	0	12.45	2	19.000	Working	0	4	0	4	0	1	0	0	0	0	0	0	3	0
131005501213741	131005501	2018-07-15		2			1	1	0	0	0	12.10	1	19.000	Working	0	2	0	1	0	0	0	1	0	0	0	0	1	1
131005501213742	131005501	2018-07-15		6			2	4	0	1	0	12.10	2	19.000	Working	0	7	0	7	0	0	0	0	0	0	0	0	6	0
131005501213881	131005501	2018-07-29	4	2	4	0	0	2	0	1	0	12.18	1	19.000	Working	0	3	0	3	0	0	0	0	0	0	0	0	2	0
131005501213882	131005501	2018-07-29		2			1	1	0	0	0	12.18	2	19.000	Working	0	2	0	2	0	0	0	0	0	0	0	0	2	0
131005501214021	131005501	2018-08-12	2	5	2	0	2	3	0	0	0	12.28	1	19.000	Working	0	7	0	7	0	2	0	0	0	0	0	0	5	0
131005501214022	131005501	2018-08-12		0			0	0	0	0	0	12.28	2	19.000	Working	0	0	0	0	0	0	0	0	0	0	0	0	0	0
131005501214161	131005501	2018-08-26	1	3	1	0	1	2	0	0	0	12.20	1	19.000	Working	0	3	0	3	0	0	0	0	0	0	0	0	3	0
131005501214162	131005501	2018-08-26		0			0	0	0	0	0	12.20	2	19.000	Working	0	0	0	0	0	0	0	0	0	0	0	0	0	0
131005501214301	131005501	2018-09-09	2	0	2	0	0	0	0	0	0	12.30	1	19.000	Working	0	0	0	0	0	0	0	0	0	0	0	0	0	0
131005501214302	131005501	2018-09-09		7			4	3	0	0	0	12.30	2	19.000	Working	0	7	0	7	0	0	0	0	0	0	0	0	7	0
131005501214441	131005501	2018-09-23		0			0	0	0	0	0	12.25	1	19.000	Working	0	0	0	0	0	0	0	0	0	0	0	0	0	0
131005501214442	131005501	2018-09-23		0			0	0	0	0	0	12.25	2	19.000	Working	0	0	0	0	0	0	0	0	0	0	0	0	0	0
131005501214581	131005501	2018-10-07		1			0	1	0	0	0	12.32	1	19.000	Working	0	1	0	1	0	0	0	0	0	0	0	0	1	0
131005501214582	131005501	2018-10-07		0			0	0	0	0	0	12.32	2	19.000	Working	0	0	0	0	0	0	0	0	0	0	0	0	0	0
131005501214721	131005501	2018-10-21		1			0	1	0	0	0	12.50	1	19.000	Working	0	1	0	1	0	0	0	0	0	0	0	0	1	0
131005501214722	131005501	2018-10-21		3			0	3	0	0	0	12.50	2	19.000	Working	0	3	0	3	0	0	0	0	0	0	0	0	3	0
131005501214861	131005501	2018-11-04	1	0	1	0	0	0	0	0	0	12.17	1	19.000	Working	0	0	0	0	0	0	0	0	0	0	0	0	0	0
131005501214862	131005501	2018-11-04		4			2	2	0	0	0	12.17	2	19.000	Working	0	4	0	4	0	0	0	0	0	0	0	0	4	0
131005501215001	131005501	2018-11-18		0			0	0	0	0	0	12.08	1	19.000	Working	0	0	0	0	0	0	0	0	0	0	0	0	0	0
131005501215002	131005501	2018-11-18		5			2	3	0	0	0	12.08	2	19.000	Working	0	5	0	5	0	0	0	0	0	0	0	0	5	0
131005501215141	131005501	2018-12-02		2			1	1	0	0	0	12.08	1	19.000	Working	0	2	0	2	0	0	0	0	0	0	0	0	2	0
131005501215142	131005501	2018-12-02		1			0	1	0	0	0	12.08	2	19.000	Working	0	1	0	1	0	0	0	0	0	0	0	0	1	0
131005501215281	131005501	2018-12-16		0			0	0	0	0	0	12.13	1	19.000	Working	0	0	0	0	0	0	0	0	0	0	0	0	0	0
131005501215282	131005501	2018-12-16		0			0	0	0	0	0	12.13	2	19.000	Working	0	0	0	0	0	0	0	0	0	0	0	0	0	0
131005501215411	131005501	2018-12-29		0			0	0	0	0	0	12.62	1	19.000	Working	0	0	0	0	0	0	0	0	0	0	0	0	0	0
131005501215412	131005501	2018-12-29		0			0	0	0	0	0	12.62	2	19.000	Working	0	0	0	0	0	0	0	0	0	0	0	0	0	0
131005501215561	131005501	2019-01-13		0			0	0	0	0	0	12.40	1	19.000	Working	0	0	0	0	0	0	0	0	0	0	0	0	0	0
131005501215562	131005501	2019-01-13		0			0	0	0	0	0	12.40	2	19.000	Working	0	0	0	0	0	0	0	0	0	0	0	0	0	0
131005501215701	131005501	2019-01-27		0			0	0	0	0	0	12.08	1	19.000	Working	0	0	0	0	0	0	0	0	0	0	0	0	0	0
131005501215702	131005501	2019-01-27		0			0	0	0	0	0	12.08	2	19.000	Working	0	0	0	0	0	0	0	0	0	0	0	0	0	0
131005501215841	131005501	2019-02-10		0			0	0	0	0	0	12.28	1	19.000	Working	0	0	0	0	0	0	0	0	0	0	0	0	0	0
131005501215842	131005501	2019-02-10		0			0	0	0	0	0	12.28	2	19.000	Working	0	0	0	0	0	0	0	0	0	0	0	0	0	0
131005501215981	131005501	2019-02-24		0			0	0	0	0	0	12.42	1	19.000	Working	0	0	0	0	0	0	0	0	0	0	0	0	0	0
131005501215982	131005501	2019-02-24		0			0	0	0	0	0	12.42	2	19.000	Working	0	0	0	0	0	0	0	0	0	0	0	0	0	0
131005501216121	131005501	2019-03-10	1	1	1	0	1	0	0	0	0	12.35	1	19.000	Working	0	1	0	1	0	0	0	0	0	0	0	0	1	0
131005501216122	131005501	2019-03-10		0			0	0	0	0	0	12.35	2	19.000	Working	0	0	0	0	0	0	0	0	0	0	0	0	0	0
131005501216261	131005501	2019-03-24	1	0	1	0	0	0	0	0	0	12.13	1	19.000	Working	0	0	0	0	0	0	0	0	0	0	0	0	0	0
131005501216262	131005501	2019-03-24		1			0	1	0	0	0	12.13	2	19.000	Working	0	1	0	1	0	0	0	0	0	0	0	0	1	0
131005501216401	131005501	2019-04-07		0			0	0	0	0	0	11.95	1	19.000	Working	0	0	0	0	0	0	0	0	0	0	0	0	0	0
131005501216402	131005501	2019-04-07		0			0	0	0	0	0	11.95	2	19.000	Working	0	0	0	0	0	0	0	0	0	0	0	0	0	0
131005501216541	131005501	2019-04-21		0			0	0	0	0	0	12.23	1	19.000	Working	0	0	0	0	0	0	0	0	0	0	0	0	0	0
131005501216542	131005501	2019-04-21		0			0	0	0	0	0	12.23	2	19.000	Working	0	0	0	0	0	0	0	0	0	0	0	0	0	0
131005501216681	131005501	2019-05-05	1	0	1	0	0	0	0	0	0	12.43	1	19.000	Working	0	2	1	1	1	1	0	0	0	0	0	0	0	0
131005501216682	131005501	2019-05-05		0			0	0	0	0	0	12.43	2	19.000	Working	0	0	0	0	0	0	0	0	0	0	0	0	0	0
131005501216821	131005501	2019-05-19		0			0	0	0	0	0	12.32	1	19.000	Working	0	0	0	0	0	0	0	0	0	0	0	0	0	0
131005501216822	131005501	2019-05-19		0			0	0	0	0	0	12.32	2	19.000	Working	0	0	0	0	0	0	0	0	0	0	0	0	0	0
131005501216961	131005501	2019-06-02		0			0	0	0	0	0	13.62	1	19.000	Working	0	0	0	0	0	0	0	0	0	0	0	0	0	0
131005501216962	131005501	2019-06-02		0			0	0	0	0	0	13.62	2	19.000	Working	0	0	0	0	0	0	0	0	0	0	0	0	0	0
131005501217101	131005501	2019-06-16		0			0	0	0	0	0	13.33	1	19.000	Working	0	0	0	0	0	0	0	0	0	0	0	0	0	0
131005501217102	131005501	2019-06-16		5			3	2	0	0	0	13.33	2	19.000	Working	0	6	0	6	0	1	0	0	0	0	0	0	5	0
131005501217241	131005501	2019-06-30		0			0	0	0	0	0	13.52	1	19.000	Working	2	0	0	0	0	0	0	0	0	0	0	0	0	0
131005501217242	131005501	2019-06-30		19			9	10	0	0	0	13.52	2	19.000	Working	0	26	0	26	0	7	0	0	0	0	0	0	19	0
131005501217381	131005501	2019-07-14		6			4	2	0	0	0	13.75	1	19.000	Working	0	6	0	6	0	0	0	0	0	0	0	0	6	0
131005501217382	131005501	2019-07-14		4			2	2	0	0	0	13.75	2	19.000	Working	0	4	0	4	0	0	0	0	0	0	0	0	4	0
131005501217521	131005501	2019-07-28		0			0	0	0	0	0	12.42	1	19.000	Working	0	0	0	0	0	0	0	0	0	0	0	0	0	0
131005501217522	131005501	2019-07-28		0			0	0	0	0	0	12.42	2	19.000	Working	0	0	0	0	0	0	0	0	0	0	0	0	0	0
131005501217661	131005501	2019-08-11	1	2	1	0	1	1	0	1	0	13.33	1	19.000	Working	0	5	0	5	0	2	0	0	0	0	0	0	2	0
131005501217662	131005501	2019-08-11		4			3	1	0	0	0	13.33	2	19.000	Working	0	4	0	4	0	0	0	0	0	0	0	0	4	0
131005501217801	131005501	2019-08-25		0			0	0	0	0	0	12.62	1	19.000	Working	0	0	0	0	0	0	0	0	0	0	0	0	0	0
131005501217802	131005501	2019-08-25		2			2	0	0	0	0	12.62	2	19.000	Working	0	3	0	2	0	0	0	1	0	0	1	0	2	0
131005501217941	131005501	2019-09-08	1	3	1	0	2	1	0	0	0	13.47	1	19.000	Working	0	5	0	5	0	2	0	0	0	0	0	0	3	0
131005501217942	131005501	2019-09-08		0			0	0	0	0	0	13.47	2	19.000	Working	0	0	0	0	0	0	0	0	0	0	0	0	0	0
131005501218081	131005501	2019-09-22	1	0	1	0	0	0	0	0	0	13.95	1	19.000	Working	0	0	0	0	0	0	0	0	0	0	0	0	0	0
131005501218082	131005501	2019-09-22		4			1	3	0	0	0	13.95	2	19.000	Working	0	5	0	5	0	1	0	0	0	0	0	0	4	0
131005501218221	131005501	2019-10-06	2	4	2	0	1	3	0	1	0	12.20	1	19.000	Working	0	5	0	5	0	0	0	0	0	0	0	0	4	0
131005501218222	131005501	2019-10-06		0			0	0	0	0	0	12.20	2	19.000	Working	0	0	0	0	0	0	0	0	0	0	0	0	0	0
131005501218361	131005501	2019-10-20		0			0	0	0	1	0	12.47	1	19.000	Working	0	1	0	1	0	0	0	0	0	0	0	0	0	0
131005501218362	131005501	2019-10-20		1			0	1	0	1	0	12.47	2	19.000	Working	0	2	0	2	0	0	0	0	0	0	0	0	1	0
131006901211321	131006901	2017-11-03		4			2	2	0	0	0	13.98	1	19.000	Working	0	4	0	4	0	0	0	0	0	0	0	0	4	0
131006901211322	131006901	2017-11-03		0			0	0	0	0	0	13.98	2	19.000	Working	0	0	0	0	0	0	0	0	0	0	0	0	0	0
131006901211471	131006901	2017-11-18	1	2	1	0	0	2	0	0	0	13.42	1	19.000	Working	0	2	0	2	0	0	0	0	0	0	0	0	2	0
131006901211472	131006901	2017-11-18		0			0	0	0	0	0	13.42	2	19.000	Working	0	0	0	0	0	0	0	0	0	0	0	0	0	0
131006901211641	131006901	2017-12-05		0			0	0	0	0	0	13.55	1	19.000	Working	0	0	0	0	0	0	0	0	0	0	0	0	0	0
131006901211642	131006901	2017-12-05		0			0	0	0	0	0	13.55	2	19.000	Working	0	0	0	0	0	0	0	0	0	0	0	0	0	0
131006901211751	131006901	2017-12-16		0			0	0	0	0	0	11.68	1	19.000	Working	0	0	0	0	0	0	0	0	0	0	0	0	0	0
131006901211752	131006901	2017-12-16		0			0	0	0	0	0	11.68	2	19.000	Working	0	0	0	0	0	0	0	0	0	0	0	0	0	0
131006901211921	131006901	2018-01-02		0			0	0	0	0	0	11.85	1	19.000	Working	0	0	0	0	0	0	0	0	0	0	0	0	0	0
131006901211922	131006901	2018-01-02		0			0	0	0	0	0	11.85	2	19.000	Working	0	0	0	0	0	0	0	0	0	0	0	0	0	0
131006901212061	131006901	2018-01-16		0			0	0	0	0	0	12.03	1	19.000	Working	0	0	0	0	0	0	0	0	0	0	0	0	0	0
131006901212062	131006901	2018-01-16		0			0	0	0	0	0	12.03	2	19.000	Working	0	0	0	0	0	0	0	0	0	0	0	0	0	0
131006901212201	131006901	2018-01-30		0			0	0	0	0	0	13.82	1	19.000	Working	0	0	0	0	0	0	0	0	0	0	0	0	0	0
131006901212202	131006901	2018-01-30		0			0	0	0	0	0	13.82	2	19.000	Working	0	0	0	0	0	0	0	0	0	0	0	0	0	0
131006901212341	131006901	2018-02-13		0			0	0	0	0	0	12.18	1	19.000	Working	0	0	0	0	0	0	0	0	0	0	0	0	0	0
131006901212342	131006901	2018-02-13		0			0	0	0	0	0	12.18	2	19.000	Working	0	0	0	0	0	0	0	0	0	0	0	0	0	0
131006901212481	131006901	2018-02-27		0			0	0	0	0	0	12.57	1	19.000	Working	0	0	0	0	0	0	0	0	0	0	0	0	0	0
131006901212482	131006901	2018-02-27		0			0	0	0	0	0	12.57	2	19.000	Working	0	0	0	0	0	0	0	0	0	0	0	0	0	0
131006901212621	131006901	2018-03-13		0			0	0	0	0	0	12.33	1	19.000	Working	0	0	0	0	0	0	0	0	0	0	0	0	0	0
131006901212622	131006901	2018-03-13		0			0	0	0	0	0	12.33	2	19.000	Working	0	0	0	0	0	0	0	0	0	0	0	0	0	0
131006901212761	131006901	2018-03-27	2	3	2	0	0	3	0	0	0	13.87	1	19.000	Working	0	3	0	3	0	0	0	0	0	0	0	0	3	0
131006901212762	131006901	2018-03-27		0			0	0	0	0	0	13.87	2	19.000	Working	0	2	0	1	0	0	0	1	0	1	0	0	0	1
131006901212901	131006901	2018-04-10		0			0	0	0	0	0	13.48	1	19.000	Working	0	0	0	0	0	0	0	0	0	0	0	0	0	0
131006901212902	131006901	2018-04-10		2			0	2	0	0	0	13.48	2	19.000	Working	0	3	0	3	0	1	0	0	0	0	0	0	2	0
131006901213041	131006901	2018-04-24		0			0	0	0	0	0	11.90	1	19.000	Working	0	0	0	0	0	0	0	0	0	0	0	0	0	0
131006901213042	131006901	2018-04-24		1			0	1	0	1	0	11.90	2	19.000	Working	0	2	0	2	0	0	0	0	0	0	0	0	1	0
131006901213181	131006901	2018-05-08		0			0	0	0	0	0	11.88	1	19.000	Working	0	0	0	0	0	0	0	0	0	0	0	0	0	0
131006901213182	131006901	2018-05-08		14			5	9	0	2	0	11.88	2	19.000	Working	0	28	0	28	0	4	0	0	0	8	0	0	14	0
131006901213321	131006901	2018-05-22	1	4	1	0	0	4	0	0	0	11.73	1	19.000	Working	0	5	0	5	0	1	0	0	0	0	0	0	4	0
131006901213322	131006901	2018-05-22		0			0	0	0	0	0	11.73	2	19.000	Working	0	1	0	1	0	1	0	0	0	0	0	0	0	0
131006901213461	131006901	2018-06-05		1			0	1	0	0	0	12.62	1	19.000	Working	0	2	0	2	0	1	0	0	0	0	0	0	1	0
131006901213462	131006901	2018-06-05		4			3	1	0	1	0	12.62	2	19.000	Working	0	5	0	5	0	0	0	0	0	0	0	0	4	0
131006901213601	131006901	2018-06-19		3			0	3	0	1	0	12.52	1	19.000	Working	0	4	0	4	0	0	0	0	0	0	0	0	3	0
131006901213602	131006901	2018-06-19		4			1	3	0	0	0	12.52	2	19.000	Working	0	4	0	4	0	0	0	0	0	0	0	0	4	0
131006901213741	131006901	2018-07-03		4			2	2	0	0	0	12.37	1	19.000	Working	0	4	0	4	0	0	0	0	0	0	0	0	4	0
131006901213742	131006901	2018-07-03		0			0	0	0	0	0	12.37	2	19.000	Working	0	0	0	0	0	0	0	0	0	0	0	0	0	0
131006901213881	131006901	2018-07-17	1	2	1	0	1	1	0	0	0	12.33	1	19.000	Working	0	2	0	2	0	0	0	0	0	0	0	0	2	0
131006901213882	131006901	2018-07-17		0			0	0	0	0	0	12.33	2	19.000	Working	0	0	0	0	0	0	0	0	0	0	0	0	0	0
131006901214021	131006901	2018-07-31	2	8	2	0	2	6	0	0	0	12.48	1	19.000	Working	0	9	0	9	0	1	0	0	0	0	0	0	8	0
131006901214022	131006901	2018-07-31		11			6	5	0	0	0	12.48	2	19.000	Working	0	15	0	15	0	2	0	0	0	2	0	0	11	0
131006901214162	131006901	2018-08-14		0			0	0	0	0	0	12.32	2	19.000	Working	0	0	0	0	0	0	0	0	0	0	0	0	0	0
131006901214301	131006901	2018-08-28	3	4	3	0	1	3	0	0	0	12.30	1	19.000	Working	0	4	0	4	0	0	0	0	0	0	0	0	4	0
131006901214302	131006901	2018-08-28		0			0	0	0	0	0	12.30	2	19.000	Working	0	0	0	0	0	0	0	0	0	0	0	0	0	0
131006901214441	131006901	2018-09-11		0			0	0	0	0	0	12.43	1	19.000	Working	0	0	0	0	0	0	0	0	0	0	0	0	0	0
131006901214442	131006901	2018-09-11		0			0	0	0	0	0	12.43	2	19.000	Working	0	0	0	0	0	0	0	0	0	0	0	0	0	0
131006901214581	131006901	2018-09-25	2	0	2	0	0	0	0	0	0	12.13	1	19.000	Working	0	0	0	0	0	0	0	0	0	0	0	0	0	0
131006901214582	131006901	2018-09-25		3			0	3	0	0	0	12.13	2	19.000	Working	0	7	0	6	0	3	1	1	0	0	0	0	3	0
131006901214721	131006901	2018-10-09	1	1	1	0	1	0	0	0	0	12.63	1	19.000	Working	0	1	0	1	0	0	0	0	0	0	0	0	1	0
131006901214722	131006901	2018-10-09		7			2	5	0	0	0	12.63	2	19.000	Working	0	7	0	7	0	0	0	0	0	0	0	0	7	0
131006901214861	131006901	2018-10-23	3	3	3	0	2	1	0	0	0	12.02	1	19.000	Working	0	3	0	3	0	0	0	0	0	0	0	0	3	0
131006901214862	131006901	2018-10-23		11			7	4	0	0	0	12.02	2	19.000	Working	0	11	0	11	0	0	0	0	0	0	0	0	11	0
131006901215001	131006901	2018-11-06		2			1	1	0	0	0	11.70	1	19.000	Working	0	2	0	2	0	0	0	0	0	0	0	0	2	0
131006901215002	131006901	2018-11-06		4			1	3	0	2	0	11.70	2	19.000	Working	0	7	0	6	0	0	1	1	0	0	0	0	4	0
131006901215141	131006901	2018-11-20	1	1	1	0	0	1	0	1	0	11.82	1	19.000	Working	0	2	0	2	0	0	0	0	0	0	0	0	1	0
131006901215142	131006901	2018-11-20		0			0	0	0	0	0	11.82	2	19.000	Working	0	0	0	0	0	0	0	0	0	0	0	0	0	0
131006901215281	131006901	2018-12-04		0			0	0	0	0	0	11.85	1	19.000	Working	0	0	0	0	0	0	0	0	0	0	0	0	0	0
131006901215282	131006901	2018-12-04		0			0	0	0	0	0	11.85	2	19.000	Working	0	0	0	0	0	0	0	0	0	0	0	0	0	0
131006901215411	131006901	2018-12-17		0			0	0	0	0	0	13.50	1	19.000	Working	0	0	0	0	0	0	0	0	0	0	0	0	0	0
131006901215412	131006901	2018-12-17		0			0	0	0	0	0	13.50	2	19.000	Working	0	0	0	0	0	0	0	0	0	0	0	0	0	0
131006901215561	131006901	2019-01-01		0			0	0	0	0	0	11.87	1	19.000	Working	0	0	0	0	0	0	0	0	0	0	0	0	0	0
131006901215562	131006901	2019-01-01		0			0	0	0	0	0	11.87	2	19.000	Working	0	0	0	0	0	0	0	0	0	0	0	0	0	0
131006901215701	131006901	2019-01-15		0			0	0	0	0	0	11.83	1	19.000	Working	0	0	0	0	0	0	0	0	0	0	0	0	0	0
131006901215702	131006901	2019-01-15		0			0	0	0	0	0	11.83	2	19.000	Working	0	0	0	0	0	0	0	0	0	0	0	0	0	0
131006901215841	131006901	2019-01-29		0			0	0	0	0	0	12.03	1	19.000	Working	0	0	0	0	0	0	0	0	0	0	0	0	0	0
131006901215842	131006901	2019-01-29		0			0	0	0	0	0	12.03	2	19.000	Working	0	0	0	0	0	0	0	0	0	0	0	0	0	0
131006901215981	131006901	2019-02-12		0			0	0	0	0	0	12.13	1	19.000	Working	0	0	0	0	0	0	0	0	0	0	0	0	0	0
131006901215982	131006901	2019-02-12		0			0	0	0	0	0	12.13	2	19.000	Working	0	0	0	0	0	0	0	0	0	0	0	0	0	0
131006901216121	131006901	2019-02-26	1	0	1	0	0	0	0	0	0	12.08	1	19.000	Working	0	0	0	0	0	0	0	0	0	0	0	0	0	0
131006901216122	131006901	2019-02-26		1			0	1	0	0	0	12.08	2	19.000	Working	0	1	0	1	0	0	0	0	0	0	0	0	1	0
131006901216261	131006901	2019-03-12		0			0	0	0	0	0	11.90	1	19.000	Working	0	0	0	0	0	0	0	0	0	0	0	0	0	0
131006901216262	131006901	2019-03-12		0			0	0	0	0	0	11.90	2	19.000	Working	0	0	0	0	0	0	0	0	0	0	0	0	0	0
131006901216401	131006901	2019-03-26		0			0	0	0	0	0	12.33	1	19.000	Working	0	0	0	0	0	0	0	0	0	0	0	0	0	0
131006901216402	131006901	2019-03-26		0			0	0	0	0	0	12.33	2	19.000	Working	0	0	0	0	0	0	0	0	0	0	0	0	0	0
131006901216541	131006901	2019-04-09		0			0	0	0	0	0	11.73	1	19.000	Working	0	0	0	0	0	0	0	0	0	0	0	0	0	0
131006901216542	131006901	2019-04-09		0			0	0	0	0	0	11.73	2	19.000	Working	0	0	0	0	0	0	0	0	0	0	0	0	0	0
131006901216681	131006901	2019-04-23		0			0	0	0	0	0	11.70	1	19.000	Working	0	0	0	0	0	0	0	0	0	0	0	0	0	0
131006901216682	131006901	2019-04-23		0			0	0	0	0	0	11.70	2	19.000	Working	0	0	0	0	0	0	0	0	0	0	0	0	0	0
131006901216821	131006901	2019-05-07		0			0	0	0	0	0	11.67	1	19.000	Working	0	0	0	0	0	0	0	0	0	0	0	0	0	0
131006901216822	131006901	2019-05-07		0			0	0	0	0	0	11.67	2	19.000	Working	0	0	0	0	0	0	0	0	0	0	0	0	0	0
131006901216961	131006901	2019-05-21		0			0	0	0	0	0	12.27	1	19.000	Working	0	0	0	0	0	0	0	0	0	0	0	0	0	0
131006901216962	131006901	2019-05-21		0			0	0	0	0	0	12.27	2	19.000	Working	0	0	0	0	0	0	0	0	0	0	0	0	0	0
131006901217101	131006901	2019-06-04		6			4	2	0	2	0	12.03	1	19.000	Working	0	9	0	9	0	1	0	0	0	0	0	0	6	0
131006901217102	131006901	2019-06-04		0			0	0	0	0	0	12.03	2	19.000	Working	0	0	0	0	0	0	0	0	0	0	0	0	0	0
131006901217241	131006901	2019-06-18	0	2	1	1	0	2	0	0	0	12.32	1	19.000	Working	0	2	0	2	0	0	0	0	0	0	0	0	2	0
131006901217242	131006901	2019-06-18		5			3	2	0	3	0	12.32	2	19.000	Working	0	8	0	8	0	0	0	0	0	0	0	0	5	0
131006901217381	131006901	2019-07-02		2			2	0	0	0	0	12.45	1	19.000	Working	0	2	0	2	0	0	0	0	0	0	0	0	2	0
131006901217382	131006901	2019-07-02		6			3	3	0	0	0	12.45	2	19.000	Working	0	6	0	6	0	0	0	0	0	0	0	0	6	0
131006901217521	131006901	2019-07-16		1			0	1	0	0	0	11.67	1	19.000	Working	0	1	0	1	0	0	0	0	0	0	0	0	1	0
131006901217522	131006901	2019-07-16		1			1	0	0	0	0	11.67	2	19.000	Working	0	1	0	1	0	0	0	0	0	0	0	0	1	0
131006901217661	131006901	2019-07-30	1	0	1	0	0	0	0	0	0	12.38	1	19.000	Working	0	0	0	0	0	0	0	0	0	0	0	0	0	0
131006901217662	131006901	2019-07-30		7			5	2	0	0	0	12.38	2	19.000	Working	0	7	0	7	0	0	0	0	0	0	0	0	7	0
131006901217801	131006901	2019-08-13	1	1	1	0	0	1	0	0	0	12.23	1	19.000	Working	0	1	0	1	0	0	0	0	0	0	0	0	1	0
131006901217802	131006901	2019-08-13		0			0	0	0	0	0	12.23	2	19.000	Working	0	0	0	0	0	0	0	0	0	0	0	0	0	0
131006901217941	131006901	2019-08-27	2	0	2	0	0	0	0	0	0	12.20	1	19.000	Working	0	0	0	0	0	0	0	0	0	0	0	0	0	0
131006901217942	131006901	2019-08-27		2			2	0	0	0	0	12.20	2	19.000	Working	0	2	0	2	0	0	0	0	0	0	0	0	2	0
131006901218081	131006901	2019-09-10		2			0	2	0	0	0	12.53	1	19.000	Working	0	2	0	2	0	0	0	0	0	0	0	0	2	0
131006901218082	131006901	2019-09-10		0			0	0	0	0	0	12.53	2	19.000	Working	0	0	0	0	0	0	0	0	0	0	0	0	0	0
131006901218221	131006901	2019-09-24		0			0	0	0	0	0	13.68	1	19.000	Working	0	0	0	0	0	0	0	0	0	0	0	0	0	0
131006901218222	131006901	2019-09-24		0			0	0	0	0	0	13.68	2	19.000	Working	0	0	0	0	0	0	0	0	0	0	0	0	0	0
131006901218361	131006901	2019-10-08	1	0	1	0	0	0	0	0	0	12.03	1	19.000	Working	0	0	0	0	0	0	0	0	0	0	0	0	0	0
131006901218362	131006901	2019-10-08		4			4	0	0	0	0	12.03	2	19.000	Working	0	4	0	4	0	0	0	0	0	0	0	0	4	0
131010802211321	131010802	2017-11-05		0			0	0	0	0	0	13.47	1	19.000	Working	0	0	0	0	0	0	0	0	0	0	0	0	0	0
131010802211322	131010802	2017-11-05		1			0	1	0	0	0	13.47	2	19.000	Working	0	1	0	1	0	0	0	0	0	0	0	0	1	0
131010802211471	131010802	2017-11-20	1	0	1	0	0	0	0	0	0	12.17	1	19.000	Working	0	1	0	1	0	1	0	0	0	0	0	0	0	0
131010802211472	131010802	2017-11-20		2			0	2	0	0	0	12.17	2	19.000	Working	0	2	0	2	0	0	0	0	0	0	0	0	2	0
131010802211641	131010802	2017-12-07		0			0	0	0	0	0	12.62	1	19.000	Working	0	0	0	0	0	0	0	0	0	0	0	0	0	0
131010802211642	131010802	2017-12-07		0			0	0	0	1	0	12.62	2	19.000	Working	0	1	0	1	0	0	0	0	0	0	0	0	0	0
131010802211751	131010802	2017-12-18		0			0	0	0	0	0	12.58	1	19.000	Working	0	0	0	0	0	0	0	0	0	0	0	0	0	0
131010802211752	131010802	2017-12-18		0			0	0	0	0	0	12.58	2	19.000	Working	0	0	0	0	0	0	0	0	0	0	0	0	0	0
131010802211921	131010802	2018-01-04		0			0	0	0	0	0	12.25	1	19.000	Working	0	0	0	0	0	0	0	0	0	0	0	0	0	0
131010802211922	131010802	2018-01-04		0			0	0	0	0	0	12.25	2	19.000	Working	0	0	0	0	0	0	0	0	0	0	0	0	0	0
131010802212061	131010802	2018-01-18		0			0	0	0	0	0	12.45	1	19.000	Working	0	0	0	0	0	0	0	0	0	0	0	0	0	0
131010802212062	131010802	2018-01-18		0			0	0	0	0	0	12.45	2	19.000	Working	0	0	0	0	0	0	0	0	0	0	0	0	0	0
131010802212201	131010802	2018-02-01		0			0	0	0	0	0	11.97	1	19.000	Working	0	0	0	0	0	0	0	0	0	0	0	0	0	0
131010802212202	131010802	2018-02-01		0			0	0	0	0	0	11.97	2	19.000	Working	0	0	0	0	0	0	0	0	0	0	0	0	0	0
131010802212341	131010802	2018-02-15		0			0	0	0	0	0	12.63	1	19.000	Working	0	0	0	0	0	0	0	0	0	0	0	0	0	0
131010802212342	131010802	2018-02-15		0			0	0	0	0	0	12.63	2	19.000	Working	0	0	0	0	0	0	0	0	0	0	0	0	0	0
131010802212481	131010802	2018-03-01		0			0	0	0	0	0	12.50	1	19.000	Working	0	0	0	0	0	0	0	0	0	0	0	0	0	0
131010802212482	131010802	2018-03-01		0			0	0	0	0	0	12.50	2	19.000	Working	0	0	0	0	0	0	0	0	0	0	0	0	0	0
131010802212621	131010802	2018-03-15		0			0	0	0	0	0	11.85	1	19.000	Working	0	0	0	0	0	0	0	0	0	0	0	0	0	0
131010802212622	131010802	2018-03-15		0			0	0	0	0	0	11.85	2	19.000	Working	0	0	0	0	0	0	0	0	0	0	0	0	0	0
131010802212761	131010802	2018-03-29		0			0	0	0	0	0	12.40	1	19.000	Working	0	0	0	0	0	0	0	0	0	0	0	0	0	0
131010802212762	131010802	2018-03-29		0			0	0	0	0	0	12.40	2	19.000	Working	0	0	0	0	0	0	0	0	0	0	0	0	0	0
131010802212901	131010802	2018-04-12		0			0	0	0	0	0	11.67	1	19.000	Working	0	0	0	0	0	0	0	0	0	0	0	0	0	0
131010802212902	131010802	2018-04-12		1			0	1	0	0	0	11.67	2	19.000	Working	0	1	0	1	0	0	0	0	0	0	0	0	1	0
131010802213041	131010802	2018-04-26		2			0	2	0	3	0	12.52	1	19.000	Working	0	5	0	5	0	0	0	0	0	0	0	0	2	0
131010802213042	131010802	2018-04-26		5			1	4	0	0	0	12.52	2	19.000	Working	0	5	0	5	0	0	0	0	0	0	0	0	5	0
131010802213181	131010802	2018-05-10		20			12	8	0	0	0	10.97	1	19.000	Working	0	20	0	20	0	0	0	0	0	0	0	0	20	0
131010802213182	131010802	2018-05-10		5			2	3	0	0	0	10.97	2	19.000	Working	0	6	0	6	0	1	0	0	0	0	0	0	5	0
131010802213321	131010802	2018-05-24		7			2	5	0	0	0	11.97	1	19.000	Working	0	7	0	7	0	0	0	0	0	0	0	0	7	0
131010802213322	131010802	2018-05-24		10			3	7	0	4	0	11.97	2	19.000	Working	0	22	0	22	0	8	0	0	0	0	0	0	10	0
131010802213461	131010802	2018-06-07		15			6	9	0	0	0	11.97	1	19.000	Working	0	17	0	17	0	0	0	0	0	2	0	0	15	0
131010802213462	131010802	2018-06-07		9			5	4	0	1	0	11.97	2	19.000	Working	0	10	0	10	0	0	0	0	0	0	0	0	9	0
131010802213601	131010802	2018-06-21	1	5	1	0	3	2	0	0	0	12.55	1	19.000	Working	0	5	0	5	0	0	0	0	0	0	0	0	5	0
131010802213602	131010802	2018-06-21		4			2	2	0	0	0	12.55	2	19.000	Working	0	4	0	4	0	0	0	0	0	0	0	0	4	0
131010802213741	131010802	2018-07-05		0			0	0	0	0	0	11.78	1	19.000	Working	0	0	0	0	0	0	0	0	0	0	0	0	0	0
131010802213742	131010802	2018-07-05		1			0	1	0	0	0	11.78	2	19.000	Working	0	1	0	1	0	0	0	0	0	0	0	0	1	0
131010802213881	131010802	2018-07-19		0			0	0	0	0	0	11.68	1	19.000	Working	0	0	0	0	0	0	0	0	0	0	0	0	0	0
131010802213882	131010802	2018-07-19		0			0	0	0	1	0	11.68	2	19.000	Working	0	1	0	1	0	0	0	0	0	0	0	0	0	0
131010802214021	131010802	2018-08-02		0			0	0	0	0	0	12.35	1	19.000	Working	0	0	0	0	0	0	0	0	0	0	0	0	0	0
131010802214022	131010802	2018-08-02		1			0	1	0	1	0	12.35	2	19.000	Working	0	2	0	2	0	0	0	0	0	0	0	0	1	0
131010802214161	131010802	2018-08-16		0			0	0	0	0	0	11.87	1	19.000	Working	0	0	0	0	0	0	0	0	0	0	0	0	0	0
131010802214162	131010802	2018-08-16		0			0	0	0	0	0	11.87	2	19.000	Working	0	0	0	0	0	0	0	0	0	0	0	0	0	0
131010802214301	131010802	2018-08-30	2	4	2	0	1	3	0	0	1	11.67	1	19.000	Working	0	7	0	4	0	0	1	3	0	0	0	0	4	1
131010802214302	131010802	2018-08-30		6			3	3	0	0	0	11.67	2	19.000	Working	0	6	0	6	0	0	0	0	0	0	0	0	6	0
131010802214441	131010802	2018-09-13	2	0	2	0	0	0	0	0	0	11.68	1	19.000	Working	0	4	0	0	0	0	0	4	0	0	0	0	0	4
131010802214442	131010802	2018-09-13		1			1	0	0	1	0	11.68	2	19.000	Working	0	2	0	2	0	0	0	0	0	0	0	0	1	0
131010802214581	131010802	2018-09-27		0			0	0	0	0	0	11.75	1	19.000	Working	0	0	0	0	0	0	0	0	0	0	0	0	0	0
131010802214582	131010802	2018-09-27		0			0	0	0	0	0	11.75	2	19.000	Working	0	0	0	0	0	0	0	0	0	0	0	0	0	0
131010802214721	131010802	2018-10-11	1	4	1	0	2	2	0	2	0	11.72	1	19.000	Working	0	6	0	6	0	0	0	0	0	0	0	0	4	0
131010802214722	131010802	2018-10-11		2			0	2	0	1	0	11.72	2	19.000	Working	0	3	0	3	0	0	0	0	0	0	0	0	2	0
131010802214861	131010802	2018-10-25		2			0	2	0	0	0	12.43	1	19.000	Working	0	2	0	2	0	0	0	0	0	0	0	0	2	0
131010802214862	131010802	2018-10-25		1			0	1	0	0	0	12.43	2	19.000	Working	0	1	0	1	0	0	0	0	0	0	0	0	1	0
131010802215001	131010802	2018-11-08	2	2	2	0	1	1	0	4	0	12.17	1	19.000	Working	0	7	0	7	0	1	0	0	0	0	0	0	2	0
131010802215002	131010802	2018-11-08		5			2	3	0	0	0	12.17	2	19.000	Working	0	6	0	6	0	0	0	0	0	1	0	0	5	0
131010802215141	131010802	2018-11-22	1	0	1	0	0	0	0	0	0	11.98	1	19.000	Working	0	0	0	0	0	0	0	0	0	0	0	0	0	0
131010802215142	131010802	2018-11-22		1			0	1	0	0	0	11.98	2	19.000	Working	0	1	0	1	0	0	0	0	0	0	0	0	1	0
131010802215281	131010802	2018-12-06		0			0	0	0	0	0	12.05	1	19.000	Working	0	0	0	0	0	0	0	0	0	0	0	0	0	0
131010802215282	131010802	2018-12-06		0			0	0	0	0	0	12.05	2	19.000	Working	0	0	0	0	0	0	0	0	0	0	0	0	0	0
131010802215411	131010802	2018-12-19		0			0	0	0	0	0	11.97	1	19.000	Working	0	0	0	0	0	0	0	0	0	0	0	0	0	0
131010802215412	131010802	2018-12-19		0			0	0	0	0	0	11.97	2	19.000	Working	0	0	0	0	0	0	0	0	0	0	0	0	0	0
131010802215561	131010802	2019-01-03		0			0	0	0	0	0	12.23	1	19.000	Working	0	0	0	0	0	0	0	0	0	0	0	0	0	0
131010802215562	131010802	2019-01-03		0			0	0	0	0	0	12.23	2	19.000	Working	0	0	0	0	0	0	0	0	0	0	0	0	0	0
131010802215701	131010802	2019-01-17		0			0	0	0	0	0	12.20	1	19.000	Working	0	0	0	0	0	0	0	0	0	0	0	0	0	0
131010802215702	131010802	2019-01-17		0			0	0	0	0	0	12.20	2	19.000	Working	0	0	0	0	0	0	0	0	0	0	0	0	0	0
131010802215841	131010802	2019-01-31		0			0	0	0	0	0	12.20	1	19.000	Working	0	0	0	0	0	0	0	0	0	0	0	0	0	0
131010802215842	131010802	2019-01-31		0			0	0	0	0	0	12.20	2	19.000	Working	0	0	0	0	0	0	0	0	0	0	0	0	0	0
131010802215981	131010802	2019-02-14		0			0	0	0	0	0	17.42	1	19.000	Working	0	0	0	0	0	0	0	0	0	0	0	0	0	0
131010802215982	131010802	2019-02-14		0			0	0	0	0	0	17.42	2	19.000	Working	0	0	0	0	0	0	0	0	0	0	0	0	0	0
131010802216121	131010802	2019-02-28		0			0	0	0	0	0	12.27	1	19.000	Working	0	0	0	0	0	0	0	0	0	0	0	0	0	0
131010802216122	131010802	2019-02-28		0			0	0	0	0	0	12.27	2	19.000	Working	0	0	0	0	0	0	0	0	0	0	0	0	0	0
131010802216261	131010802	2019-03-14		0			0	0	0	0	0	12.07	1	19.000	Working	0	0	0	0	0	0	0	0	0	0	0	0	0	0
131010802216262	131010802	2019-03-14		0			0	0	0	0	0	12.07	2	19.000	Working	0	0	0	0	0	0	0	0	0	0	0	0	0	0
131010802216401	131010802	2019-03-28		0			0	0	0	0	0	11.88	1	19.000	Working	0	0	0	0	0	0	0	0	0	0	0	0	0	0
131010802216402	131010802	2019-03-28		0			0	0	0	0	0	11.88	2	19.000	Working	0	0	0	0	0	0	0	0	0	0	0	0	0	0
131010802216541	131010802	2019-04-11		0			0	0	0	0	0	12.05	1	19.000	Working	0	0	0	0	0	0	0	0	0	0	0	0	0	0
131010802216542	131010802	2019-04-11		0			0	0	0	0	0	12.05	2	19.000	Working	0	0	0	0	0	0	0	0	0	0	0	0	0	0
131010802216681	131010802	2019-04-25	1	1	1	0	0	1	0	0	0	12.05	1	19.000	Working	0	1	0	1	0	0	0	0	0	0	0	0	1	0
131010802216682	131010802	2019-04-25		0			0	0	0	0	0	12.05	2	19.000	Working	0	0	0	0	0	0	0	0	0	0	0	0	0	0
131010802216821	131010802	2019-05-09	1	0	1	0	0	0	0	0	0	12.05	1	19.000	Working	0	0	0	0	0	0	0	0	0	0	0	0	0	0
131010802216822	131010802	2019-05-09		2			0	2	0	0	0	12.05	2	19.000	Working	0	2	0	2	0	0	0	0	0	0	0	0	2	0
131010802216961	131010802	2019-05-23		4			2	2	0	0	0	12.50	1	19.000	Working	0	7	0	7	0	3	0	0	0	0	0	0	4	0
131010802216962	131010802	2019-05-23		0			0	0	0	0	0	12.50	2	19.000	Working	0	0	0	0	0	0	0	0	0	0	0	0	0	0
131010802217101	131010802	2019-06-06		3			1	2	0	2	0	12.62	1	19.000	Working	0	5	0	5	0	0	0	0	0	0	0	0	3	0
131010802217102	131010802	2019-06-06		1			1	0	0	1	0	12.62	2	19.000	Working	0	3	0	3	0	1	0	0	0	0	0	0	1	0
131010802217241	131010802	2019-06-20		6			1	5	0	0	0	13.45	1	19.000	Working	0	6	0	6	0	0	0	0	0	0	0	0	6	0
131010802217242	131010802	2019-06-20		4			2	2	0	0	0	13.45	2	19.000	Working	0	4	0	4	0	0	0	0	0	0	0	0	4	0
131010802217381	131010802	2019-07-04	2	4	2	0	3	1	0	0	0	13.67	1	19.000	Working	0	4	0	4	0	0	0	0	0	0	0	0	4	0
131010802217382	131010802	2019-07-04		3			2	1	0	0	0	13.67	2	19.000	Working	0	3	0	3	0	0	0	0	0	0	0	0	3	0
131010802217521	131010802	2019-07-18		0			0	0	0	0	0	12.03	1	19.000	Working	0	0	0	0	0	0	0	0	0	0	0	0	0	0
131010802217522	131010802	2019-07-18		0			0	0	0	0	0	12.03	2	19.000	Working	0	0	0	0	0	0	0	0	0	0	0	0	0	0
131010802217661	131010802	2019-08-01		3			1	2	0	0	0	12.58	1	19.000	Working	0	3	0	3	0	0	0	0	0	0	0	0	3	0
131010802217662	131010802	2019-08-01		0			0	0	0	0	0	12.58	2	19.000	Working	0	2	0	2	0	2	0	0	0	0	0	0	0	0
131010802217801	131010802	2019-08-15		0			0	0	0	0	0	12.40	1	19.000	Working	0	0	0	0	0	0	0	0	0	0	0	0	0	0
131010802217802	131010802	2019-08-15		0			0	0	0	0	0	12.40	2	19.000	Working	0	0	0	0	0	0	0	0	0	0	0	0	0	0
131010802217941	131010802	2019-08-29		1			0	1	0	0	0	12.52	1	19.000	Working	0	1	0	1	0	0	0	0	0	0	0	0	1	0
131010802217942	131010802	2019-08-29		0			0	0	0	0	0	12.52	2	19.000	Working	0	0	0	0	0	0	0	0	0	0	0	0	0	0
131010802218081	131010802	2019-09-12	1	0	1	0	0	0	0	0	0	13.62	1	19.000	Working	0	0	0	0	0	0	0	0	0	0	0	0	0	0
131010802218082	131010802	2019-09-12		0			0	0	0	0	0	13.62	2	19.000	Working	0	2	0	2	0	2	0	0	0	0	0	0	0	0
131010802218221	131010802	2019-09-26	1	1	1	0	0	1	0	0	0	12.52	1	19.000	Working	0	1	0	1	0	0	0	0	0	0	0	0	1	0
131010802218222	131010802	2019-09-26		1			0	1	0	1	0	12.52	2	19.000	Working	0	2	0	2	0	0	0	0	0	0	0	0	1	0
131010802218361	131010802	2019-10-10		0			0	0	0	0	0	12.27	1	19.000	Working	0	0	0	0	0	0	0	0	0	0	0	0	0	0
131010802218362	131010802	2019-10-10		0			0	0	0	0	0	12.27	2	19.000	Working	0	0	0	0	0	0	0	0	0	0	0	0	0	0
131011801211321	131011801	2017-11-13	2	1	2	0	1	0	0	2	0	10.97	1	19.000	Working	0	4	0	4	0	0	0	0	0	1	0	0	1	0
131011801211322	131011801	2017-11-13		1			0	1	0	0	0	10.97	2	19.000	Working	0	1	0	1	0	0	0	0	0	0	0	0	1	0
131011801211471	131011801	2017-11-28		3			1	2	0	0	0	12.42	1	19.000	Working	0	3	0	3	0	0	0	0	0	0	0	0	3	0
131011801211472	131011801	2017-11-28		0			0	0	0	0	0	12.42	2	19.000	Working	0	0	0	0	0	0	0	0	0	0	0	0	0	0
131011801211641	131011801	2017-12-15		0			0	0	0	0	0	12.37	1	19.000	Working	0	2	0	1	0	1	0	1	0	0	0	0	0	1
131011801211642	131011801	2017-12-15		0			0	0	0	1	0	12.37	2	19.000	Working	0	1	0	1	0	0	0	0	0	0	0	0	0	0
131011801211751	131011801	2017-12-26		0			0	0	0	0	0	12.33	1	19.000	Working	0	0	0	0	0	0	0	0	0	0	0	0	0	0
131011801211752	131011801	2017-12-26		0			0	0	0	0	0	12.33	2	19.000	Working	0	0	0	0	0	0	0	0	0	0	0	0	0	0
131011801211921	131011801	2018-01-12		0			0	0	0	0	0	12.08	1	19.000	Working	0	0	0	0	0	0	0	0	0	0	0	0	0	0
131011801211922	131011801	2018-01-12		0			0	0	0	0	0	12.08	2	19.000	Working	0	0	0	0	0	0	0	0	0	0	0	0	0	0
131011801212061	131011801	2018-01-26		0			0	0	0	0	0	12.33	1	19.000	Working	0	0	0	0	0	0	0	0	0	0	0	0	0	0
131011801212062	131011801	2018-01-26		0			0	0	0	0	0	12.33	2	19.000	Working	0	0	0	0	0	0	0	0	0	0	0	0	0	0
131011801212201	131011801	2018-02-09		0			0	0	0	0	0	12.07	1	19.000	Working	0	0	0	0	0	0	0	0	0	0	0	0	0	0
131011801212202	131011801	2018-02-09		0			0	0	0	0	0	12.07	2	19.000	Working	0	0	0	0	0	0	0	0	0	0	0	0	0	0
131011801212341	131011801	2018-02-23		0			0	0	0	0	0	13.40	1	19.000	Working	0	0	0	0	0	0	0	0	0	0	0	0	0	0
131011801212342	131011801	2018-02-23		0			0	0	0	0	0	13.40	2	19.000	Working	0	0	0	0	0	0	0	0	0	0	0	0	0	0
131011801212481	131011801	2018-03-09		0			0	0	0	0	0	12.42	1	19.000	Working	0	0	0	0	0	0	0	0	0	0	0	0	0	0
131011801212482	131011801	2018-03-09		0			0	0	0	0	0	12.42	2	19.000	Working	0	0	0	0	0	0	0	0	0	0	0	0	0	0
131011801212621	131011801	2018-03-23		0			0	0	0	0	0	11.90	1	19.000	Working	0	0	0	0	0	0	0	0	0	0	0	0	0	0
131011801212622	131011801	2018-03-23		0			0	0	0	0	0	11.90	2	19.000	Working	0	0	0	0	0	0	0	0	0	0	0	0	0	0
131011801212761	131011801	2018-04-06	2	1	2	0	0	1	0	0	0	12.50	1	19.000	Working	0	1	0	1	0	0	0	0	0	0	0	0	1	0
131011801212762	131011801	2018-04-06		1			1	0	0	0	0	12.50	2	19.000	Working	0	1	0	1	0	0	0	0	0	0	0	0	1	0
131011801212901	131011801	2018-04-20	3	10	3	0	2	8	0	0	0	11.93	1	19.000	Working	0	10	0	10	0	0	0	0	0	0	0	0	10	0
131011801212902	131011801	2018-04-20		21			4	17	0	11	0	11.93	2	19.000	Working	0	35	0	35	0	3	0	0	0	0	0	0	21	0
131011801213041	131011801	2018-05-04	1	17	1	0	7	10	0	0	0	12.38	1	19.000	Working	0	19	0	19	0	0	0	0	0	2	0	0	17	0
131011801213042	131011801	2018-05-04		9			5	4	0	4	0	12.38	2	19.000	Working	0	13	0	13	0	0	0	0	0	0	0	0	9	0
131011801213181	131011801	2018-05-18		12			4	8	0	0	0	11.88	1	19.000	Working	0	12	0	12	0	0	0	0	0	0	0	0	12	0
131011801213182	131011801	2018-05-18		14			0	14	0	0	0	11.88	2	19.000	Working	0	14	0	14	0	0	0	0	0	0	0	0	14	0
131011801213321	131011801	2018-06-01		11			3	8	0	0	0	12.20	1	19.000	Working	0	13	0	13	0	2	0	0	0	0	0	0	11	0
131011801213322	131011801	2018-06-01		28			9	19	0	4	0	12.20	2	19.000	Working	0	49	0	49	0	10	0	0	0	7	0	0	28	0
131011801213461	131011801	2018-06-15	6	19	6	0	7	12	0	4	0	11.68	1	19.000	Working	0	28	0	28	0	2	0	0	0	3	0	0	19	0
131011801213462	131011801	2018-06-15		22			8	14	0	24	0	11.68	2	19.000	Working	0	60	0	60	0	6	0	0	0	8	0	0	22	0
131011801213601	131011801	2018-06-29		12			4	8	0	2	0	12.30	1	19.000	Working	0	18	0	18	0	2	0	0	0	2	0	0	12	0
131011801213602	131011801	2018-06-29		7			2	5	0	2	0	12.30	2	19.000	Working	0	9	0	9	0	0	0	0	0	0	0	0	7	0
131011801213741	131011801	2018-07-13	5	1	5	0	0	1	0	0	0	11.93	1	19.000	Working	0	1	0	1	0	0	0	0	0	0	0	0	1	0
131011801213742	131011801	2018-07-13		9			4	5	0	8	0	11.93	2	19.000	Working	0	17	0	17	0	0	0	0	0	0	0	0	9	0
131011801213881	131011801	2018-07-27	2	0	2	0	0	0	0	0	0	11.83	1	19.000	Working	0	0	0	0	0	0	0	0	0	0	0	0	0	0
131011801213882	131011801	2018-07-27		6			3	3	0	0	0	11.83	2	19.000	Working	0	6	0	6	0	0	0	0	0	0	0	0	6	0
131011801214021	131011801	2018-08-10	4	19	4	0	8	11	0	0	0	11.98	1	19.000	Working	0	21	0	21	0	2	0	0	0	0	0	0	19	0
131011801214022	131011801	2018-08-10		14			9	5	0	4	0	11.98	2	19.000	Working	0	28	0	27	0	5	0	1	0	4	0	0	14	1
131011801214161	131011801	2018-08-24	1	1	1	0	1	0	0	0	0	11.97	1	19.000	Working	0	2	0	2	0	1	0	0	0	0	0	0	1	0
131011801214162	131011801	2018-08-24		2			0	2	0	0	0	11.97	2	19.000	Working	0	2	0	2	0	0	0	0	0	0	0	0	2	0
131011801214301	131011801	2018-09-07		1			0	1	0	0	0	11.82	1	19.000	Working	0	1	0	1	0	0	0	0	0	0	0	0	1	0
131011801214302	131011801	2018-09-07		3			0	3	0	0	0	11.82	2	19.000	Working	0	3	0	3	0	0	0	0	0	0	0	0	3	0
131011801214441	131011801	2018-09-21	2	0	2	0	0	0	0	0	0	11.82	1	19.000	Working	0	1	0	1	0	1	0	0	0	0	0	0	0	0
131011801214442	131011801	2018-09-21		0			0	0	0	2	0	11.82	2	19.000	Working	0	2	0	2	0	0	0	0	0	0	0	0	0	0
131011801214581	131011801	2018-10-05	6	2	6	0	0	2	0	0	0	11.90	1	19.000	Working	0	2	0	2	0	0	0	0	0	0	0	0	2	0
131011801214582	131011801	2018-10-05		6			2	4	0	0	0	11.90	2	19.000	Working	0	19	0	19	0	8	0	0	0	5	0	0	6	0
131011801214721	131011801	2018-10-19	8	7	8	0	2	5	0	3	0	11.78	1	19.000	Working	0	10	0	10	0	0	0	0	0	0	0	0	7	0
131011801214722	131011801	2018-10-19		19			9	10	0	16	0	11.78	2	19.000	Working	0	35	0	35	0	0	0	0	0	0	0	0	19	0
131011801214861	131011801	2018-11-02	4	0	4	0	0	0	0	0	0	12.58	1	19.000	Working	0	5	0	3	0	3	0	2	0	0	2	0	0	0
131011801214862	131011801	2018-11-02		21			14	7	0	0	0	12.58	2	19.000	Working	0	24	0	24	0	3	0	0	0	0	0	0	21	0
131011801215001	131011801	2018-11-16	1	1	1	0	1	0	0	1	0	12.33	1	19.000	Working	0	2	0	2	0	0	0	0	0	0	0	0	1	0
131011801215002	131011801	2018-11-16		12			5	7	0	12	0	12.33	2	19.000	Working	0	32	0	32	0	0	0	0	0	8	0	0	12	0
131011801215141	131011801	2018-11-30	1	0	1	0	0	0	0	0	0	11.68	1	19.000	Working	0	0	0	0	0	0	0	0	0	0	0	0	0	0
131011801215142	131011801	2018-11-30		3			0	3	0	3	0	11.68	2	19.000	Working	0	6	0	6	0	0	0	0	0	0	0	0	3	0
131011801215281	131011801	2018-12-14		0			0	0	0	0	0	11.98	1	19.000	Working	0	0	0	0	0	0	0	0	0	0	0	0	0	0
131011801215282	131011801	2018-12-14		0			0	0	0	0	0	11.98	2	19.000	Working	0	0	0	0	0	0	0	0	0	0	0	0	0	0
131011801215411	131011801	2018-12-27	1	0	1	0	0	0	0	0	0	12.10	1	19.000	Working	0	0	0	0	0	0	0	0	0	0	0	0	0	0
131011801215412	131011801	2018-12-27		1			0	1	0	0	0	12.10	2	19.000	Working	0	1	0	1	0	0	0	0	0	0	0	0	1	0
131011801215561	131011801	2019-01-11		0			0	0	0	0	0	12.02	1	19.000	Working	0	0	0	0	0	0	0	0	0	0	0	0	0	0
131011801215562	131011801	2019-01-11		0			0	0	0	0	0	12.02	2	19.000	Working	0	0	0	0	0	0	0	0	0	0	0	0	0	0
131011801215701	131011801	2019-01-25		0			0	0	0	0	0	12.33	1	19.000	Working	0	0	0	0	0	0	0	0	0	0	0	0	0	0
131011801215702	131011801	2019-01-25		0			0	0	0	0	0	12.33	2	19.000	Working	0	0	0	0	0	0	0	0	0	0	0	0	0	0
131011801215841	131011801	2019-02-08		0			0	0	0	0	0	12.10	1	19.000	Working	0	0	0	0	0	0	0	0	0	0	0	0	0	0
131011801215842	131011801	2019-02-08		0			0	0	0	0	0	12.10	2	19.000	Working	0	0	0	0	0	0	0	0	0	0	0	0	0	0
131011801215981	131011801	2019-02-22		0			0	0	0	0	0	12.53	1	19.000	Working	0	0	0	0	0	0	0	0	0	0	0	0	0	0
131011801215982	131011801	2019-02-22		0			0	0	0	0	0	12.53	2	19.000	Working	0	0	0	0	0	0	0	0	0	0	0	0	0	0
131011801216121	131011801	2019-03-08	3	1	3	0	0	1	0	0	0	12.17	1	19.000	Working	0	1	0	1	0	0	0	0	0	0	0	0	1	0
131011801216122	131011801	2019-03-08		2			0	2	0	0	0	12.17	2	19.000	Working	0	2	0	2	0	0	0	0	0	0	0	0	2	0
131011801216261	131011801	2019-03-22	1	0	1	0	0	0	0	0	0	11.98	1	19.000	Working	0	0	0	0	0	0	0	0	0	0	0	0	0	0
131011801216262	131011801	2019-03-22		0			0	0	0	0	0	11.98	2	19.000	Working	2	1	0	1	0	0	0	0	0	1	0	0	0	0
131011801216401	131011801	2019-04-05	2	0	2	0	0	0	0	0	0	11.75	1	19.000	Working	0	0	0	0	0	0	0	0	0	0	0	0	0	0
131011801216402	131011801	2019-04-05		1			0	1	0	1	0	11.75	2	19.000	Working	0	2	0	2	0	0	0	0	0	0	0	0	1	0
131011801216541	131011801	2019-04-19		0			0	0	0	0	0	11.92	1	19.000	Working	0	0	0	0	0	0	0	0	0	0	0	0	0	0
131011801216542	131011801	2019-04-19		0			0	0	0	0	0	11.92	2	19.000	Working	0	0	0	0	0	0	0	0	0	0	0	0	0	0
131011801216681	131011801	2019-05-03	1	0	1	0	0	0	0	0	0	11.92	1	19.000	Working	0	0	0	0	0	0	0	0	0	0	0	0	0	0
131011801216682	131011801	2019-05-03		1			0	1	0	0	0	11.92	2	19.000	Working	0	1	0	1	0	0	0	0	0	0	0	0	1	0
131011801216821	131011801	2019-05-17		0			0	0	0	0	0	11.85	1	19.000	Working	0	0	0	0	0	0	0	0	0	0	0	0	0	0
131011801216822	131011801	2019-05-17		0			0	0	0	0	0	11.85	2	19.000	Working	0	0	0	0	0	0	0	0	0	0	0	0	0	0
131011801216961	131011801	2019-05-31	1	0	1	0	0	0	0	0	0	12.38	1	19.000	Working	0	1	0	1	0	1	0	0	0	0	0	0	0	0
131011801216962	131011801	2019-05-31		3			0	3	0	0	0	12.38	2	19.000	Working	0	11	0	11	0	5	0	0	0	3	0	0	3	0
131011801217101	131011801	2019-06-14	1	12	1	0	7	5	0	3	0	12.20	1	19.000	Working	0	15	0	15	0	0	0	0	0	0	0	0	12	0
131011801217102	131011801	2019-06-14		33			20	13	0	11	0	12.20	2	19.000	Working	0	44	0	44	0	0	0	0	0	0	0	0	33	0
131011801217241	131011801	2019-06-28		4			2	2	0	3	0	14.00	1	19.000	Working	0	9	0	9	0	0	0	0	0	2	0	0	4	0
131011801217242	131011801	2019-06-28		16			4	12	0	6	0	14.00	2	19.000	Working	0	25	0	25	0	0	0	0	0	3	0	0	16	0
131011801217381	131011801	2019-07-12	3	10	3	0	6	4	0	0	0	13.58	1	19.000	Working	0	10	0	10	0	0	0	0	0	0	0	0	10	0
131011801217382	131011801	2019-07-12		7			6	1	0	4	0	13.58	2	19.000	Working	0	21	0	21	0	10	0	0	0	0	0	0	7	0
131011801217521	131011801	2019-07-26		1			0	1	0	0	0	12.03	1	19.000	Working	0	3	0	3	0	2	0	0	0	0	0	0	1	0
131011801217522	131011801	2019-07-26		1			0	1	0	0	0	12.03	2	19.000	Working	0	1	0	1	0	0	0	0	0	0	0	0	1	0
131011801217661	131011801	2019-08-09		2			0	2	0	0	0	12.52	1	19.000	Working	0	2	0	2	0	0	0	0	0	0	0	0	2	0
131011801217662	131011801	2019-08-09		5			3	2	0	0	0	12.52	2	19.000	Working	0	5	0	5	0	0	0	0	0	0	0	0	5	0
131011801217801	131011801	2019-08-23		0			0	0	0	0	0	12.37	1	19.000	Working	0	1	0	1	0	1	0	0	0	0	0	0	0	0
131011801217802	131011801	2019-08-23		0			0	0	0	0	0	12.37	2	19.000	Working	0	0	0	0	0	0	0	0	0	0	0	0	0	0
131011801217941	131011801	2019-09-06	3	11	3	0	9	2	0	2	0	12.37	1	19.000	Working	0	13	0	13	0	0	0	0	0	0	0	0	11	0
131011801217942	131011801	2019-09-06		11			6	5	0	0	0	12.37	2	19.000	Working	0	14	0	14	0	3	0	0	0	0	0	0	11	0
131011801218081	131011801	2019-09-20	1	1	1	0	0	1	0	0	0	13.43	1	19.000	Working	0	1	0	1	0	0	0	0	0	0	0	0	1	0
131011801218082	131011801	2019-09-20		2			2	0	0	0	0	13.43	2	19.000	Working	0	2	0	2	0	0	0	0	0	0	0	0	2	0
131011801218221	131011801	2019-10-04	3	1	3	0	1	0	0	0	0	13.48	1	19.000	Working	0	1	0	1	0	0	0	0	0	0	0	0	1	0
131011801218222	131011801	2019-10-04		5			1	4	0	0	0	13.48	2	19.000	Working	0	7	0	7	0	2	0	0	0	0	0	0	5	0
131011801218361	131011801	2019-10-18	1	4	2	1	1	3	0	1	0	12.07	1	19.000	Working	0	6	0	6	0	0	0	0	0	1	0	0	4	0
131011801218362	131011801	2019-10-18		5			3	2	0	10	0	12.07	2	19.000	Working	0	22	0	22	0	3	0	0	0	4	0	0	5	0
132005501211321	132005501	2017-11-16		0			0	0	0	0	0	12.13	1	19.000	Working	0	0	0	0	0	0	0	0	0	0	0	0	0	0
132005501211322	132005501	2017-11-16		2			0	2	0	0	0	12.13	2	19.000	Working	0	3	0	3	0	0	0	0	0	1	0	0	2	0
132005501211471	132005501	2017-12-01	1	0	1	0	0	0	0	0	0	11.70	1	19.000	Working	0	1	0	1	0	1	0	0	0	0	0	0	0	0
132005501211472	132005501	2017-12-01		3			1	2	0	0	0	11.70	2	19.000	Working	0	3	0	3	0	0	0	0	0	0	0	0	3	0
132005501211641	132005501	2017-12-18		0			0	0	0	0	0	11.82	1	19.000	Working	0	0	0	0	0	0	0	0	0	0	0	0	0	0
132005501211642	132005501	2017-12-18		2			0	2	0	0	0	11.82	2	19.000	Working	0	2	0	2	0	0	0	0	0	0	0	0	2	0
132005501211751	132005501	2017-12-29		0			0	0	0	0	0	12.12	1	19.000	Working	0	0	0	0	0	0	0	0	0	0	0	0	0	0
132005501211752	132005501	2017-12-29		0			0	0	0	0	0	12.12	2	19.000	Working	0	0	0	0	0	0	0	0	0	0	0	0	0	0
132005501211921	132005501	2018-01-15		0			0	0	0	0	0	12.30	1	19.000	Working	0	0	0	0	0	0	0	0	0	0	0	0	0	0
132005501211922	132005501	2018-01-15		0			0	0	0	0	0	12.30	2	19.000	Working	0	0	0	0	0	0	0	0	0	0	0	0	0	0
132005501212061	132005501	2018-01-29		0			0	0	0	0	0	12.32	1	19.000	Working	0	0	0	0	0	0	0	0	0	0	0	0	0	0
132005501212062	132005501	2018-01-29		0			0	0	0	0	0	12.32	2	19.000	Working	0	0	0	0	0	0	0	0	0	0	0	0	0	0
132005501212201	132005501	2018-02-12		0			0	0	0	0	0	12.07	1	19.000	Working	0	0	0	0	0	0	0	0	0	0	0	0	0	0
132005501212202	132005501	2018-02-12		0			0	0	0	0	0	12.07	2	19.000	Working	0	0	0	0	0	0	0	0	0	0	0	0	0	0
132005501212341	132005501	2018-02-26		0			0	0	0	0	0	12.08	1	19.000	Working	0	0	0	0	0	0	0	0	0	0	0	0	0	0
132005501212342	132005501	2018-02-26		0			0	0	0	0	0	12.08	2	19.000	Working	0	0	0	0	0	0	0	0	0	0	0	0	0	0
132005501212481	132005501	2018-03-12		0			0	0	0	0	0	11.93	1	19.000	Working	0	0	0	0	0	0	0	0	0	0	0	0	0	0
132005501212482	132005501	2018-03-12		0			0	0	0	0	0	11.93	2	19.000	Working	0	0	0	0	0	0	0	0	0	0	0	0	0	0
132005501212621	132005501	2018-03-26		0			0	0	0	0	0	12.63	1	19.000	Working	0	0	0	0	0	0	0	0	0	0	0	0	0	0
132005501212622	132005501	2018-03-26		0			0	0	0	0	0	12.63	2	19.000	Working	0	0	0	0	0	0	0	0	0	0	0	0	0	0
132005501212761	132005501	2018-04-09		0			0	0	0	0	0	12.00	1	19.000	Working	0	0	0	0	0	0	0	0	0	0	0	0	0	0
132005501212762	132005501	2018-04-09		3			1	2	0	0	0	12.00	2	19.000	Working	0	3	0	3	0	0	0	0	0	0	0	0	3	0
132005501212901	132005501	2018-04-23		0			0	0	0	0	0	13.93	1	19.000	Working	0	0	0	0	0	0	0	0	0	0	0	0	0	0
132005501212902	132005501	2018-04-23		9			4	5	0	0	0	13.93	2	19.000	Working	0	10	0	10	0	1	0	0	0	0	0	0	9	0
132005501213041	132005501	2018-05-07		0			0	0	0	0	0	12.03	1	19.000	Working	0	0	0	0	0	0	0	0	0	0	0	0	0	0
132005501213042	132005501	2018-05-07		12			5	7	0	0	0	12.03	2	19.000	Working	0	12	0	12	0	0	0	0	0	0	0	0	12	0
132005501213181	132005501	2018-05-21		0			0	0	0	0	0	11.67	1	19.000	Working	0	0	0	0	0	0	0	0	0	0	0	0	0	0
132005501213182	132005501	2018-05-21		21			9	12	0	0	0	11.67	2	19.000	Working	0	22	0	22	0	1	0	0	0	0	0	0	21	0
132005501213321	132005501	2018-06-04		0			0	0	0	0	0	11.68	1	19.000	Working	0	1	0	1	0	1	0	0	0	0	0	0	0	0
132005501213322	132005501	2018-06-04		22			8	14	0	0	0	11.68	2	19.000	Working	0	27	0	27	0	3	0	0	0	2	0	0	22	0
132005501213461	132005501	2018-06-18	1	1	1	0	0	1	0	0	0	12.50	1	19.000	Working	0	3	0	3	0	0	0	0	0	2	0	0	1	0
132005501213462	132005501	2018-06-18		8			2	6	0	0	0	12.50	2	19.000	Working	0	9	0	9	0	1	0	0	0	0	0	0	8	0
132005501213601	132005501	2018-07-02		4			2	2	0	0	0	12.08	1	19.000	Working	0	4	0	4	0	0	0	0	0	0	0	0	4	0
132005501213602	132005501	2018-07-02		6			2	4	0	0	0	12.08	2	19.000	Working	0	6	0	6	0	0	0	0	0	0	0	0	6	0
132005501213741	132005501	2018-07-16		0			0	0	0	0	0	13.62	1	19.000	Working	0	1	0	1	0	1	0	0	0	0	0	0	0	0
132005501213742	132005501	2018-07-16		0			0	0	0	0	0	13.62	2	19.000	Working	0	1	0	1	0	0	0	0	0	1	0	0	0	0
132005501213881	132005501	2018-07-30	1	0	1	0	0	0	0	0	0	12.33	1	19.000	Working	0	0	0	0	0	0	0	0	0	0	0	0	0	0
132005501213882	132005501	2018-07-30		2			0	2	0	0	0	12.33	2	19.000	Working	0	2	0	2	0	0	0	0	0	0	0	0	2	0
132005501214021	132005501	2018-08-13		0			0	0	0	0	0	11.75	1	19.000	Working	0	0	0	0	0	0	0	0	0	0	0	0	0	0
132005501214022	132005501	2018-08-13		7			3	4	0	0	0	11.75	2	19.000	Working	0	7	0	7	0	0	0	0	0	0	0	0	7	0
132005501214161	132005501	2018-08-27		0			0	0	0	0	0	11.68	1	19.000	Working	0	0	0	0	0	0	0	0	0	0	0	0	0	0
132005501214162	132005501	2018-08-27		0			0	0	0	0	0	11.68	2	19.000	Working	0	0	0	0	0	0	0	0	0	0	0	0	0	0
132005501214301	132005501	2018-09-10	1	1	1	0	0	1	0	0	0	12.03	1	19.000	Working	0	3	0	3	0	2	0	0	0	0	0	0	1	0
132005501214302	132005501	2018-09-10		0			0	0	0	0	0	12.03	2	19.000	Working	0	0	0	0	0	0	0	0	0	0	0	0	0	0
132005501214441	132005501	2018-09-24		0			0	0	0	1	0	12.28	1	19.000	Working	0	1	0	1	0	0	0	0	0	0	0	0	0	0
132005501214442	132005501	2018-09-24		0			0	0	0	0	0	12.28	2	19.000	Working	0	0	0	0	0	0	0	0	0	0	0	0	0	0
132005501214581	132005501	2018-10-08		0			0	0	0	0	0	11.85	1	19.000	Working	0	0	0	0	0	0	0	0	0	0	0	0	0	0
132005501214582	132005501	2018-10-08		0			0	0	0	0	0	11.85	2	19.000	Working	0	0	0	0	0	0	0	0	0	0	0	0	0	0
132005501214721	132005501	2018-10-22		0			0	0	0	0	0	11.82	1	19.000	Working	0	0	0	0	0	0	0	0	0	0	0	0	0	0
132005501214722	132005501	2018-10-22		1			0	1	0	0	0	11.82	2	19.000	Working	0	1	0	1	0	0	0	0	0	0	0	0	1	0
132005501214861	132005501	2018-11-05		0			0	0	0	0	0	11.92	1	19.000	Working	0	0	0	0	0	0	0	0	0	0	0	0	0	0
132005501214862	132005501	2018-11-05		4			2	2	0	0	0	11.92	2	19.000	Working	0	4	0	4	0	0	0	0	0	0	0	0	4	0
132005501215001	132005501	2018-11-19	1	4	1	0	2	2	0	3	0	12.55	1	19.000	Working	0	7	0	7	0	0	0	0	0	0	0	0	4	0
132005501215002	132005501	2018-11-19		3			0	3	0	0	0	12.55	2	19.000	Working	0	3	0	3	0	0	0	0	0	0	0	0	3	0
132005501215141	132005501	2018-12-03		0			0	0	0	0	0	11.90	1	19.000	Working	0	0	0	0	0	0	0	0	0	0	0	0	0	0
132005501215142	132005501	2018-12-03		0			0	0	0	0	0	11.90	2	19.000	Working	0	0	0	0	0	0	0	0	0	0	0	0	0	0
132005501215281	132005501	2018-12-17		0			0	0	0	0	0	12.50	1	19.000	Working	0	0	0	0	0	0	0	0	0	0	0	0	0	0
132005501215282	132005501	2018-12-17		0			0	0	0	0	0	12.50	2	19.000	Working	0	0	0	0	0	0	0	0	0	0	0	0	0	0
132005501215411	132005501	2018-12-30		0			0	0	0	0	0	11.95	1	19.000	Working	0	0	0	0	0	0	0	0	0	0	0	0	0	0
132005501215412	132005501	2018-12-30		0			0	0	0	0	0	11.95	2	19.000	Working	0	0	0	0	0	0	0	0	0	0	0	0	0	0
132005501215561	132005501	2019-01-14		0			0	0	0	0	0	12.33	1	19.000	Working	0	0	0	0	0	0	0	0	0	0	0	0	0	0
132005501215562	132005501	2019-01-14		0			0	0	0	0	0	12.33	2	19.000	Working	3	0	0	0	0	0	0	0	0	0	0	0	0	0
132005501215701	132005501	2019-01-28		0			0	0	0	0	0	12.15	1	19.000	Working	0	0	0	0	0	0	0	0	0	0	0	0	0	0
132005501215702	132005501	2019-01-28		0			0	0	0	0	0	12.15	2	19.000	Working	2	0	0	0	0	0	0	0	0	0	0	0	0	0
132005501215841	132005501	2019-02-11		0			0	0	0	0	0	12.60	1	19.000	Working	0	0	0	0	0	0	0	0	0	0	0	0	0	0
132005501215842	132005501	2019-02-11		0			0	0	0	0	0	12.60	2	19.000	Working	0	0	0	0	0	0	0	0	0	0	0	0	0	0
132005501215981	132005501	2019-02-25		0			0	0	0	0	0	11.95	1	19.000	Working	0	0	0	0	0	0	0	0	0	0	0	0	0	0
132005501215982	132005501	2019-02-25		0			0	0	0	0	0	11.95	2	19.000	Working	0	0	0	0	0	0	0	0	0	0	0	0	0	0
132005501216121	132005501	2019-03-11		0			0	0	0	0	0	13.35	1	19.000	Working	0	0	0	0	0	0	0	0	0	0	0	0	0	0
132005501216122	132005501	2019-03-11		0			0	0	0	0	0	13.35	2	19.000	Working	0	0	0	0	0	0	0	0	0	0	0	0	0	0
132005501216261	132005501	2019-03-25		0			0	0	0	0	0	12.52	1	19.000	Working	0	0	0	0	0	0	0	0	0	0	0	0	0	0
132005501216262	132005501	2019-03-25		0			0	0	0	0	0	12.52	2	19.000	Working	0	0	0	0	0	0	0	0	0	0	0	0	0	0
132005501216401	132005501	2019-04-08	1	0	1	0	0	0	0	0	0	11.93	1	19.000	Working	0	0	0	0	0	0	0	0	0	0	0	0	0	0
132005501216402	132005501	2019-04-08		1			0	1	0	0	0	11.93	2	19.000	Working	0	1	0	1	0	0	0	0	0	0	0	0	1	0
132005501216541	132005501	2019-04-22	1	0	1	0	0	0	0	0	0	13.52	1	19.000	Working	0	0	0	0	0	0	0	0	0	0	0	0	0	0
132005501216542	132005501	2019-04-22		1			0	1	0	0	0	13.52	2	19.000	Working	0	1	0	1	0	0	0	0	0	0	0	0	1	0
132005501216681	132005501	2019-05-06		0			0	0	0	0	0	13.53	1	19.000	Working	0	0	0	0	0	0	0	0	0	0	0	0	0	0
132005501216682	132005501	2019-05-06		0			0	0	0	0	0	13.53	2	19.000	Working	0	0	0	0	0	0	0	0	0	0	0	0	0	0
132005501216821	132005501	2019-05-20	2	0	2	0	0	0	0	0	0	13.38	1	19.000	Working	0	0	0	0	0	0	0	0	0	0	0	0	0	0
132005501216822	132005501	2019-05-20		1			0	1	0	0	0	13.38	2	19.000	Working	0	3	0	3	0	2	0	0	0	0	0	0	1	0
132005501216961	132005501	2019-06-03		0			0	0	0	0	0	11.93	1	19.000	Working	0	0	0	0	0	0	0	0	0	0	0	0	0	0
132005501216962	132005501	2019-06-03		4			0	4	0	0	0	11.93	2	19.000	Working	0	6	0	6	0	2	0	0	0	0	0	0	4	0
132005501217101	132005501	2019-06-17	1	14	1	0	11	3	0	0	0	11.82	1	19.000	Working	0	23	0	23	0	4	0	0	0	5	0	0	14	0
132005501217102	132005501	2019-06-17		6			3	3	0	0	0	11.82	2	19.000	Working	0	14	0	14	0	5	0	0	0	3	0	0	6	0
132005501217241	132005501	2019-07-01	1	22	1	0	8	14	0	0	0	12.12	1	19.000	Working	0	22	0	22	0	0	0	0	0	0	0	0	22	0
132005501217242	132005501	2019-07-01		11			7	4	0	0	0	12.12	2	19.000	Working	0	11	0	11	0	0	0	0	0	0	0	0	11	0
132005501217381	132005501	2019-07-15		6			2	4	0	0	0	11.85	1	19.000	Working	0	7	0	7	0	1	0	0	0	0	0	0	6	0
132005501217382	132005501	2019-07-15		2			0	2	0	1	0	11.85	2	19.000	Working	0	7	0	7	0	3	0	0	0	1	0	0	2	0
132005501217521	132005501	2019-07-29		0			0	0	0	0	0	11.92	1	19.000	Working	0	0	0	0	0	0	0	0	0	0	0	0	0	0
132005501217522	132005501	2019-07-29		6			3	3	0	0	0	11.92	2	19.000	Working	0	6	0	6	0	0	0	0	0	0	0	0	6	0
132005501217661	132005501	2019-08-12	1	0	1	0	0	0	0	0	0	13.67	1	19.000	Working	0	0	0	0	0	0	0	0	0	0	0	0	0	0
132005501217662	132005501	2019-08-12		1			1	0	0	0	0	13.67	2	19.000	Working	0	1	0	1	0	0	0	0	0	0	0	0	1	0
132005501217801	132005501	2019-08-26	1	2	1	0	0	2	0	0	0	12.08	1	19.000	Working	0	2	0	2	0	0	0	0	0	0	0	0	2	0
132005501217802	132005501	2019-08-26		2			0	2	0	0	0	12.08	2	19.000	Working	0	2	0	2	0	0	0	0	0	0	0	0	2	0
132005501217941	132005501	2019-09-09	2	9	2	0	3	6	0	0	0	12.03	1	19.000	Working	0	13	0	13	0	2	0	0	0	2	0	0	9	0
132005501217942	132005501	2019-09-09		0			0	0	0	0	0	12.03	2	19.000	Working	0	0	0	0	0	0	0	0	0	0	0	0	0	0
132005501218081	132005501	2019-09-23		0			0	0	0	0	0	13.47	1	19.000	Working	0	0	0	0	0	0	0	0	0	0	0	0	0	0
132005501218082	132005501	2019-09-23		2			0	2	0	0	0	13.47	2	19.000	Working	0	2	0	2	0	0	0	0	0	0	0	0	2	0
132005501218221	132005501	2019-10-07		0			0	0	0	0	0	11.83	1	19.000	Working	0	0	0	0	0	0	0	0	0	0	0	0	0	0
132005501218222	132005501	2019-10-07		0			0	0	0	0	0	11.83	2	19.000	Working	0	0	0	0	0	0	0	0	0	0	0	0	0	0
132005501218361	132005501	2019-10-21	1	4	1	0	2	2	0	0	0	12.07	1	19.000	Working	0	4	0	4	0	0	0	0	0	0	0	0	4	0
132005501218362	132005501	2019-10-21		3			2	1	0	0	0	12.07	2	19.000	Working	0	3	0	3	0	0	0	0	0	0	0	0	3	0
132005801211321	132005801	2017-11-08		0			0	0	0	0	0	13.37	1	19.000	Working	0	0	0	0	0	0	0	0	0	0	0	0	0	0
132005801211322	132005801	2017-11-08		0			0	0	0	0	0	13.37	2	19.000	Working	0	0	0	0	0	0	0	0	0	0	0	0	0	0
132005801211471	132005801	2017-11-23		0			0	0	1	1	0	12.03	1	19.000	Working	0	3	1	2	0	1	0	0	0	0	0	0	0	0
132005801211472	132005801	2017-11-23		1			1	0	0	1	0	12.03	2	19.000	Working	0	3	0	2	0	0	0	1	0	0	0	0	1	1
132005801211641	132005801	2017-12-10		0			0	0	0	0	0	11.92	1	19.000	Working	0	0	0	0	0	0	0	0	0	0	0	0	0	0
132005801211642	132005801	2017-12-10		0			0	0	0	0	0	11.92	2	19.000	Working	0	0	0	0	0	0	0	0	0	0	0	0	0	0
132005801211751	132005801	2017-12-21	1	0	1	0	0	0	0	0	0	12.30	1	19.000	Working	0	0	0	0	0	0	0	0	0	0	0	0	0	0
132005801211752	132005801	2017-12-21		1			0	1	0	0	0	12.30	2	19.000	Working	0	1	0	1	0	0	0	0	0	0	0	0	1	0
132005801211921	132005801	2018-01-07		0			0	0	0	0	0	12.42	1	19.000	Working	0	0	0	0	0	0	0	0	0	0	0	0	0	0
132005801211922	132005801	2018-01-07		0			0	0	0	0	0	12.42	2	19.000	Working	0	0	0	0	0	0	0	0	0	0	0	0	0	0
132005801212061	132005801	2018-01-21		0			0	0	0	0	0	12.40	1	19.000	Working	0	0	0	0	0	0	0	0	0	0	0	0	0	0
132005801212062	132005801	2018-01-21		0			0	0	0	0	0	12.40	2	19.000	Working	0	0	0	0	0	0	0	0	0	0	0	0	0	0
132005801212201	132005801	2018-02-04		0			0	0	0	0	0	11.95	1	19.000	Working	0	0	0	0	0	0	0	0	0	0	0	0	0	0
132005801212202	132005801	2018-02-04		0			0	0	0	0	0	11.95	2	19.000	Working	0	0	0	0	0	0	0	0	0	0	0	0	0	0
132005801212341	132005801	2018-02-18		0			0	0	0	0	0	12.13	1	19.000	Working	0	0	0	0	0	0	0	0	0	0	0	0	0	0
132005801212342	132005801	2018-02-18		0			0	0	0	0	0	12.13	2	19.000	Working	0	0	0	0	0	0	0	0	0	0	0	0	0	0
132005801212481	132005801	2018-03-04		0			0	0	0	0	0	11.67	1	19.000	Working	0	0	0	0	0	0	0	0	0	0	0	0	0	0
132005801212482	132005801	2018-03-04		0			0	0	0	0	0	11.67	2	19.000	Working	0	0	0	0	0	0	0	0	0	0	0	0	0	0
132005801212621	132005801	2018-03-18		0			0	0	0	0	0	12.42	1	19.000	Working	0	0	0	0	0	0	0	0	0	0	0	0	0	0
132005801212622	132005801	2018-03-18		0			0	0	0	0	0	12.42	2	19.000	Working	0	0	0	0	0	0	0	0	0	0	0	0	0	0
132005801212761	132005801	2018-04-01	1	0	1	0	0	0	0	1	0	12.08	1	19.000	Working	0	1	0	1	0	0	0	0	0	0	0	0	0	0
132005801212762	132005801	2018-04-01		0			0	0	0	0	0	12.08	2	19.000	Working	0	0	0	0	0	0	0	0	0	0	0	0	0	0
132005801212901	132005801	2018-04-15	2	3	2	0	0	3	0	1	0	13.60	1	19.000	Working	0	4	0	4	0	0	0	0	0	0	0	0	3	0
132005801212902	132005801	2018-04-15		9			3	6	0	2	0	13.60	2	19.000	Working	0	12	0	11	0	0	0	1	0	0	0	0	9	1
132005801213041	132005801	2018-04-29	2	10	2	0	3	7	0	2	0	12.32	1	19.000	Working	0	12	0	12	0	0	0	0	0	0	0	0	10	0
132005801213042	132005801	2018-04-29		25			14	11	0	3	0	12.32	2	19.000	Working	0	32	0	32	0	0	0	0	0	4	0	0	25	0
132005801213181	132005801	2018-05-13	1	10	1	0	2	8	0	0	0	11.75	1	19.000	Working	0	12	0	10	0	0	0	2	0	0	0	0	10	2
132005801213182	132005801	2018-05-13		34			16	18	0	3	0	11.75	2	19.000	Working	0	39	0	37	0	0	0	2	0	0	0	0	34	2
132005801213321	132005801	2018-05-27	1	9	1	0	3	6	0	0	0	11.97	1	19.000	Working	0	12	0	11	0	0	0	1	0	2	0	0	9	1
132005801213322	132005801	2018-05-27		1			0	1	0	0	0	11.97	2	19.000	Working	0	2	0	1	0	0	0	1	0	0	0	0	1	1
132005801213461	132005801	2018-06-10		19			11	8	0	0	0	12.30	1	19.000	Working	0	24	0	23	0	2	0	1	0	2	0	0	19	1
132005801213462	132005801	2018-06-10		25			10	15	0	1	0	12.30	2	19.000	Working	0	36	0	36	0	6	0	0	0	4	0	0	25	0
132005801213601	132005801	2018-06-24		5			3	2	0	0	0	12.25	1	19.000	Working	0	5	0	5	0	0	0	0	0	0	0	0	5	0
132005801213602	132005801	2018-06-24		6			5	1	0	0	0	12.25	2	19.000	Working	0	6	0	6	0	0	0	0	0	0	0	0	6	0
132005801213741	132005801	2018-07-08	1	1	1	0	0	1	0	0	0	13.75	1	19.000	Working	0	1	0	1	0	0	0	0	0	0	0	0	1	0
132005801213742	132005801	2018-07-08		3			1	2	0	0	0	13.75	2	19.000	Working	0	5	0	3	0	0	0	2	0	0	0	0	3	2
132005801213881	132005801	2018-07-22	1	1	1	0	1	0	0	0	0	11.98	1	19.000	Working	0	1	0	1	0	0	0	0	0	0	0	0	1	0
132005801213882	132005801	2018-07-22		2			1	1	0	0	0	11.98	2	19.000	Working	0	2	0	2	0	0	0	0	0	0	0	0	2	0
132005801214021	132005801	2018-08-05		3			0	3	0	0	0	11.67	1	19.000	Working	0	3	0	3	0	0	0	0	0	0	0	0	3	0
132005801214022	132005801	2018-08-05		4			2	2	0	0	0	11.67	2	19.000	Working	0	7	0	6	0	2	0	1	0	0	0	0	4	1
132005801214161	132005801	2018-08-19		0			0	0	0	0	0	11.78	1	19.000	Working	0	0	0	0	0	0	0	0	0	0	0	0	0	0
132005801214162	132005801	2018-08-19		0			0	0	0	0	0	11.78	2	19.000	Working	0	0	0	0	0	0	0	0	0	0	0	0	0	0
132005801214301	132005801	2018-09-02	1	0	1	0	0	0	0	0	0	12.12	1	19.000	Working	0	0	0	0	0	0	0	0	0	0	0	0	0	0
132005801214302	132005801	2018-09-02		4			0	4	0	0	0	12.12	2	19.000	Working	0	4	0	4	0	0	0	0	0	0	0	0	4	0
132005801214441	132005801	2018-09-16	4	0	4	0	0	0	0	0	0	12.20	1	19.000	Working	0	0	0	0	0	0	0	0	0	0	0	0	0	0
132005801214442	132005801	2018-09-16		6			1	5	0	0	0	12.20	2	19.000	Working	0	6	0	6	0	0	0	0	0	0	0	0	6	0
132005801214581	132005801	2018-09-30		0			0	0	0	0	0	12.60	1	19.000	Working	0	0	0	0	0	0	0	0	0	0	0	0	0	0
132005801214582	132005801	2018-09-30		0			0	0	0	0	0	12.60	2	19.000	Working	0	1	0	0	0	0	1	1	0	0	0	0	0	0
132005801214721	132005801	2018-10-14		3			0	3	0	0	0	12.02	1	19.000	Working	0	3	0	3	0	0	0	0	0	0	0	0	3	0
132005801214722	132005801	2018-10-14		0			0	0	0	0	0	12.02	2	19.000	Working	0	0	0	0	0	0	0	0	0	0	0	0	0	0
132005801214861	132005801	2018-10-28		0			0	0	0	0	0	12.20	1	19.000	Working	0	0	0	0	0	0	0	0	0	0	0	0	0	0
132005801214862	132005801	2018-10-28		5			2	3	0	1	0	12.20	2	19.000	Working	0	6	0	6	0	0	0	0	0	0	0	0	5	0
132005801215001	132005801	2018-11-11	1	1	1	0	0	1	0	0	0	12.43	1	19.000	Working	0	1	0	1	0	0	0	0	0	0	0	0	1	0
132005801215002	132005801	2018-11-11		6			2	4	0	0	0	12.43	2	19.000	Working	0	6	0	6	0	0	0	0	0	0	0	0	6	0
132005801215141	132005801	2018-11-25	1	1	1	0	0	1	0	0	0	11.90	1	19.000	Working	0	1	0	1	0	0	0	0	0	0	0	0	1	0
132005801215142	132005801	2018-11-25		0			0	0	0	0	0	11.90	2	19.000	Working	0	0	0	0	0	0	0	0	0	0	0	0	0	0
132005801215281	132005801	2018-12-09		0			0	0	0	0	0	12.58	1	19.000	Working	0	0	0	0	0	0	0	0	0	0	0	0	0	0
132005801215282	132005801	2018-12-09		0			0	0	0	0	0	12.58	2	19.000	Working	0	0	0	0	0	0	0	0	0	0	0	0	0	0
132005801215411	132005801	2018-12-22		0			0	0	0	0	0	12.07	1	19.000	Working	0	0	0	0	0	0	0	0	0	0	0	0	0	0
132005801215412	132005801	2018-12-22		0			0	0	0	0	0	12.07	2	19.000	Working	0	0	0	0	0	0	0	0	0	0	0	0	0	0
132005801215561	132005801	2019-01-06		0			0	0	0	0	0	11.72	1	19.000	Working	0	0	0	0	0	0	0	0	0	0	0	0	0	0
132005801215562	132005801	2019-01-06		0			0	0	0	0	0	11.72	2	19.000	Working	0	0	0	0	0	0	0	0	0	0	0	0	0	0
132005801215701	132005801	2019-01-20		0			0	0	0	0	0	12.23	1	19.000	Working	0	0	0	0	0	0	0	0	0	0	0	0	0	0
132005801215702	132005801	2019-01-20		0			0	0	0	0	0	12.23	2	19.000	Working	0	0	0	0	0	0	0	0	0	0	0	0	0	0
132005801215841	132005801	2019-02-03		0			0	0	0	0	0	13.37	1	19.000	Working	0	0	0	0	0	0	0	0	0	0	0	0	0	0
132005801215842	132005801	2019-02-03		0			0	0	0	0	0	13.37	2	19.000	Working	0	0	0	0	0	0	0	0	0	0	0	0	0	0
132005801215981	132005801	2019-02-17		0			0	0	0	0	0	12.07	1	19.000	Working	0	0	0	0	0	0	0	0	0	0	0	0	0	0
132005801215982	132005801	2019-02-17		0			0	0	0	0	0	12.07	2	19.000	Working	0	0	0	0	0	0	0	0	0	0	0	0	0	0
132005801216121	132005801	2019-03-03		0			0	0	0	0	0	13.47	1	19.000	Working	0	0	0	0	0	0	0	0	0	0	0	0	0	0
132005801216122	132005801	2019-03-03		0			0	0	0	0	0	13.47	2	19.000	Working	0	0	0	0	0	0	0	0	0	0	0	0	0	0
132005801216261	132005801	2019-03-17		0			0	0	0	0	0	12.62	1	19.000	Working	0	0	0	0	0	0	0	0	0	0	0	0	0	0
132005801216262	132005801	2019-03-17		0			0	0	0	0	0	12.62	2	19.000	Working	0	0	0	0	0	0	0	0	0	0	0	0	0	0
132005801216401	132005801	2019-03-31		0			0	0	0	0	0	11.85	1	19.000	Working	0	0	0	0	0	0	0	0	0	0	0	0	0	0
132005801216402	132005801	2019-03-31		0			0	0	0	0	0	11.85	2	19.000	Working	0	0	0	0	0	0	0	0	0	0	0	0	0	0
132005801216541	132005801	2019-04-14		0			0	0	0	0	0	13.77	1	19.000	Working	0	0	0	0	0	0	0	0	0	0	0	0	0	0
132005801216542	132005801	2019-04-14		0			0	0	0	0	0	13.77	2	19.000	Working	0	0	0	0	0	0	0	0	0	0	0	0	0	0
132005801216681	132005801	2019-04-28		0			0	0	0	0	0	13.70	1	19.000	Working	0	0	0	0	0	0	0	0	0	0	0	0	0	0
132005801216682	132005801	2019-04-28		0			0	0	0	0	0	13.70	2	19.000	Working	0	0	0	0	0	0	0	0	0	0	0	0	0	0
132005801216821	132005801	2019-05-12		0			0	0	0	0	0	13.55	1	19.000	Working	0	0	0	0	0	0	0	0	0	0	0	0	0	0
132005801216822	132005801	2019-05-12		1			0	1	0	0	0	13.55	2	19.000	Working	0	2	0	2	0	1	0	0	0	0	0	0	1	0
132005801216961	132005801	2019-05-26		2			0	2	0	0	0	12.05	1	19.000	Working	0	3	0	3	0	1	0	0	0	0	0	0	2	0
132005801216962	132005801	2019-05-26		0			0	0	0	0	0	12.05	2	19.000	Working	0	0	0	0	0	0	0	0	0	0	0	0	0	0
132005801217101	132005801	2019-06-09	3	6	3	0	4	2	0	0	0	11.73	1	19.000	Working	0	7	0	7	0	1	0	0	0	0	0	0	6	0
132005801217102	132005801	2019-06-09		27			18	9	0	0	0	11.73	2	19.000	Working	0	35	0	35	0	3	0	0	0	5	0	0	27	0
132005801217241	132005801	2019-06-23	2	17	2	0	7	10	0	0	0	12.53	1	19.000	Working	0	17	0	17	0	0	0	0	0	0	0	0	17	0
132005801217242	132005801	2019-06-23		14			8	6	0	0	0	12.53	2	19.000	Working	0	16	0	16	0	2	0	0	0	0	0	0	14	0
132005801217381	132005801	2019-07-07	1	10	1	0	7	3	0	0	0	12.03	1	19.000	Working	0	16	0	14	0	2	0	2	0	2	0	0	10	2
132005801217382	132005801	2019-07-07		19			7	12	0	3	0	12.03	2	19.000	Working	0	24	0	22	0	1	0	2	0	1	0	0	17	2
132005801217521	132005801	2019-07-21	1	2	1	0	1	1	0	0	0	13.33	1	19.000	Working	0	2	0	2	0	0	0	0	0	0	0	0	2	0
132005801217522	132005801	2019-07-21		5			2	3	0	0	0	13.33	2	19.000	Working	0	6	0	6	0	1	0	0	0	0	0	0	5	0
132005801217661	132005801	2019-08-04	1	0	1	0	0	0	0	0	0	13.72	1	19.000	Working	0	0	0	0	0	0	0	0	0	0	0	0	0	0
132005801217662	132005801	2019-08-04		5			2	3	0	0	0	13.72	2	19.000	Working	0	6	0	6	0	1	0	0	0	0	0	0	5	0
132005801217801	132005801	2019-08-18	2	0	2	0	0	0	0	0	0	12.18	1	19.000	Working	0	0	0	0	0	0	0	0	0	0	0	0	0	0
132005801217802	132005801	2019-08-18		3			1	2	0	0	0	12.18	2	19.000	Working	0	10	0	5	0	0	0	5	0	0	5	0	5	0
132005801217941	132005801	2019-09-01	1	2	1	0	0	2	0	0	0	12.02	1	19.000	Working	0	3	0	2	0	0	0	1	0	0	1	0	2	0
132005801217942	132005801	2019-09-01		0			0	0	0	0	0	12.02	2	19.000	Working	0	0	0	0	0	0	0	0	0	0	0	0	0	0
132005801218081	132005801	2019-09-15		0			0	0	0	0	0	13.40	1	19.000	Working	0	0	0	0	0	0	0	0	0	0	0	0	0	0
132005801218082	132005801	2019-09-15		2			0	2	0	0	0	13.40	2	19.000	Working	0	2	0	2	0	0	0	0	0	0	0	0	2	0
132005801218221	132005801	2019-09-29	2	0	2	0	0	0	0	0	0	11.73	1	19.000	Working	0	0	0	0	0	0	0	0	0	0	0	0	0	0
132005801218222	132005801	2019-09-29		11			3	8	0	0	0	11.73	2	19.000	Working	0	11	0	11	0	0	0	0	0	0	0	0	11	0
132005801218361	132005801	2019-10-13	2	2	2	0	2	0	0	3	0	12.12	1	19.000	Working	0	5	0	5	0	0	0	0	0	0	0	0	2	0
132005801218362	132005801	2019-10-13		11			7	4	0	0	0	12.12	2	19.000	Working	0	11	0	11	0	0	0	0	0	0	0	0	11	0
132006001211321	132006001	2017-11-13		1			1	0	0	0	0	11.70	1	19.000	Working	0	2	0	2	0	1	0	0	0	0	0	0	1	0
132006001211322	132006001	2017-11-13		0			0	0	0	0	0	11.70	2	19.000	Working	0	0	0	0	0	0	0	0	0	0	0	0	0	0
132006001211471	132006001	2017-11-28		1			0	1	0	0	0	12.22	1	19.000	Working	0	2	0	1	0	0	0	1	0	0	0	0	1	1
132006001211472	132006001	2017-11-28		0			0	0	0	0	1	12.22	2	19.000	Working	0	1	0	0	0	0	0	1	0	0	0	0	0	0
132006001211641	132006001	2017-12-15		0			0	0	0	0	0	12.03	1	19.000	Working	0	0	0	0	0	0	0	0	0	0	0	0	0	0
132006001211642	132006001	2017-12-15		0			0	0	0	0	0	12.03	2	19.000	Working	0	0	0	0	0	0	0	0	0	0	0	0	0	0
132006001211751	132006001	2017-12-26		0			0	0	0	0	0	12.45	1	19.000	Working	0	0	0	0	0	0	0	0	0	0	0	0	0	0
132006001211752	132006001	2017-12-26		0			0	0	0	0	0	12.45	2	19.000	Working	0	0	0	0	0	0	0	0	0	0	0	0	0	0
132006001211921	132006001	2018-01-12		0			0	0	0	0	0	12.53	1	19.000	Working	0	0	0	0	0	0	0	0	0	0	0	0	0	0
132006001211922	132006001	2018-01-12		0			0	0	0	0	0	12.53	2	19.000	Working	0	0	0	0	0	0	0	0	0	0	0	0	0	0
132006001212061	132006001	2018-01-26		0			0	0	0	0	0	12.50	1	19.000	Working	0	0	0	0	0	0	0	0	0	0	0	0	0	0
132006001212062	132006001	2018-01-26		0			0	0	0	0	0	12.50	2	19.000	Working	0	0	0	0	0	0	0	0	0	0	0	0	0	0
132006001212201	132006001	2018-02-09		0			0	0	0	0	0	12.17	1	19.000	Working	0	0	0	0	0	0	0	0	0	0	0	0	0	0
132006001212202	132006001	2018-02-09		0			0	0	0	0	0	12.17	2	19.000	Working	0	0	0	0	0	0	0	0	0	0	0	0	0	0
132006001212341	132006001	2018-02-23		0			0	0	0	0	0	11.83	1	19.000	Working	0	0	0	0	0	0	0	0	0	0	0	0	0	0
132006001212342	132006001	2018-02-23		0			0	0	0	0	0	11.83	2	19.000	Working	0	0	0	0	0	0	0	0	0	0	0	0	0	0
132006001212481	132006001	2018-03-09		0			0	0	0	0	0	12.08	1	19.000	Working	0	0	0	0	0	0	0	0	0	0	0	0	0	0
132006001212482	132006001	2018-03-09		0			0	0	0	0	0	12.08	2	19.000	Working	0	0	0	0	0	0	0	0	0	0	0	0	0	0
132006001212621	132006001	2018-03-23		0			0	0	0	0	0	12.00	1	19.000	Working	0	0	0	0	0	0	0	0	0	0	0	0	0	0
132006001212622	132006001	2018-03-23		0			0	0	0	0	0	12.00	2	19.000	Working	0	0	0	0	0	0	0	0	0	0	0	0	0	0
132006001212761	132006001	2018-04-06		0			0	0	0	0	0	11.93	1	19.000	Working	0	0	0	0	0	0	0	0	0	0	0	0	0	0
132006001212762	132006001	2018-04-06		0			0	0	0	0	0	11.93	2	19.000	Working	0	0	0	0	0	0	0	0	0	0	0	0	0	0
132006001212901	132006001	2018-04-20		1			0	1	0	0	0	13.78	1	19.000	Working	0	1	0	1	0	0	0	0	0	0	0	0	1	0
132006001212902	132006001	2018-04-20		0			0	0	0	0	0	13.78	2	19.000	Working	0	0	0	0	0	0	0	0	0	0	0	0	0	0
132006001213041	132006001	2018-05-04	1	9	1	0	3	6	0	0	0	12.47	1	19.000	Working	0	10	0	9	0	0	0	1	0	0	0	0	9	1
132006001213042	132006001	2018-05-04		3			2	1	0	1	0	12.47	2	19.000	Working	0	4	0	4	0	0	0	0	0	0	0	0	3	0
132006001213191	132006001	2018-05-19		6			2	4	0	0	0	11.83	1	19.000	Working	0	6	0	6	0	0	0	0	0	0	0	0	6	0
132006001213192	132006001	2018-05-19		8			3	5	0	0	0	11.83	2	19.000	Working	0	8	0	8	0	0	0	0	0	0	0	0	8	0
132006001213321	132006001	2018-06-01		11			3	8	0	0	0	12.37	1	19.000	Working	0	14	0	13	0	2	0	1	0	0	0	0	11	1
132006001213322	132006001	2018-06-01		0			0	0	0	1	0	12.37	2	19.000	Working	0	3	0	3	0	2	0	0	0	0	0	0	0	0
132006001213461	132006001	2018-06-15		4			0	4	0	0	0	12.03	1	19.000	Working	0	5	0	5	0	1	0	0	0	0	0	0	4	0
132006001213462	132006001	2018-06-15		0			0	0	0	0	0	12.03	2	19.000	Working	0	0	0	0	0	0	0	0	0	0	0	0	0	0
132006001213601	132006001	2018-06-29		0			0	0	0	0	0	12.43	1	19.000	Working	0	0	0	0	0	0	0	0	0	0	0	0	0	0
132006001213602	132006001	2018-06-29		1			0	1	0	1	0	12.43	2	19.000	Working	0	2	0	2	0	0	0	0	0	0	0	0	1	0
132006001213741	132006001	2018-07-13		2			0	2	0	0	0	13.83	1	19.000	Working	0	6	0	3	0	1	0	3	0	0	1	0	2	2
132006001213742	132006001	2018-07-13		0			0	0	0	0	0	13.83	2	19.000	Working	0	1	0	0	0	0	1	1	0	0	0	0	0	0
132006001213881	132006001	2018-07-27		0			0	0	0	0	0	13.33	1	19.000	Working	0	0	0	0	0	0	0	0	0	0	0	0	0	0
132006001213882	132006001	2018-07-27		0			0	0	0	0	0	13.33	2	19.000	Working	0	1	0	0	0	0	0	1	0	0	0	0	0	1
132006001214021	132006001	2018-08-10		3			2	1	0	0	0	11.82	1	19.000	Working	0	3	0	3	0	0	0	0	0	0	0	0	3	0
132006001214022	132006001	2018-08-10		0			0	0	0	0	0	11.82	2	19.000	Working	0	0	0	0	0	0	0	0	0	0	0	0	0	0
132006001214161	132006001	2018-08-24		0			0	0	0	0	0	11.87	1	19.000	Working	0	1	0	0	0	0	0	1	0	0	0	0	0	1
132006001214162	132006001	2018-08-24		0			0	0	0	0	0	11.87	2	19.000	Working	0	0	0	0	0	0	0	0	0	0	0	0	0	0
132006001214301	132006001	2018-09-07	3	1	3	0	0	1	0	0	0	12.17	1	19.000	Working	0	1	0	1	0	0	0	0	0	0	0	0	1	0
132006001214302	132006001	2018-09-07		5			2	3	0	0	0	12.17	2	19.000	Working	0	6	0	6	0	1	0	0	0	0	0	0	5	0
132006001214441	132006001	2018-09-21		0			0	0	0	0	0	11.83	1	19.000	Working	0	0	0	0	0	0	0	0	0	0	0	0	0	0
132006001214442	132006001	2018-09-21		0			0	0	0	0	0	11.83	2	19.000	Working	0	3	0	0	0	0	0	3	0	0	0	0	0	3
132006001214581	132006001	2018-10-05		0			0	0	0	0	0	12.20	1	19.000	Working	0	0	0	0	0	0	0	0	0	0	0	0	0	0
132006001214582	132006001	2018-10-05		0			0	0	0	0	0	12.20	2	19.000	Working	0	0	0	0	0	0	0	0	0	0	0	0	0	0
132006001214721	132006001	2018-10-19		0			0	0	0	0	0	12.20	1	19.000	Working	0	0	0	0	0	0	0	0	0	0	0	0	0	0
132006001214722	132006001	2018-10-19		0			0	0	0	0	0	12.20	2	19.000	Working	0	0	0	0	0	0	0	0	0	0	0	0	0	0
132006001214861	132006001	2018-11-02		0			0	0	0	0	0	12.25	1	19.000	Working	0	0	0	0	0	0	0	0	0	0	0	0	0	0
132006001214862	132006001	2018-11-02		3			0	3	0	1	0	12.25	2	19.000	Working	0	4	0	4	0	0	0	0	0	0	0	0	3	0
132006001215001	132006001	2018-11-16		0			0	0	0	0	0	13.33	1	19.000	Working	0	0	0	0	0	0	0	0	0	0	0	0	0	0
132006001215002	132006001	2018-11-16		0			0	0	0	0	0	13.33	2	19.000	Working	0	0	0	0	0	0	0	0	0	0	0	0	0	0
132006001215141	132006001	2018-11-30		0			0	0	0	0	0	12.03	1	19.000	Working	0	0	0	0	0	0	0	0	0	0	0	0	0	0
132006001215142	132006001	2018-11-30		0			0	0	0	0	0	12.03	2	19.000	Working	0	0	0	0	0	0	0	0	0	0	0	0	0	0
132006001215281	132006001	2018-12-14		0			0	0	0	0	0	12.65	1	19.000	Working	0	0	0	0	0	0	0	0	0	0	0	0	0	0
132006001215282	132006001	2018-12-14		0			0	0	0	0	0	12.65	2	19.000	Working	0	0	0	0	0	0	0	0	0	0	0	0	0	0
132006001215411	132006001	2018-12-27		0			0	0	0	0	0	12.28	1	19.000	Working	0	0	0	0	0	0	0	0	0	0	0	0	0	0
132006001215412	132006001	2018-12-27		0			0	0	0	0	0	12.28	2	19.000	Working	0	0	0	0	0	0	0	0	0	0	0	0	0	0
132006001215561	132006001	2019-01-11		0			0	0	0	0	0	11.83	1	19.000	Working	0	0	0	0	0	0	0	0	0	0	0	0	0	0
132006001215562	132006001	2019-01-11		0			0	0	0	0	0	11.83	2	19.000	Working	0	0	0	0	0	0	0	0	0	0	0	0	0	0
132006001215701	132006001	2019-01-25		0			0	0	0	0	0	12.32	1	19.000	Working	0	0	0	0	0	0	0	0	0	0	0	0	0	0
132006001215702	132006001	2019-01-25		0			0	0	0	0	0	12.32	2	19.000	Working	0	0	0	0	0	0	0	0	0	0	0	0	0	0
132006001215841	132006001	2019-02-08		0			0	0	0	0	0	13.43	1	19.000	Working	0	0	0	0	0	0	0	0	0	0	0	0	0	0
132006001215842	132006001	2019-02-08		0			0	0	0	0	0	13.43	2	19.000	Working	0	0	0	0	0	0	0	0	0	0	0	0	0	0
132006001215981	132006001	2019-02-22		0			0	0	0	0	0	11.85	1	19.000	Working	0	0	0	0	0	0	0	0	0	0	0	0	0	0
132006001215982	132006001	2019-02-22		0			0	0	0	0	0	11.85	2	19.000	Working	0	0	0	0	0	0	0	0	0	0	0	0	0	0
132006001216121	132006001	2019-03-08		0			0	0	0	0	0	13.57	1	19.000	Working	0	0	0	0	0	0	0	0	0	0	0	0	0	0
132006001216122	132006001	2019-03-08		0			0	0	0	0	0	13.57	2	19.000	Working	0	0	0	0	0	0	0	0	0	0	0	0	0	0
132006001216261	132006001	2019-03-22		0			0	0	0	0	0	13.37	1	19.000	Working	0	0	0	0	0	0	0	0	0	0	0	0	0	0
132006001216262	132006001	2019-03-22		0			0	0	0	0	0	13.37	2	19.000	Working	0	0	0	0	0	0	0	0	0	0	0	0	0	0
132006001216401	132006001	2019-04-05		0			0	0	0	0	0	12.03	1	19.000	Working	0	0	0	0	0	0	0	0	0	0	0	0	0	0
132006001216402	132006001	2019-04-05		0			0	0	0	0	0	12.03	2	19.000	Working	0	0	0	0	0	0	0	0	0	0	0	0	0	0
132006001216541	132006001	2019-04-19		0			0	0	0	0	0	13.90	1	19.000	Working	0	0	0	0	0	0	0	0	0	0	0	0	0	0
132006001216542	132006001	2019-04-19		0			0	0	0	0	0	13.90	2	19.000	Working	0	0	0	0	0	0	0	0	0	0	0	0	0	0
132006001216681	132006001	2019-05-03		0			0	0	0	0	0	13.85	1	19.000	Working	0	0	0	0	0	0	0	0	0	0	0	0	0	0
132006001216682	132006001	2019-05-03		0			0	0	0	0	0	13.85	2	19.000	Working	0	0	0	0	0	0	0	0	0	0	0	0	0	0
132006001216821	132006001	2019-05-17		0			0	0	0	0	0	13.78	1	19.000	Working	0	0	0	0	0	0	0	0	0	0	0	0	0	0
132006001216822	132006001	2019-05-17		0			0	0	0	0	0	13.78	2	19.000	Working	0	0	0	0	0	0	0	0	0	0	0	0	0	0
132006001216961	132006001	2019-05-31		0			0	0	0	0	0	11.83	1	19.000	Working	0	0	0	0	0	0	0	0	0	0	0	0	0	0
132006001216962	132006001	2019-05-31		0			0	0	0	0	0	11.83	2	19.000	Working	0	0	0	0	0	0	0	0	0	0	0	0	0	0
132006001217101	132006001	2019-06-14		11			7	4	0	0	0	11.92	1	19.000	Working	0	18	0	16	0	1	2	2	0	4	0	0	11	0
132006001217241	132006001	2019-06-28		31			9	22	0	0	0	11.87	1	19.000	Working	0	36	0	36	0	5	0	0	0	0	0	0	31	0
132006001217242	132006001	2019-06-28		4			1	3	0	0	0	11.87	2	19.000	Working	0	6	0	6	0	2	0	0	0	0	0	0	4	0
132006001217381	132006001	2019-07-12		14			8	6	0	0	0	12.30	1	19.000	Working	0	16	0	16	0	2	0	0	0	0	0	0	14	0
132006001217382	132006001	2019-07-12		17			11	6	0	0	0	12.30	2	19.000	Working	0	20	0	20	0	3	0	0	0	0	0	0	17	0
132006001217521	132006001	2019-07-26		0			0	0	0	0	0	13.72	1	19.000	Working	0	0	0	0	0	0	0	0	0	0	0	0	0	0
132006001217522	132006001	2019-07-26		1			0	1	0	0	0	13.72	2	19.000	Working	0	1	0	1	0	0	0	0	0	0	0	0	1	0
132006001217661	132006001	2019-08-09		3			2	1	0	0	0	13.78	1	19.000	Working	0	3	0	3	0	0	0	0	0	0	0	0	3	0
132006001217662	132006001	2019-08-09		0			0	0	0	0	0	13.78	2	19.000	Working	0	0	0	0	0	0	0	0	0	0	0	0	0	0
132006001217801	132006001	2019-08-23		0			0	0	0	0	0	11.95	1	19.000	Working	0	0	0	0	0	0	0	0	0	0	0	0	0	0
132006001217802	132006001	2019-08-23		1			1	0	0	0	0	11.95	2	19.000	Working	0	1	0	1	0	0	0	0	0	0	0	0	1	0
132006001217941	132006001	2019-09-06		3			2	1	0	0	0	11.73	1	19.000	Working	0	3	0	3	0	0	0	0	0	0	0	0	3	0
132006001217942	132006001	2019-09-06		0			0	0	0	0	0	11.73	2	19.000	Working	0	0	0	0	0	0	0	0	0	0	0	0	0	0
132006001218081	132006001	2019-09-20		0			0	0	0	0	0	12.00	1	19.000	Working	0	0	0	0	0	0	0	0	0	0	0	0	0	0
132006001218082	132006001	2019-09-20		0			0	0	0	0	0	12.00	2	19.000	Working	0	0	0	0	0	0	0	0	0	0	0	0	0	0
132006001218221	132006001	2019-10-04		0			0	0	0	0	0	12.40	1	19.000	Working	0	0	0	0	0	0	0	0	0	0	0	0	0	0
132006001218222	132006001	2019-10-04		0			0	0	0	0	0	12.40	2	19.000	Working	0	0	0	0	0	0	0	0	0	0	0	0	0	0
132006001218361	132006001	2019-10-18	2	1	2	0	1	0	0	0	0	12.30	1	19.000	Working	0	1	0	1	0	0	0	0	0	0	0	0	1	0
132006001218362	132006001	2019-10-18		0			0	0	0	0	0	12.30	2	19.000	Working	0	1	0	1	0	1	0	0	0	0	0	0	0	0
134001001211311	134001001	2017-11-02		1			0	1	0	0	0	10.85	1	19.000	Working	0	1	0	1	0	0	0	0	0	0	0	0	1	0
134001001211312	134001001	2017-11-02		1			1	0	0	0	0	10.85	2	19.000	Working	0	1	0	1	0	0	0	0	0	0	0	0	1	0
134001001211461	134001001	2017-11-17		0			0	0	0	0	0	13.52	1	19.000	Working	0	0	0	0	0	0	0	0	0	0	0	0	0	0
134001001211462	134001001	2017-11-17		0			0	0	0	0	0	13.52	2	19.000	Working	0	0	0	0	0	0	0	0	0	0	0	0	0	0
134001001211601	134001001	2017-12-01		0			0	0	0	0	0	12.13	1	19.000	Working	0	0	0	0	0	0	0	0	0	0	0	0	0	0
134001001211602	134001001	2017-12-01		0			0	0	0	0	0	12.13	2	19.000	Working	0	0	0	0	0	0	0	0	0	0	0	0	0	0
134001001211741	134001001	2017-12-15	1	1	1	0	1	0	0	0	0	12.17	1	19.000	Working	0	1	0	1	0	0	0	0	0	0	0	0	1	0
134001001211742	134001001	2017-12-15		0			0	0	0	0	0	12.17	2	19.000	Working	0	1	0	1	0	1	0	0	0	0	0	0	0	0
134001001211891	134001001	2017-12-30		0			0	0	0	0	0	13.48	1	19.000	Working	0	0	0	0	0	0	0	0	0	0	0	0	0	0
134001001211892	134001001	2017-12-30		0			0	0	0	0	0	13.48	2	19.000	Working	0	0	0	0	0	0	0	0	0	0	0	0	0	0
134001001212031	134001001	2018-01-13		0			0	0	0	0	0	13.75	1	19.000	Working	0	0	0	0	0	0	0	0	0	0	0	0	0	0
134001001212032	134001001	2018-01-13		0			0	0	0	0	0	13.75	2	19.000	Working	0	0	0	0	0	0	0	0	0	0	0	0	0	0
134001001212161	134001001	2018-01-26		0			0	0	0	0	0	11.83	1	19.000	Working	0	0	0	0	0	0	0	0	0	0	0	0	0	0
134001001212162	134001001	2018-01-26		0			0	0	0	0	0	11.83	2	19.000	Working	0	0	0	0	0	0	0	0	0	0	0	0	0	0
134001001212301	134001001	2018-02-09		0			0	0	0	0	0	11.83	1	19.000	Working	0	0	0	0	0	0	0	0	0	0	0	0	0	0
134001001212302	134001001	2018-02-09		0			0	0	0	0	0	11.83	2	19.000	Working	0	0	0	0	0	0	0	0	0	0	0	0	0	0
134001001212441	134001001	2018-02-23		0			0	0	0	0	0	11.78	1	19.000	Working	0	0	0	0	0	0	0	0	0	0	0	0	0	0
134001001212442	134001001	2018-02-23		0			0	0	0	0	0	11.78	2	19.000	Working	0	0	0	0	0	0	0	0	0	0	0	0	0	0
134001001212581	134001001	2018-03-09		0			0	0	0	0	0	13.48	1	19.000	Working	0	0	0	0	0	0	0	0	0	0	0	0	0	0
134001001212582	134001001	2018-03-09		0			0	0	0	0	0	13.48	2	19.000	Working	0	0	0	0	0	0	0	0	0	0	0	0	0	0
134001001212721	134001001	2018-03-23		0			0	0	0	0	0	11.70	1	19.000	Working	0	0	0	0	0	0	0	0	0	0	0	0	0	0
134001001212722	134001001	2018-03-23		0			0	0	0	0	0	11.70	2	19.000	Working	0	0	0	0	0	0	0	0	0	0	0	0	0	0
134001001212861	134001001	2018-04-06		1			0	1	0	2	0	12.45	1	19.000	Working	0	3	0	3	0	0	0	0	0	0	0	0	1	0
134001001212862	134001001	2018-04-06		1			0	1	0	0	0	12.45	2	19.000	Working	0	1	0	1	0	0	0	0	0	0	0	0	1	0
134001001213001	134001001	2018-04-20		0			0	0	0	0	0	12.15	1	19.000	Working	0	0	0	0	0	0	0	0	0	0	0	0	0	0
134001001213002	134001001	2018-04-20		0			0	0	0	0	0	12.15	2	19.000	Working	0	0	0	0	0	0	0	0	0	0	0	0	0	0
134001001213141	134001001	2018-05-04		5			0	5	0	4	0	15.00	1	19.000	Working	0	14	0	14	0	5	0	0	0	0	0	0	5	0
134001001213142	134001001	2018-05-04		8			5	3	0	0	0	15.00	2	19.000	Working	0	10	0	10	0	2	0	0	0	0	0	0	8	0
134001001213281	134001001	2018-05-18	1	13	1	0	4	9	0	0	0	13.90	1	19.000	Working	0	13	0	13	0	0	0	0	0	0	0	0	13	0
134001001213282	134001001	2018-05-18		3			1	2	0	1	0	13.90	2	19.000	Working	0	4	0	4	0	0	0	0	0	0	0	0	3	0
134001001213421	134001001	2018-06-01		3			0	3	0	0	0	11.70	1	19.000	Working	0	5	0	5	0	1	0	0	0	1	0	0	3	0
134001001213422	134001001	2018-06-01		0			0	0	0	0	0	11.70	2	19.000	Working	0	0	0	0	0	0	0	0	0	0	0	0	0	0
134001001213561	134001001	2018-06-15		0			0	0	0	0	0	13.45	1	19.000	Working	0	1	0	1	0	1	0	0	0	0	0	0	0	0
134001001213562	134001001	2018-06-15		0			0	0	0	0	0	13.45	2	19.000	Working	0	0	0	0	0	0	0	0	0	0	0	0	0	0
134001001213701	134001001	2018-06-29		0			0	0	0	0	0	13.82	1	19.000	Working	0	0	0	0	0	0	0	0	0	0	0	0	0	0
134001001213702	134001001	2018-06-29		0			0	0	0	0	0	13.82	2	19.000	Working	0	0	0	0	0	0	0	0	0	0	0	0	0	0
134001001213841	134001001	2018-07-13		0			0	0	0	0	0	11.70	1	19.000	Working	0	0	0	0	0	0	0	0	0	0	0	0	0	0
134001001213842	134001001	2018-07-13		0			0	0	0	0	0	11.70	2	19.000	Working	0	0	0	0	0	0	0	0	0	0	0	0	0	0
134001001213981	134001001	2018-07-27		0			0	0	0	0	0	13.60	1	19.000	Working	0	0	0	0	0	0	0	0	0	0	0	0	0	0
134001001213982	134001001	2018-07-27		0			0	0	0	0	0	13.60	2	19.000	Working	0	0	0	0	0	0	0	0	0	0	0	0	0	0
134001001214121	134001001	2018-08-10		0			0	0	0	0	0	13.70	1	19.000	Working	0	0	0	0	0	0	0	0	0	0	0	0	0	0
134001001214122	134001001	2018-08-10		0			0	0	0	0	0	13.70	2	19.000	Working	0	0	0	0	0	0	0	0	0	0	0	0	0	0
134001001214261	134001001	2018-08-24		1			0	1	0	0	0	13.62	1	19.000	Working	0	1	0	1	0	0	0	0	0	0	0	0	1	0
134001001214262	134001001	2018-08-24		0			0	0	0	0	0	13.62	2	19.000	Working	0	0	0	0	0	0	0	0	0	0	0	0	0	0
134001001214401	134001001	2018-09-07	1	0	1	0	0	0	0	1	0	10.92	1	19.000	Working	0	1	0	1	0	0	0	0	0	0	0	0	0	0
134001001214402	134001001	2018-09-07		0			0	0	0	0	0	10.92	2	19.000	Working	0	0	0	0	0	0	0	0	0	0	0	0	0	0
134001001214561	134001001	2018-09-23		0			0	0	0	0	0	11.68	1	19.000	Working	0	0	0	0	0	0	0	0	0	0	0	0	0	0
134001001214562	134001001	2018-09-23		0			0	0	0	0	0	11.68	2	19.000	Working	0	1	0	1	0	1	0	0	0	0	0	0	0	0
134001001214681	134001001	2018-10-05		0			0	0	0	0	0	11.98	1	19.000	Working	0	0	0	0	0	0	0	0	0	0	0	0	0	0
134001001214682	134001001	2018-10-05		0			0	0	0	0	0	11.98	2	19.000	Working	0	0	0	0	0	0	0	0	0	0	0	0	0	0
134001001214821	134001001	2018-10-19		0			0	0	0	0	0	11.68	1	19.000	Working	0	0	0	0	0	0	0	0	0	0	0	0	0	0
134001001214822	134001001	2018-10-19		0			0	0	0	0	0	11.68	2	19.000	Working	0	0	0	0	0	0	0	0	0	0	0	0	0	0
134001001214961	134001001	2018-11-02		1			0	1	0	0	0	13.67	1	19.000	Working	0	3	0	3	0	1	0	0	0	1	0	0	1	0
134001001214962	134001001	2018-11-02		0			0	0	0	0	0	13.67	2	19.000	Working	0	0	0	0	0	0	0	0	0	0	0	0	0	0
134001001215101	134001001	2018-11-16		0			0	0	0	0	0	14.23	1	19.000	Working	0	0	0	0	0	0	0	0	0	0	0	0	0	0
134001001215102	134001001	2018-11-16		0			0	0	0	0	0	14.23	2	19.000	Working	0	0	0	0	0	0	0	0	0	0	0	0	0	0
134001001215241	134001001	2018-11-30		0			0	0	0	0	0	12.30	1	19.000	Working	0	0	0	0	0	0	0	0	0	0	0	0	0	0
134001001215242	134001001	2018-11-30		0			0	0	0	0	0	12.30	2	19.000	Working	0	0	0	0	0	0	0	0	0	0	0	0	0	0
134001001215381	134001001	2018-12-14		0			0	0	0	0	0	11.70	1	19.000	Working	0	0	0	0	0	0	0	0	0	0	0	0	0	0
134001001215382	134001001	2018-12-14		0			0	0	0	0	0	11.70	2	19.000	Working	0	0	0	0	0	0	0	0	0	0	0	0	0	0
134001001215531	134001001	2018-12-29	1	0	1	0	0	0	0	0	0	11.75	1	19.000	Working	0	0	0	0	0	0	0	0	0	0	0	0	0	0
134001001215532	134001001	2018-12-29		1			0	1	0	0	0	11.75	2	19.000	Working	0	1	0	1	0	0	0	0	0	0	0	0	1	0
134001001215661	134001001	2019-01-11		0			0	0	0	0	0	13.65	1	19.000	Working	0	0	0	0	0	0	0	0	0	0	0	0	0	0
134001001215662	134001001	2019-01-11		0			0	0	0	0	0	13.65	2	19.000	Working	0	0	0	0	0	0	0	0	0	0	0	0	0	0
134001001215801	134001001	2019-01-25		0			0	0	0	0	0	13.60	1	19.000	Working	0	0	0	0	0	0	0	0	0	0	0	0	0	0
134001001215802	134001001	2019-01-25		0			0	0	0	0	0	13.60	2	19.000	Working	0	0	0	0	0	0	0	0	0	0	0	0	0	0
134001001215941	134001001	2019-02-08		0			0	0	0	0	0	10.93	1	19.000	Working	0	0	0	0	0	0	0	0	0	0	0	0	0	0
134001001215942	134001001	2019-02-08		0			0	0	0	0	0	10.93	2	19.000	Working	0	0	0	0	0	0	0	0	0	0	0	0	0	0
134001001216081	134001001	2019-02-22		0			0	0	0	0	0	13.53	1	19.000	Working	0	0	0	0	0	0	0	0	0	0	0	0	0	0
134001001216082	134001001	2019-02-22		0			0	0	0	0	0	13.53	2	19.000	Working	0	0	0	0	0	0	0	0	0	0	0	0	0	0
134001001216221	134001001	2019-03-08	1	0	1	0	0	0	0	0	0	11.67	1	19.000	Working	0	0	0	0	0	0	0	0	0	0	0	0	0	0
134001001216222	134001001	2019-03-08		1			0	1	0	0	0	11.67	2	19.000	Working	0	1	0	1	0	0	0	0	0	0	0	0	1	0
134001001216361	134001001	2019-03-22		0			0	0	0	0	0	12.15	1	19.000	Working	0	0	0	0	0	0	0	0	0	0	0	0	0	0
134001001216362	134001001	2019-03-22		0			0	0	0	0	0	12.15	2	19.000	Working	0	0	0	0	0	0	0	0	0	0	0	0	0	0
134001001216501	134001001	2019-04-05		0			0	0	0	0	0	13.53	1	19.000	Working	0	0	0	0	0	0	0	0	0	0	0	0	0	0
134001001216502	134001001	2019-04-05		0			0	0	0	0	0	13.53	2	19.000	Working	0	0	0	0	0	0	0	0	0	0	0	0	0	0
134001001216641	134001001	2019-04-19		0			0	0	0	0	0	11.67	1	19.000	Working	0	0	0	0	0	0	0	0	0	0	0	0	0	0
134001001216642	134001001	2019-04-19		0			0	0	0	0	0	11.67	2	19.000	Working	0	0	0	0	0	0	0	0	0	0	0	0	0	0
134001001216781	134001001	2019-05-03		0			0	0	0	0	0	13.58	1	19.000	Working	0	0	0	0	0	0	0	0	0	0	0	0	0	0
134001001216782	134001001	2019-05-03		0			0	0	0	0	0	13.58	2	19.000	Working	0	0	0	0	0	0	0	0	0	0	0	0	0	0
134001001216921	134001001	2019-05-17		0			0	0	0	0	0	13.60	1	19.000	Working	0	1	0	1	0	1	0	0	0	0	0	0	0	0
134001001216922	134001001	2019-05-17		0			0	0	0	0	0	13.60	2	19.000	Working	0	0	0	0	0	0	0	0	0	0	0	0	0	0
134001001217061	134001001	2019-05-31	1	6	1	0	1	5	0	3	0	13.77	1	19.000	Working	0	11	0	11	0	2	0	0	0	0	0	0	6	0
134001001217062	134001001	2019-05-31		11			3	8	0	0	0	13.77	2	19.000	Working	0	17	0	17	0	3	0	0	0	3	0	0	11	0
134001001217201	134001001	2019-06-14		9			4	5	0	0	0	13.72	1	19.000	Working	0	9	0	9	0	0	0	0	0	0	0	0	9	0
134001001217202	134001001	2019-06-14		8			1	7	0	0	0	13.72	2	19.000	Working	0	8	0	8	0	0	0	0	0	0	0	0	8	0
134001001217341	134001001	2019-06-28	2	4	2	0	2	2	0	0	0	13.63	1	19.000	Working	0	5	0	5	0	1	0	0	0	0	0	0	4	0
134001001217342	134001001	2019-06-28		26			19	7	0	8	0	13.63	2	19.000	Working	0	34	0	34	0	0	0	0	0	0	0	0	26	0
134001001217481	134001001	2019-07-12		4			1	3	0	0	0	13.80	1	19.000	Working	0	4	0	4	0	0	0	0	0	0	0	0	4	0
134001001217482	134001001	2019-07-12		9			4	5	0	0	0	13.80	2	19.000	Working	0	9	0	9	0	0	0	0	0	0	0	0	9	0
134001001217621	134001001	2019-07-26	1	3	1	0	0	3	0	0	0	13.72	1	19.000	Working	0	3	0	3	0	0	0	0	0	0	0	0	3	0
134001001217622	134001001	2019-07-26		3			1	2	0	0	0	13.72	2	19.000	Working	0	5	0	5	0	2	0	0	0	0	0	0	3	0
134001001217761	134001001	2019-08-09		0			0	0	0	0	0	11.70	1	19.000	Working	0	1	0	0	0	0	1	1	0	0	0	0	0	0
134001001217762	134001001	2019-08-09		0			0	0	0	0	0	11.70	2	19.000	Working	0	1	0	0	0	0	0	1	0	0	1	0	0	0
134001001217901	134001001	2019-08-23		0			0	0	0	0	0	13.88	1	19.000	Working	0	0	0	0	0	0	0	0	0	0	0	0	0	0
134001001217902	134001001	2019-08-23		0			0	0	0	0	0	13.88	2	19.000	Working	0	0	0	0	0	0	0	0	0	0	0	0	0	0
134001001218041	134001001	2019-09-06		0			0	0	0	0	0	13.78	1	19.000	Working	0	0	0	0	0	0	0	0	0	0	0	0	0	0
134001001218042	134001001	2019-09-06		0			0	0	0	0	0	13.78	2	19.000	Working	0	0	0	0	0	0	0	0	0	0	0	0	0	0
134001001218181	134001001	2019-09-20	2	0	2	0	0	0	0	0	0	14.08	1	19.000	Working	0	2	0	2	0	1	0	0	0	1	0	0	0	0
134001001218182	134001001	2019-09-20		0			0	0	0	0	0	14.08	2	19.000	Working	0	0	0	0	0	0	0	0	0	0	0	0	0	0
134001001218321	134001001	2019-10-04		2			0	2	0	0	0	13.95	1	19.000	Working	0	2	0	2	0	0	0	0	0	0	0	0	2	0
134001001218322	134001001	2019-10-04		0			0	0	0	0	0	13.95	2	19.000	Working	0	0	0	0	0	0	0	0	0	0	0	0	0	0
136002504211311	136002504	2017-11-05		0			0	0	0	0	0	11.75	1	19.000	Working	0	0	0	0	0	0	0	0	0	0	0	0	0	0
136002504211461	136002504	2017-11-20		0			0	0	0	0	0	13.82	1	19.000	Working	0	0	0	0	0	0	0	0	0	0	0	0	0	0
136002504211601	136002504	2017-12-04		0			0	0	0	0	0	12.65	1	19.000	Working	0	0	0	0	0	0	0	0	0	0	0	0	0	0
136002504211741	136002504	2017-12-18		0			0	0	0	0	0	12.15	1	19.000	Working	0	0	0	0	0	0	0	0	0	0	0	0	0	0
136002504211891	136002504	2018-01-02		0			0	0	0	0	0	13.67	1	19.000	Working	0	0	0	0	0	0	0	0	0	0	0	0	0	0
136002504212032	136002504	2018-01-16		0			0	0	0	0	0	12.03	2	19.000	Working	0	0	0	0	0	0	0	0	0	0	0	0	0	0
136002504212161	136002504	2018-01-29		0			0	0	0	0	0	11.67	1	19.000	Working	0	0	0	0	0	0	0	0	0	0	0	0	0	0
136002504212302	136002504	2018-02-12		0			0	0	0	0	0	12.08	2	19.000	Working	0	0	0	0	0	0	0	0	0	0	0	0	0	0
136002504212441	136002504	2018-02-26		0			0	0	0	0	0	12.33	1	19.000	Working	0	0	0	0	0	0	0	0	0	0	0	0	0	0
136002504212582	136002504	2018-03-12		0			0	0	0	0	0	11.87	2	19.000	Working	0	0	0	0	0	0	0	0	0	0	0	0	0	0
136002504212722	136002504	2018-03-26		0			0	0	0	0	0	11.95	2	19.000	Working	0	0	0	0	0	0	0	0	0	0	0	0	0	0
136002504212862	136002504	2018-04-09	1	8	1	0	2	6	0	0	0	13.37	2	19.000	Working	0	8	0	8	0	0	0	0	0	0	0	0	8	0
136002504213002	136002504	2018-04-23		0			0	0	0	0	0	12.50	2	19.000	Working	0	1	0	1	0	0	0	0	0	1	0	0	0	0
136002504213141	136002504	2018-05-07		9			9	0	0	0	0	12.50	1	19.000		0	9	0	9	0	0	0	0	0	0	0	0	9	0
136002504213142	136002504	2018-05-07										12.50	2	19.000	Working														
136002504213282	136002504	2018-05-21		1			1	0	0	0	0	12.02	2	19.000	Working	0	1	0	1	0	0	0	0	0	0	0	0	1	0
136002504213422	136002504	2018-06-04		4			3	1	0	0	0	12.32	2	19.000	Working	0	6	0	6	0	0	0	0	0	2	0	0	4	0
136002504213562	136002504	2018-06-18		0			0	0	0	0	0	11.73	2	19.000	Working	0	0	0	0	0	0	0	0	0	0	0	0	0	0
136002504213702	136002504	2018-07-02		0			0	0	0	0	0	11.92	2	19.000	Working	0	0	0	0	0	0	0	0	0	0	0	0	0	0
136002504213842	136002504	2018-07-16		0			0	0	0	0	0	12.12	2	19.000	Working	0	0	0	0	0	0	0	0	0	0	0	0	0	0
136002504213982	136002504	2018-07-30		0			0	0	0	0	0	11.72	2	19.000	Working	0	0	0	0	0	0	0	0	0	0	0	0	0	0
136002504214122	136002504	2018-08-13		0			0	0	0	0	0	11.70	2	19.000	Working	0	0	0	0	0	0	0	0	0	0	0	0	0	0
136002504214262	136002504	2018-08-27		0			0	0	0	0	0	11.68	2	19.000	Working	0	0	0	0	0	0	0	0	0	0	0	0	0	0
136002504214402	136002504	2018-09-10		2			0	2	0	0	0	11.85	2	19.000	Working	0	2	0	2	0	0	0	0	0	0	0	0	2	0
136002504214562	136002504	2018-09-26		0			0	0	0	0	0	11.95	2	19.000	Working	0	0	0	0	0	0	0	0	0	0	0	0	0	0
136002504214682	136002504	2018-10-08		0			0	0	0	0	0	12.17	2	19.000	Working	0	0	0	0	0	0	0	0	0	0	0	0	0	0
136002504214822	136002504	2018-10-22		0			0	0	0	0	0	12.02	2	19.000	Working	0	0	0	0	0	0	0	0	0	0	0	0	0	0
136002504214962	136002504	2018-11-05		1			0	1	0	1	0	11.92	2	19.000	Working	0	3	0	3	0	0	0	0	0	1	0	0	1	0
136002504215102	136002504	2018-11-19		0			0	0	0	0	0	11.83	2	19.000	Working	0	0	0	0	0	0	0	0	0	0	0	0	0	0
136002504215242	136002504	2018-12-03		0			0	0	0	0	0	11.83	2	19.000	Working	0	0	0	0	0	0	0	0	0	0	0	0	0	0
136002504215382	136002504	2018-12-17		0			0	0	0	0	0	12.00	2	19.000	Working	0	0	0	0	0	0	0	0	0	0	0	0	0	0
136002504215532	136002504	2019-01-01		0			0	0	0	0	0	11.88	2	19.000	Working	0	0	0	0	0	0	0	0	0	0	0	0	0	0
136002504215662	136002504	2019-01-14		0			0	0	0	0	0	13.77	2	19.000	Working	0	0	0	0	0	0	0	0	0	0	0	0	0	0
136002504215802	136002504	2019-01-28		0			0	0	0	0	0	11.90	2	19.000	Working	0	0	0	0	0	0	0	0	0	0	0	0	0	0
136002504215942	136002504	2019-02-11		0			0	0	0	0	0	11.93	2	19.000	Working	0	0	0	0	0	0	0	0	0	0	0	0	0	0
136002504216082	136002504	2019-02-25		0			0	0	0	0	0	13.73	2	19.000	Working	0	0	0	0	0	0	0	0	0	0	0	0	0	0
136002504216222	136002504	2019-03-11		0			0	0	0	0	0	12.22	2	19.000	Working	0	0	0	0	0	0	0	0	0	0	0	0	0	0
136002504216362	136002504	2019-03-25		0			0	0	0	0	0	12.63	2	19.000	Working	0	0	0	0	0	0	0	0	0	0	0	0	0	0
136002504216502	136002504	2019-04-08		0			0	0	0	0	0	12.40	2	19.000	Working	0	0	0	0	0	0	0	0	0	0	0	0	0	0
136002504216642	136002504	2019-04-22	2	3	2	0	0	3	0	0	0	12.05	2	19.000	Working	0	3	0	3	0	0	0	0	0	0	0	0	3	0
136002504216782	136002504	2019-05-06		0			0	0	0	0	0	14.05	2	19.000	Working	0	0	0	0	0	0	0	0	0	0	0	0	0	0
136002504216922	136002504	2019-05-20	2	14	2	0	10	4	0	0	0	11.88	2	19.000	Working	0	18	0	18	0	4	0	0	0	0	0	0	14	0
136002504217062	136002504	2019-06-03		2			0	2	0	0	0	13.40	2	19.000	Working	0	2	0	2	0	0	0	0	0	0	0	0	2	0
136002504217202	136002504	2019-06-17		20			12	8	0	0	0	11.85	2	19.000	Working	0	21	0	21	0	1	0	0	0	0	0	0	20	0
136002504217342	136002504	2019-07-01	2	6	2	0	4	2	0	0	0	11.85	2	19.000	Working	0	6	0	6	0	0	0	0	0	0	0	0	6	0
136002504217482	136002504	2019-07-15	6	31	6	0	22	9	0	0	0	12.05	2	19.000	Working	0	31	0	31	0	0	0	0	0	0	0	0	31	0
136002504217622	136002504	2019-07-29		0			0	0	0	0	0	11.87	2	19.000	Working	0	0	0	0	0	0	0	0	0	0	0	0	0	0
136002504217761	136002504	2019-08-12	1	0	1	0	0	0	0	0	0	11.83	1	19.000	Working	0	0	0	0	0	0	0	0	0	0	0	0	0	0
136002504217762	136002504	2019-08-12		1			0	1	0	0	0	11.83	2	19.000	Working	0	2	0	1	0	0	0	1	0	0	1	0	1	0
136002504217901	136002504	2019-08-26		0			0	0	0	0	0	11.90	1	19.000	Working	0	0	0	0	0	0	0	0	0	0	0	0	0	0
136002504217902	136002504	2019-08-26		0			0	0	0	0	0	11.90	2	19.000	Working	0	0	0	0	0	0	0	0	0	0	0	0	0	0
136002504218041	136002504	2019-09-09		0			0	0	0	0	0	11.82	1	19.000	Working	0	0	0	0	0	0	0	0	0	0	0	0	0	0
136002504218042	136002504	2019-09-09		0			0	0	0	0	0	11.82	2	19.000	Working	0	0	0	0	0	0	0	0	0	0	0	0	0	0
136002504218181	136002504	2019-09-23	1	0	2	1	0	0	0	0	0	12.18	1	19.000	Working	0	0	0	0	0	0	0	0	0	0	0	0	0	0
136002504218182	136002504	2019-09-23		3			1	2	0	0	0	12.18	2	19.000	Working	0	3	0	3	0	0	0	0	0	0	0	0	3	0
136002504218321	136002504	2019-10-07		0			0	0	0	0	0	12.03	1	19.000	Working	0	0	0	0	0	0	0	0	0	0	0	0	0	0
136002504218322	136002504	2019-10-07		0			0	0	0	0	0	12.03	2	19.000	Working	0	0	0	0	0	0	0	0	0	0	0	0	0	0
136005801211311	136005801	2017-11-02		0			0	0	0	0	0	11.92	1	19.000	Working	0	0	0	0	0	0	0	0	0	0	0	0	0	0
136005801211461	136005801	2017-11-17		0			0	0	0	0	0	13.85	1	19.000	Working	0	0	0	0	0	0	0	0	0	0	0	0	0	0
136005801211601	136005801	2017-12-01		0			0	0	0	0	0	13.37	1	19.000	Working	0	0	0	0	0	0	0	0	0	0	0	0	0	0
136005801211741	136005801	2017-12-15		0			0	0	0	0	0	12.25	1	19.000	Working	0	0	0	0	0	0	0	0	0	0	0	0	0	0
136005801211891	136005801	2017-12-30		0			0	0	0	0	0	13.57	1	19.000	Working	0	0	0	0	0	0	0	0	0	0	0	0	0	0
136005801212031	136005801	2018-01-13		0			0	0	0	0	0	13.60	1	19.000	Working	0	0	0	0	0	0	0	0	0	0	0	0	0	0
136005801212161	136005801	2018-01-26		0			0	0	0	0	0	11.80	1	19.000	Working	0	0	0	0	0	0	0	0	0	0	0	0	0	0
136005801212301	136005801	2018-02-09		0			0	0	0	0	0	12.20	1	19.000	Working	0	0	0	0	0	0	0	0	0	0	0	0	0	0
136005801212441	136005801	2018-02-23		0			0	0	0	0	0	12.17	1	19.000	Working	0	0	0	0	0	0	0	0	0	0	0	0	0	0
136005801212581	136005801	2018-03-09		0			0	0	0	0	0	11.70	1	19.000	Working	0	0	0	0	0	0	0	0	0	0	0	0	0	0
136005801212721	136005801	2018-03-23		0			0	0	0	0	0	11.87	1	19.000	Working	0	0	0	0	0	0	0	0	0	0	0	0	0	0
136005801212861	136005801	2018-04-06		0			0	0	0	0	0	12.58	1	19.000	Working	0	2	0	1	0	1	0	1	0	0	1	0	0	0
136005801213001	136005801	2018-04-20		0			0	0	0	0	0	12.20	1	19.000	Working	0	0	0	0	0	0	0	0	0	0	0	0	0	0
136005801213141	136005801	2018-05-04	1	44	1	0	18	26	0	0	0	14.32	1	19.000	Working	0	44	0	44	0	0	0	0	0	0	0	0	44	0
136005801213281	136005801	2018-05-18		6			2	4	0	0	0	11.87	1	19.000	Working	0	6	0	6	0	0	0	0	0	0	0	0	6	0
136005801213421	136005801	2018-06-01		5			1	4	0	3	0	12.22	1	19.000	Working	0	10	0	10	0	2	0	0	0	0	0	0	5	0
136005801213561	136005801	2018-06-15		0			0	0	0	0	0	12.33	1	19.000	Working	0	0	0	0	0	0	0	0	0	0	0	0	0	0
136005801213701	136005801	2018-06-29		0			0	0	0	0	0	11.72	1	19.000	Working	0	0	0	0	0	0	0	0	0	0	0	0	0	0
136005801213841	136005801	2018-07-13		1			0	1	0	0	0	11.77	1	19.000	Working	0	1	0	1	0	0	0	0	0	0	0	0	1	0
136005801213981	136005801	2018-07-27		0			0	0	0	0	0	13.38	1	19.000	Working	0	0	0	0	0	0	0	0	0	0	0	0	0	0
136005801214121	136005801	2018-08-10		0			0	0	0	0	0	13.45	1	19.000	Working	0	0	0	0	0	0	0	0	0	0	0	0	0	0
136005801214261	136005801	2018-08-24		2			0	2	0	0	0	13.48	1	19.000	Working	0	2	0	2	0	0	0	0	0	0	0	0	2	0
136005801214401	136005801	2018-09-07		0			0	0	0	0	0	11.70	1	19.000	Working	0	0	0	0	0	0	0	0	0	0	0	0	0	0
136005801214561	136005801	2018-09-23		0			0	0	0	0	0	11.83	1	19.000	Working	0	0	0	0	0	0	0	0	0	0	0	0	0	0
136005801214681	136005801	2018-10-05		0			0	0	0	0	0	11.75	1	19.000	Working	0	0	0	0	0	0	0	0	0	0	0	0	0	0
136005801214821	136005801	2018-10-19		0			0	0	0	0	0	11.87	1	19.000	Working	0	0	0	0	0	0	0	0	0	0	0	0	0	0
136005801214961	136005801	2018-11-02		0			0	0	0	0	0	11.83	1	19.000	Working	0	2	0	2	0	0	0	0	0	2	0	0	0	0
136005801215101	136005801	2018-11-16		0			0	0	0	0	0	13.98	1	19.000	Working	0	0	0	0	0	0	0	0	0	0	0	0	0	0
136005801215241	136005801	2018-11-30		0			0	0	0	0	0	11.73	1	19.000	Working	0	0	0	0	0	0	0	0	0	0	0	0	0	0
136005801215381	136005801	2018-12-14		0			0	0	0	0	0	11.90	1	19.000	Working	0	0	0	0	0	0	0	0	0	0	0	0	0	0
136005801215531	136005801	2018-12-29		0			0	0	0	0	0	11.82	1	19.000	Working	0	0	0	0	0	0	0	0	0	0	0	0	0	0
136005801215661	136005801	2019-01-11		0			0	0	0	0	0	12.62	1	19.000	Working	0	0	0	0	0	0	0	0	0	0	0	0	0	0
136005801215801	136005801	2019-01-25		0			0	0	0	0	0	11.67	1	19.000	Working	0	0	0	0	0	0	0	0	0	0	0	0	0	0
136005801215941	136005801	2019-02-08		0			0	0	0	0	0	11.80	1	19.000	Working	0	0	0	0	0	0	0	0	0	0	0	0	0	0
136005801216051	136005801	2019-02-19		0			0	0	0	0	0	13.37	1	19.000	Working	0	0	0	0	0	0	0	0	0	0	0	0	0	0
136005801216221	136005801	2019-03-08		0			0	0	0	0	0	11.88	1	19.000	Working	0	0	0	0	0	0	0	0	0	0	0	0	0	0
136005801216361	136005801	2019-03-22		0			0	0	0	0	0	13.45	1	19.000	Working	0	0	0	0	0	0	0	0	0	0	0	0	0	0
136005801216501	136005801	2019-04-05		0			0	0	0	0	0	12.60	1	19.000	Working	0	0	0	0	0	0	0	0	0	0	0	0	0	0
136005801216641	136005801	2019-04-19		0			0	0	0	0	0	11.87	1	19.000	Working	0	0	0	0	0	0	0	0	0	0	0	0	0	0
136005801216781	136005801	2019-05-03		0			0	0	0	0	0	12.48	1	19.000	Working	0	0	0	0	0	0	0	0	0	0	0	0	0	0
136005801216921	136005801	2019-05-17		0			0	0	0	0	0	11.68	1	19.000	Working	0	0	0	0	0	0	0	0	0	0	0	0	0	0
136005801217061	136005801	2019-05-31		0			0	0	0	0	0	13.55	1	19.000	Working	0	0	0	0	0	0	0	0	0	0	0	0	0	0
136005801217201	136005801	2019-06-14		2			0	2	0	1	0	11.67	1	19.000	Working	0	3	0	3	0	0	0	0	0	0	0	0	2	0
136005801217341	136005801	2019-06-28		1			0	1	0	0	0	11.67	1	19.000	Working	0	2	0	2	0	1	0	0	0	0	0	0	1	0
136005801217481	136005801	2019-07-12	1	4	1	0	3	1	0	1	0	11.85	1	19.000	Working	0	6	0	6	0	0	0	0	0	1	0	0	4	0
136005801217621	136005801	2019-07-26	1	4	1	0	3	1	0	0	0	11.67	1	19.000	Working	0	4	0	4	0	0	0	0	0	0	0	0	4	0
136005801217761	136005801	2019-08-09		1			1	0	0	0	0	11.77	1	19.000	Working	0	1	0	1	0	0	0	0	0	0	0	0	1	0
136005801217901	136005801	2019-08-23		0			0	0	0	0	0	11.72	1	19.000	Working	0	0	0	0	0	0	0	0	0	0	0	0	0	0
136005801218041	136005801	2019-09-06		0			0	0	0	0	0	12.03	1	19.000	Working	0	0	0	0	0	0	0	0	0	0	0	0	0	0
136005801218181	136005801	2019-09-20		1			0	1	0	0	0	12.02	1	19.000	Working	0	3	0	3	0	2	0	0	0	0	0	0	1	0
136005801218321	136005801	2019-10-04	1	3	1	0	1	2	0	0	0	11.88	1	19.000	Working	0	5	0	3	0	0	1	2	0	0	1	0	3	0
140005904211311	140005904	2017-11-14		0			0	0	0	0	0	14.32	1	19.000	Working	0	0	0	0	0	0	0	0	0	0	0	0	0	0
140005904211461	140005904	2017-11-29		0			0	0	0	0	0	11.72	1	19.000	Working	0	0	0	0	0	0	0	0	0	0	0	0	0	0
140005904211601	140005904	2017-12-13		0			0	0	0	0	0	12.52	1	19.000	Working	0	0	0	0	0	0	0	0	0	0	0	0	0	0
140005904211741	140005904	2017-12-27		0			0	0	0	0	0	12.15	1	19.000	Working	0	0	0	0	0	0	0	0	0	0	0	0	0	0
140005904211891	140005904	2018-01-11		0			0	0	0	0	0	10.87	1	19.000	Working	0	0	0	0	0	0	0	0	0	0	0	0	0	0
140005904212031	140005904	2018-01-25		0			0	0	0	0	0	13.33	1	19.000	Working	0	0	0	0	0	0	0	0	0	0	0	0	0	0
140005904212161	140005904	2018-02-07		0			0	0	0	0	0	12.33	1	19.000	Working	0	0	0	0	0	0	0	0	0	0	0	0	0	0
140005904212301	140005904	2018-02-21		0			0	0	0	0	0	12.47	1	19.000	Working	0	0	0	0	0	0	0	0	0	0	0	0	0	0
140005904212441	140005904	2018-03-07		0			0	0	0	0	0	13.50	1	19.000	Working	0	0	0	0	0	0	0	0	0	0	0	0	0	0
140005904212581	140005904	2018-03-21		0			0	0	0	0	0	12.10	1	19.000	Working	0	0	0	0	0	0	0	0	0	0	0	0	0	0
140005904212721	140005904	2018-04-04		0			0	0	0	0	0	12.52	1	19.000	Working	0	0	0	0	0	0	0	0	0	0	0	0	0	0
140005904212861	140005904	2018-04-18	1	4	1	0	1	3	0	0	0	15.00	1	19.000	Working	0	4	0	4	0	0	0	0	0	0	0	0	4	0
140005904213001	140005904	2018-05-02		1			0	1	0	2	0	12.37	1	19.000	Working	0	3	0	3	0	0	0	0	0	0	0	0	1	0
140005904213141	140005904	2018-05-16		27			9	18	0	4	0	13.53	1	19.000	Working	0	39	0	39	0	6	0	0	0	2	0	0	27	0
140005904213281	140005904	2018-05-30		5			1	4	0	0	0	12.22	1	19.000	Working	0	7	0	7	0	1	0	0	0	1	0	0	5	0
140005904213421	140005904	2018-06-13		4			2	2	0	2	0	13.82	1	19.000	Working	0	8	0	8	0	0	0	0	0	2	0	0	4	0
140005904213561	140005904	2018-06-27		0			0	0	0	0	0	12.23	1	19.000	Working	0	0	0	0	0	0	0	0	0	0	0	0	0	0
140005904213701	140005904	2018-07-11		0			0	0	0	0	0	12.28	1	19.000	Working	0	0	0	0	0	0	0	0	0	0	0	0	0	0
140005904213841	140005904	2018-07-25		0			0	0	0	0	0	12.32	1	19.000	Working	0	0	0	0	0	0	0	0	0	0	0	0	0	0
140005904213981	140005904	2018-08-08		0			0	0	0	0	0	12.28	1	19.000	Working	0	0	0	0	0	0	0	0	0	0	0	0	0	0
140005904214121	140005904	2018-08-22		0			0	0	0	0	0	12.32	1	19.000	Working	0	0	0	0	0	0	0	0	0	0	0	0	0	0
140005904214261	140005904	2018-09-05		0			0	0	0	0	0	11.87	1	19.000	Working	0	0	0	0	0	0	0	0	0	0	0	0	0	0
140005904214401	140005904	2018-09-19		0			0	0	0	0	0	12.17	1	19.000	Working	0	0	0	0	0	0	0	0	0	0	0	0	0	0
140005904214561	140005904	2018-10-05		0			0	0	0	0	0	12.52	1	19.000	Working	0	0	0	0	0	0	0	0	0	0	0	0	0	0
140005904214681	140005904	2018-10-17		0			0	0	0	0	0	13.38	1	19.000	Working	0	0	0	0	0	0	0	0	0	0	0	0	0	0
140005904214821	140005904	2018-10-31		0			0	0	0	0	0	12.48	1	19.000	Working	0	0	0	0	0	0	0	0	0	0	0	0	0	0
140005904214961	140005904	2018-11-14	1	3	1	0	1	2	0	2	0	12.45	1	19.000	Working	0	5	0	5	0	0	0	0	0	0	0	0	3	0
140005904215101	140005904	2018-11-28		0			0	0	0	0	0	13.57	1	19.000	Working	0	0	0	0	0	0	0	0	0	0	0	0	0	0
140005904215241	140005904	2018-12-12		0			0	0	0	0	0	12.42	1	19.000	Working	0	0	0	0	0	0	0	0	0	0	0	0	0	0
140005904215381	140005904	2018-12-26		0			0	0	0	0	0	13.50	1	19.000	Working	0	0	0	0	0	0	0	0	0	0	0	0	0	0
140005904215531	140005904	2019-01-10		0			0	0	0	0	0	12.58	1	19.000	Working	0	0	0	0	0	0	0	0	0	0	0	0	0	0
140005904215661	140005904	2019-01-23		0			0	0	0	0	0	11.67	1	19.000	Working	0	0	0	0	0	0	0	0	0	0	0	0	0	0
140005904215801	140005904	2019-02-06		0			0	0	0	0	0	12.43	1	19.000	Working	0	0	0	0	0	0	0	0	0	0	0	0	0	0
140005904215941	140005904	2019-02-20		0			0	0	0	0	0	12.50	1	19.000	Working	0	0	0	0	0	0	0	0	0	0	0	0	0	0
140005904216081	140005904	2019-03-06		0			0	0	0	0	0	11.85	1	19.000	Working	0	0	0	0	0	0	0	0	0	0	0	0	0	0
140005904216221	140005904	2019-03-20		0			0	0	0	0	0	12.07	1	19.000	Working	0	0	0	0	0	0	0	0	0	0	0	0	0	0
140005904216361	140005904	2019-04-03		0			0	0	0	0	0	11.72	1	19.000	Working	0	0	0	0	0	0	0	0	0	0	0	0	0	0
140005904216501	140005904	2019-04-17		0			0	0	0	0	0	11.72	1	19.000	Working	0	0	0	0	0	0	0	0	0	0	0	0	0	0
140005904216641	140005904	2019-05-01	1	0	1	0	0	0	0	0	0	12.28	1	19.000	Working	0	1	0	1	0	1	0	0	0	0	0	0	0	0
140005904216781	140005904	2019-05-15		0			0	0	0	0	0	13.60	1	19.000	Working	0	0	0	0	0	0	0	0	0	0	0	0	0	0
140005904216921	140005904	2019-05-29		0			0	0	0	0	0	12.10	1	19.000	Working	0	0	0	0	0	0	0	0	0	0	0	0	0	0
140005904217061	140005904	2019-06-12		1			1	0	0	0	0	11.72	1	19.000	Working	0	1	0	1	0	0	0	0	0	0	0	0	1	0
140005904217201	140005904	2019-06-26		0			0	0	0	0	0	12.07	1	19.000	Working	0	0	0	0	0	0	0	0	0	0	0	0	0	0
140005904217341	140005904	2019-07-10		0			0	0	0	0	0	12.07	1	19.000	Working	0	0	0	0	0	0	0	0	0	0	0	0	0	0
140005904217481	140005904	2019-07-24		0			0	0	0	0	0	12.23	1	19.000	Working	0	1	0	1	0	0	0	0	0	1	0	0	0	0
140005904217621	140005904	2019-08-07		0			0	0	0	0	0	12.10	1	19.000	Working	0	0	0	0	0	0	0	0	0	0	0	0	0	0
140005904217761	140005904	2019-08-21		0			0	0	0	0	0	12.27	1	19.000	Working	0	0	0	0	0	0	0	0	0	0	0	0	0	0
140005904217901	140005904	2019-09-04		0			0	0	0	0	0	12.32	1	19.000	Working	0	0	0	0	0	0	0	0	0	0	0	0	0	0
140005904218041	140005904	2019-09-18		0			0	0	0	0	0	12.20	1	19.000	Working	0	0	0	0	0	0	0	0	0	0	0	0	0	0
140005904218181	140005904	2019-10-02		0			0	0	0	0	0	12.40	1	19.000	Working	0	0	0	0	0	0	0	0	0	0	0	0	0	0
140005904218321	140005904	2019-10-16		0			0	0	0	0	0	12.23	1	19.000	Working	0	0	0	0	0	0	0	0	0	0	0	0	0	0
141001201211311	141001201	2017-11-11		0			0	0	0	0	0	13.98	1	19.000	Working	0	0	0	0	0	0	0	0	0	0	0	0	0	0
141001201211312	141001201	2017-11-11		0			0	0	0	0	0	13.98	2	19.000	Working	0	0	0	0	0	0	0	0	0	0	0	0	0	0
141001201211461	141001201	2017-11-26		0			0	0	0	0	0	12.02	1	19.000	Working	0	0	0	0	0	0	0	0	0	0	0	0	0	0
141001201211462	141001201	2017-11-26		0			0	0	0	0	0	12.02	2	19.000	Working	0	0	0	0	0	0	0	0	0	0	0	0	0	0
141001201211601	141001201	2017-12-10	1	0	1	0	0	0	0	0	0	12.22	1	19.000	Working	0	0	0	0	0	0	0	0	0	0	0	0	0	0
141001201211602	141001201	2017-12-10		1			1	0	0	0	0	12.22	2	19.000	Working	0	1	0	1	0	0	0	0	0	0	0	0	1	0
141001201211741	141001201	2017-12-24		0			0	0	0	0	0	11.92	1	19.000	Working	0	0	0	0	0	0	0	0	0	0	0	0	0	0
141001201211742	141001201	2017-12-24		0			0	0	0	0	0	11.92	2	19.000	Working	0	0	0	0	0	0	0	0	0	0	0	0	0	0
141001201211891	141001201	2018-01-08		0			0	0	0	0	0	12.23	1	19.000	Working	0	0	0	0	0	0	0	0	0	0	0	0	0	0
141001201211892	141001201	2018-01-08		0			0	0	0	0	0	12.23	2	19.000	Working	0	0	0	0	0	0	0	0	0	0	0	0	0	0
141001201212031	141001201	2018-01-22		0			0	0	0	0	0	12.48	1	19.000	Working	0	0	0	0	0	0	0	0	0	0	0	0	0	0
141001201212032	141001201	2018-01-22		0			0	0	0	0	0	12.48	2	19.000	Working	0	0	0	0	0	0	0	0	0	0	0	0	0	0
141001201212161	141001201	2018-02-04		0			0	0	0	0	0	12.23	1	19.000	Working	0	0	0	0	0	0	0	0	0	0	0	0	0	0
141001201212162	141001201	2018-02-04		0			0	0	0	0	0	12.23	2	19.000	Working	0	0	0	0	0	0	0	0	0	0	0	0	0	0
141001201212301	141001201	2018-02-18		0			0	0	0	0	0	12.33	1	19.000	Working	0	0	0	0	0	0	0	0	0	0	0	0	0	0
141001201212302	141001201	2018-02-18		0			0	0	0	0	0	12.33	2	19.000	Working	0	0	0	0	0	0	0	0	0	0	0	0	0	0
141001201212441	141001201	2018-03-04		0			0	0	0	0	0	12.55	1	19.000	Working	0	0	0	0	0	0	0	0	0	0	0	0	0	0
141001201212442	141001201	2018-03-04		0			0	0	0	0	0	12.55	2	19.000	Working	0	0	0	0	0	0	0	0	0	0	0	0	0	0
141001201212581	141001201	2018-03-18		0			0	0	0	0	0	12.28	1	19.000	Working	0	0	0	0	0	0	0	0	0	0	0	0	0	0
141001201212582	141001201	2018-03-18		0			0	0	0	0	0	12.28	2	19.000	Working	0	0	0	0	0	0	0	0	0	0	0	0	0	0
141001201212721	141001201	2018-04-01		0			0	0	0	0	0	12.13	1	19.000	Working	0	0	0	0	0	0	0	0	0	0	0	0	0	0
141001201212722	141001201	2018-04-01		0			0	0	0	0	0	12.13	2	19.000	Working	0	0	0	0	0	0	0	0	0	0	0	0	0	0
141001201212861	141001201	2018-04-15		0			0	0	0	0	0	14.15	1	19.000	Working	0	0	0	0	0	0	0	0	0	0	0	0	0	0
141001201212862	141001201	2018-04-15		0			0	0	0	0	0	14.15	2	19.000	Working	0	1	0	1	0	1	0	0	0	0	0	0	0	0
141001201213001	141001201	2018-04-29		0			0	0	0	0	0	13.60	1	19.000	Working	0	0	0	0	0	0	0	0	0	0	0	0	0	0
141001201213002	141001201	2018-04-29		0			0	0	0	0	0	13.60	2	19.000	Working	0	0	0	0	0	0	0	0	0	0	0	0	0	0
141001201213141	141001201	2018-05-13		5			0	5	0	0	0	13.70	1	19.000	Working	0	5	0	5	0	0	0	0	0	0	0	0	5	0
141001201213142	141001201	2018-05-13		2			2	0	0	0	0	13.70	2	19.000	Working	0	2	0	2	0	0	0	0	0	0	0	0	2	0
141001201213281	141001201	2018-05-27		4			0	4	0	0	0	12.43	1	19.000	Working	0	4	0	4	0	0	0	0	0	0	0	0	4	0
141001201213282	141001201	2018-05-27		0			0	0	0	0	0	12.43	2	19.000	Working	0	0	0	0	0	0	0	0	0	0	0	0	0	0
141001201213421	141001201	2018-06-10		3			0	3	0	0	0	13.60	1	19.000	Working	0	3	0	3	0	0	0	0	0	0	0	0	3	0
141001201213422	141001201	2018-06-10		0			0	0	0	0	0	13.60	2	19.000	Working	0	0	0	0	0	0	0	0	0	0	0	0	0	0
141001201213561	141001201	2018-06-24		0			0	0	0	0	0	11.85	1	19.000	Working	0	0	0	0	0	0	0	0	0	0	0	0	0	0
141001201213562	141001201	2018-06-24		0			0	0	0	0	0	11.85	2	19.000	Working	0	0	0	0	0	0	0	0	0	0	0	0	0	0
141001201213701	141001201	2018-07-08		0			0	0	0	0	0	12.47	1	19.000	Working	0	0	0	0	0	0	0	0	0	0	0	0	0	0
141001201213702	141001201	2018-07-08		1			1	0	0	0	0	12.47	2	19.000	Working	0	1	0	1	0	0	0	0	0	0	0	0	1	0
141001201213841	141001201	2018-07-22		0			0	0	0	0	0	12.07	1	19.000	Working	0	0	0	0	0	0	0	0	0	0	0	0	0	0
141001201213842	141001201	2018-07-22		0			0	0	0	0	0	12.07	2	19.000	Working	0	0	0	0	0	0	0	0	0	0	0	0	0	0
141001201213981	141001201	2018-08-05		0			0	0	0	0	0	12.12	1	19.000	Working	0	0	0	0	0	0	0	0	0	0	0	0	0	0
141001201213982	141001201	2018-08-05		0			0	0	0	0	0	12.12	2	19.000	Working	0	1	0	0	0	0	1	1	0	0	0	0	0	0
141001201214121	141001201	2018-08-19		0			0	0	0	0	0	11.92	1	19.000	Working	0	0	0	0	0	0	0	0	0	0	0	0	0	0
141001201214122	141001201	2018-08-19		0			0	0	0	0	0	11.92	2	19.000	Working	0	0	0	0	0	0	0	0	0	0	0	0	0	0
141001201214261	141001201	2018-09-02		0			0	0	0	0	0	12.05	1	19.000	Working	0	0	0	0	0	0	0	0	0	0	0	0	0	0
141001201214262	141001201	2018-09-02		0			0	0	0	0	0	12.05	2	19.000	Working	0	0	0	0	0	0	0	0	0	0	0	0	0	0
141001201214401	141001201	2018-09-16		0			0	0	0	0	0	12.33	1	19.000	Working	0	0	0	0	0	0	0	0	0	0	0	0	0	0
141001201214402	141001201	2018-09-16		0			0	0	0	0	0	12.33	2	19.000	Working	0	0	0	0	0	0	0	0	0	0	0	0	0	0
141001201214561	141001201	2018-10-02		0			0	0	0	0	0	12.20	1	19.000	Working	0	0	0	0	0	0	0	0	0	0	0	0	0	0
141001201214562	141001201	2018-10-02		0			0	0	0	0	0	12.20	2	19.000	Working	0	0	0	0	0	0	0	0	0	0	0	0	0	0
141001201214681	141001201	2018-10-14		0			0	0	0	0	0	12.22	1	19.000	Working	0	0	0	0	0	0	0	0	0	0	0	0	0	0
141001201214682	141001201	2018-10-14		0			0	0	0	0	0	12.22	2	19.000	Working	0	0	0	0	0	0	0	0	0	0	0	0	0	0
141001201214821	141001201	2018-10-28		0			0	0	0	0	0	12.20	1	19.000	Working	0	0	0	0	0	0	0	0	0	0	0	0	0	0
141001201214822	141001201	2018-10-28		0			0	0	0	0	0	12.20	2	19.000	Working	0	0	0	0	0	0	0	0	0	0	0	0	0	0
141001201214961	141001201	2018-11-11		0			0	0	0	0	0	12.53	1	19.000	Working	0	0	0	0	0	0	0	0	0	0	0	0	0	0
141001201214962	141001201	2018-11-11		0			0	0	0	0	0	12.53	2	19.000	Working	0	0	0	0	0	0	0	0	0	0	0	0	0	0
141001201215101	141001201	2018-11-25		1			0	1	0	0	0	12.38	1	19.000	Working	0	1	0	1	0	0	0	0	0	0	0	0	1	0
141001201215102	141001201	2018-11-25		0			0	0	0	0	0	12.38	2	19.000	Working	0	0	0	0	0	0	0	0	0	0	0	0	0	0
141001201215241	141001201	2018-12-09		0			0	0	0	0	0	12.22	1	19.000	Working	0	0	0	0	0	0	0	0	0	0	0	0	0	0
141001201215242	141001201	2018-12-09		0			0	0	0	0	0	12.22	2	19.000	Working	0	0	0	0	0	0	0	0	0	0	0	0	0	0
141001201215381	141001201	2018-12-23		0			0	0	0	0	0	12.10	1	19.000	Working	0	0	0	0	0	0	0	0	0	0	0	0	0	0
141001201215382	141001201	2018-12-23		0			0	0	0	0	0	12.10	2	19.000	Working	0	0	0	0	0	0	0	0	0	0	0	0	0	0
141001201215531	141001201	2019-01-07		0			0	0	0	0	0	12.40	1	19.000	Working	0	0	0	0	0	0	0	0	0	0	0	0	0	0
141001201215532	141001201	2019-01-07		0			0	0	0	0	0	12.40	2	19.000	Working	0	0	0	0	0	0	0	0	0	0	0	0	0	0
141001201215661	141001201	2019-01-20		0			0	0	0	0	0	13.55	1	19.000	Working	0	0	0	0	0	0	0	0	0	0	0	0	0	0
141001201215662	141001201	2019-01-20		0			0	0	0	0	0	13.55	2	19.000	Working	0	0	0	0	0	0	0	0	0	0	0	0	0	0
141001201215801	141001201	2019-02-03		0			0	0	0	0	0	12.10	1	19.000	Working	0	0	0	0	0	0	0	0	0	0	0	0	0	0
141001201215802	141001201	2019-02-03		0			0	0	0	0	0	12.10	2	19.000	Working	0	0	0	0	0	0	0	0	0	0	0	0	0	0
141001201215941	141001201	2019-02-17		0			0	0	0	0	0	12.30	1	19.000	Working	0	0	0	0	0	0	0	0	0	0	0	0	0	0
141001201215942	141001201	2019-02-17		0			0	0	0	0	0	12.30	2	19.000	Working	0	0	0	0	0	0	0	0	0	0	0	0	0	0
141001201216081	141001201	2019-03-03		0			0	0	0	0	0	12.05	1	19.000	Working	0	0	0	0	0	0	0	0	0	0	0	0	0	0
141001201216082	141001201	2019-03-03		0			0	0	0	0	0	12.05	2	19.000	Working	0	0	0	0	0	0	0	0	0	0	0	0	0	0
141001201216221	141001201	2019-03-17	1	0	1	0	0	0	0	0	0	12.43	1	19.000	Working	0	0	0	0	0	0	0	0	0	0	0	0	0	0
141001201216222	141001201	2019-03-17		0			0	0	0	0	0	12.43	2	19.000	Working	0	1	0	1	0	0	0	0	0	1	0	0	0	0
141001201216361	141001201	2019-03-31		0			0	0	0	0	0	11.97	1	19.000	Working	0	0	0	0	0	0	0	0	0	0	0	0	0	0
141001201216362	141001201	2019-03-31		0			0	0	0	0	0	11.97	2	19.000	Working	0	0	0	0	0	0	0	0	0	0	0	0	0	0
141001201216501	141001201	2019-04-14	1	0	1	0	0	0	0	0	0	11.90	1	19.000	Working	0	0	0	0	0	0	0	0	0	0	0	0	0	0
141001201216502	141001201	2019-04-14		0			0	0	0	0	0	11.90	2	19.000	Working	0	1	0	1	0	1	0	0	0	0	0	0	0	0
141001201216641	141001201	2019-04-28		0			0	0	0	0	0	12.47	1	19.000	Working	0	0	0	0	0	0	0	0	0	0	0	0	0	0
141001201216642	141001201	2019-04-28		0			0	0	0	0	0	12.47	2	19.000	Working	0	0	0	0	0	0	0	0	0	0	0	0	0	0
141001201216781	141001201	2019-05-12		0			0	0	0	1	0	13.43	1	19.000	Working	0	1	0	1	0	0	0	0	0	0	0	0	0	0
141001201216782	141001201	2019-05-12		0			0	0	0	0	0	13.43	2	19.000	Working	0	0	0	0	0	0	0	0	0	0	0	0	0	0
141001201216921	141001201	2019-05-26		0			0	0	0	0	0	12.23	1	19.000	Working	0	0	0	0	0	0	0	0	0	0	0	0	0	0
141001201216922	141001201	2019-05-26		0			0	0	0	0	0	12.23	2	19.000	Working	0	0	0	0	0	0	0	0	0	0	0	0	0	0
141001201217061	141001201	2019-06-09		0			0	0	0	0	0	12.03	1	19.000	Working	0	0	0	0	0	0	0	0	0	0	0	0	0	0
141001201217062	141001201	2019-06-09		2			2	0	0	0	0	12.03	2	19.000	Working	0	4	0	4	0	0	0	0	0	2	0	0	2	0
141001201217201	141001201	2019-06-23		10			4	6	0	0	0	12.25	1	19.000	Working	0	14	0	14	0	4	0	0	0	0	0	0	10	0
141001201217202	141001201	2019-06-23		3			0	3	0	0	0	12.25	2	19.000	Working	0	3	0	3	0	0	0	0	0	0	0	0	3	0
141001201217341	141001201	2019-07-07		1			1	0	0	0	0	12.23	1	19.000	Working	0	1	0	1	0	0	0	0	0	0	0	0	1	0
141001201217342	141001201	2019-07-07		1			0	1	0	0	0	12.23	2	19.000	Working	0	1	0	1	0	0	0	0	0	0	0	0	1	0
141001201217481	141001201	2019-07-21		0			0	0	0	0	0	12.40	1	19.000	Working	0	0	0	0	0	0	0	0	0	0	0	0	0	0
141001201217482	141001201	2019-07-21		1			1	0	0	1	0	12.40	2	19.000	Working	0	2	0	2	0	0	0	0	0	0	0	0	1	0
141001201217621	141001201	2019-08-04		0			0	0	0	0	0	12.30	1	19.000	Working	0	0	0	0	0	0	0	0	0	0	0	0	0	0
141001201217622	141001201	2019-08-04		0			0	0	0	0	0	12.30	2	19.000	Working	0	0	0	0	0	0	0	0	0	0	0	0	0	0
141001201217761	141001201	2019-08-18		0			0	0	0	0	0	12.13	1	19.000	Working	0	0	0	0	0	0	0	0	0	0	0	0	0	0
141001201217762	141001201	2019-08-18		0			0	0	0	0	0	12.13	2	19.000	Working	0	0	0	0	0	0	0	0	0	0	0	0	0	0
141001201217901	141001201	2019-09-01		0			0	0	0	0	0	13.53	1	19.000	Working	0	0	0	0	0	0	0	0	0	0	0	0	0	0
141001201217902	141001201	2019-09-01		0			0	0	0	0	0	13.53	2	19.000	Working	0	0	0	0	0	0	0	0	0	0	0	0	0	0
141001201218041	141001201	2019-09-15		0			0	0	0	0	0	12.07	1	19.000	Working	0	0	0	0	0	0	0	0	0	0	0	0	0	0
141001201218042	141001201	2019-09-15		0			0	0	0	0	0	12.07	2	19.000	Working	0	0	0	0	0	0	0	0	0	0	0	0	0	0
141001201218181	141001201	2019-09-29		0			0	0	0	0	0	12.55	1	19.000	Working	0	0	0	0	0	0	0	0	0	0	0	0	0	0
141001201218182	141001201	2019-09-29		0			0	0	0	0	0	12.55	2	19.000	Working	0	0	0	0	0	0	0	0	0	0	0	0	0	0
141001201218321	141001201	2019-10-13		0			0	0	0	0	0	12.45	1	19.000	Working	0	0	0	0	0	0	0	0	0	0	0	0	0	0
141001201218322	141001201	2019-10-13		0			0	0	0	0	0	12.45	2	19.000	Working	0	0	0	0	0	0	0	0	0	0	0	0	0	0
141001901211311	141001901	2017-11-02		0			0	0	0	1	0	13.53	1	19.000	Working	0	1	0	1	0	0	0	0	0	0	0	0	0	0
141001901211312	141001901	2017-11-02		0			0	0	0	0	0	13.53	2	19.000	Working	0	0	0	0	0	0	0	0	0	0	0	0	0	0
141001901211313	141001901	2017-11-02		0			0	0	0	0	0	13.53	3	19.000	Working	0	0	0	0	0	0	0	0	0	0	0	0	0	0
141001901211461	141001901	2017-11-17		0			0	0	0	0	0	12.17	1	19.000	Working	0	0	0	0	0	0	0	0	0	0	0	0	0	0
141001901211462	141001901	2017-11-17		0			0	0	0	0	0	12.17	2	19.000	Working	0	0	0	0	0	0	0	0	0	0	0	0	0	0
141001901211463	141001901	2017-11-17		0			0	0	0	0	0	12.17	3	19.000	Working	0	1	0	1	0	1	0	0	0	0	0	0	0	0
141001901211601	141001901	2017-12-01		0			0	0	0	0	0	12.15	1	19.000	Working	0	0	0	0	0	0	0	0	0	0	0	0	0	0
141001901211602	141001901	2017-12-01		1			0	1	0	0	0	12.15	2	19.000	Working	0	1	0	1	0	0	0	0	0	0	0	0	1	0
141001901211603	141001901	2017-12-01		0			0	0	0	0	0	12.15	3	19.000	Working	0	0	0	0	0	0	0	0	0	0	0	0	0	0
141001901211741	141001901	2017-12-15	1	2	1	0	0	2	0	0	0	11.72	1	19.000	Working	0	2	0	2	0	0	0	0	0	0	0	0	2	0
141001901211742	141001901	2017-12-15		0			0	0	0	0	0	11.72	2	19.000	Working	0	0	0	0	0	0	0	0	0	0	0	0	0	0
141001901211743	141001901	2017-12-15		0			0	0	0	0	0	11.72	3	19.000	Working	0	0	0	0	0	0	0	0	0	0	0	0	0	0
141001901211891	141001901	2017-12-30		0			0	0	0	0	0	12.03	1	19.000	Working	0	0	0	0	0	0	0	0	0	0	0	0	0	0
141001901211892	141001901	2017-12-30		0			0	0	0	0	0	12.03	2	19.000	Working	0	0	0	0	0	0	0	0	0	0	0	0	0	0
141001901212031	141001901	2018-01-13	1	0	1	0	0	0	0	0	0	12.58	1	19.000	Working	0	0	0	0	0	0	0	0	0	0	0	0	0	0
141001901212033	141001901	2018-01-13		0			0	0	0	0	0	12.58	3	19.000	Working	0	1	0	1	0	0	0	0	0	1	0	0	0	0
141001901212161	141001901	2018-01-26		0			0	0	0	0	0	12.15	1	19.000	Working	0	0	0	0	0	0	0	0	0	0	0	0	0	0
141001901212163	141001901	2018-01-26		0			0	0	0	0	0	12.15	3	19.000	Working	0	0	0	0	0	0	0	0	0	0	0	0	0	0
141001901212301	141001901	2018-02-09		0			0	0	0	0	0	12.22	1	19.000	Working	0	0	0	0	0	0	0	0	0	0	0	0	0	0
141001901212303	141001901	2018-02-09		0			0	0	0	0	0	12.22	3	19.000	Working	0	0	0	0	0	0	0	0	0	0	0	0	0	0
141001901212441	141001901	2018-02-23		0			0	0	0	0	0	12.17	1	19.000	Working	0	0	0	0	0	0	0	0	0	0	0	0	0	0
141001901212443	141001901	2018-02-23		0			0	0	0	0	0	12.17	3	19.000	Working	0	0	0	0	0	0	0	0	0	0	0	0	0	0
141001901212581	141001901	2018-03-09	2	0	2	0	0	0	0	0	0	12.45	1	19.000	Working	0	0	0	0	0	0	0	0	0	0	0	0	0	0
141001901212583	141001901	2018-03-09		1			0	1	0	0	0	12.45	3	19.000	Working	0	2	0	2	0	1	0	0	0	0	0	0	1	0
141001901212721	141001901	2018-03-23		0			0	0	0	0	0	12.30	1	19.000	Working	0	0	0	0	0	0	0	0	0	0	0	0	0	0
141001901212723	141001901	2018-03-23		0			0	0	0	0	0	12.30	3	19.000	Working	0	0	0	0	0	0	0	0	0	0	0	0	0	0
141001901212861	141001901	2018-04-06		4			0	4	0	1	0	14.02	1	19.000	Working	0	5	0	5	0	0	0	0	0	0	0	0	4	0
141001901212863	141001901	2018-04-06		8			1	7	0	0	0	14.02	3	19.000	Working	0	8	0	8	0	0	0	0	0	0	0	0	8	0
141001901213001	141001901	2018-04-20	1	0	1	0	0	0	0	0	0	13.87	1	19.000	Working	0	0	0	0	0	0	0	0	0	0	0	0	0	0
141001901213003	141001901	2018-04-20		2			1	1	0	2	0	13.87	3	19.000	Working	0	4	0	4	0	0	0	0	0	0	0	0	2	0
141001901213141	141001901	2018-05-04		16			6	10	0	0	0	13.92	1	19.000	Working	0	16	0	16	0	0	0	0	0	0	0	0	16	0
141001901213143	141001901	2018-05-04		4			0	4	0	3	0	13.92	3	19.000	Working	0	9	0	9	0	2	0	0	0	0	0	0	4	0
141001901213281	141001901	2018-05-18		0			0	0	0	0	0	12.60	1	19.000	Working	0	0	0	0	0	0	0	0	0	0	0	0	0	0
141001901213283	141001901	2018-05-18		6			0	6	0	2	0	12.60	3	19.000	Working	0	14	0	14	0	4	0	0	0	2	0	0	6	0
141001901213421	141001901	2018-06-01	1	4	1	0	2	2	0	0	0	13.43	1	19.000	Working	0	4	0	4	0	0	0	0	0	0	0	0	4	0
141001901213423	141001901	2018-06-01		4			1	3	0	5	0	13.43	3	19.000	Working	0	17	0	17	0	4	0	0	0	4	0	0	4	0
141001901213561	141001901	2018-06-15		2			1	1	0	0	0	12.03	1	19.000	Working	0	2	0	2	0	0	0	0	0	0	0	0	2	0
141001901213563	141001901	2018-06-15		0			0	0	0	0	0	12.03	3	19.000	Working	0	0	0	0	0	0	0	0	0	0	0	0	0	0
141001901213701	141001901	2018-06-29		0			0	0	0	0	0	12.62	1	19.000	Working	0	0	0	0	0	0	0	0	0	0	0	0	0	0
141001901213703	141001901	2018-06-29		1			0	1	0	0	0	12.62	3	19.000	Working	0	2	0	2	0	1	0	0	0	0	0	0	1	0
141001901213841	141001901	2018-07-13	1	0	1	0	0	0	0	0	0	11.98	1	19.000	Working	0	0	0	0	0	0	0	0	0	0	0	0	0	0
141001901213843	141001901	2018-07-13		2			0	2	0	0	0	11.98	3	19.000	Working	0	2	0	2	0	0	0	0	0	0	0	0	2	0
141001901213981	141001901	2018-07-27		0			0	0	0	0	0	11.95	1	19.000	Working	0	0	0	0	0	0	0	0	0	0	0	0	0	0
141001901213983	141001901	2018-07-27		0			0	0	0	0	0	11.95	3	19.000	Working	0	0	0	0	0	0	0	0	0	0	0	0	0	0
141001901214121	141001901	2018-08-10		0			0	0	0	0	0	12.12	1	19.000	Working	0	0	0	0	0	0	0	0	0	0	0	0	0	0
141001901214123	141001901	2018-08-10		0			0	0	0	0	0	12.12	3	19.000	Working	0	0	0	0	0	0	0	0	0	0	0	0	0	0
141001901214261	141001901	2018-08-24		0			0	0	0	0	0	12.50	1	19.000	Working	0	0	0	0	0	0	0	0	0	0	0	0	0	0
141001901214263	141001901	2018-08-24		0			0	0	0	0	0	12.50	3	19.000	Working	0	0	0	0	0	0	0	0	0	0	0	0	0	0
141001901214401	141001901	2018-09-07		0			0	0	0	0	0	12.40	1	19.000	Working	0	0	0	0	0	0	0	0	0	0	0	0	0	0
141001901214403	141001901	2018-09-07		0			0	0	0	1	0	12.40	3	19.000	Working	0	1	0	1	0	0	0	0	0	0	0	0	0	0
141001901214404	141001901	2018-09-07		0			0	0	0	0	0	12.40	4	19.000	Working	0	0	0	0	0	0	0	0	0	0	0	0	0	0
141001901214561	141001901	2018-09-23		0			0	0	0	0	0	12.12	1	19.000	Working	0	0	0	0	0	0	0	0	0	0	0	0	0	0
141001901214563	141001901	2018-09-23		0			0	0	0	0	0	12.12	3	19.000	Working	0	0	0	0	0	0	0	0	0	0	0	0	0	0
141001901214564	141001901	2018-09-23		0			0	0	0	0	0	12.12	4	19.000	Working	0	0	0	0	0	0	0	0	0	0	0	0	0	0
141001901214681	141001901	2018-10-05	1	0	1	0	0	0	0	0	0	12.47	1	19.000	Working	0	0	0	0	0	0	0	0	0	0	0	0	0	0
141001901214683	141001901	2018-10-05		0			0	0	0	0	0	12.47	3	19.000	Working	0	0	0	0	0	0	0	0	0	0	0	0	0	0
141001901214684	141001901	2018-10-05		0			0	0	0	0	0	12.47	4	19.000	Working	0	1	0	1	0	0	0	0	0	1	0	0	0	0
141001901214821	141001901	2018-10-19		0			0	0	0	0	0	12.33	1	19.000	Working	0	0	0	0	0	0	0	0	0	0	0	0	0	0
141001901214823	141001901	2018-10-19		0			0	0	0	0	0	12.33	3	19.000	Working	0	0	0	0	0	0	0	0	0	0	0	0	0	0
141001901214824	141001901	2018-10-19		0			0	0	0	0	0	12.33	4	19.000	Working	0	0	0	0	0	0	0	0	0	0	0	0	0	0
141001901214961	141001901	2018-11-02		1			1	0	0	1	0	13.50	1	19.000	Working	0	2	0	2	0	0	0	0	0	0	0	0	1	0
141001901214963	141001901	2018-11-02		1			0	1	0	0	0	13.50	3	19.000	Working	0	1	0	1	0	0	0	0	0	0	0	0	1	0
141001901214964	141001901	2018-11-02		0			0	0	0	0	0	13.50	4	19.000	Working	0	0	0	0	0	0	0	0	0	0	0	0	0	0
141001901215101	141001901	2018-11-16		0			0	0	0	0	0	12.65	1	19.000	Working	0	0	0	0	0	0	0	0	0	0	0	0	0	0
141001901215103	141001901	2018-11-16		0			0	0	0	0	0	12.65	3	19.000	Working	0	0	0	0	0	0	0	0	0	0	0	0	0	0
141001901215104	141001901	2018-11-16		0			0	0	0	0	0	12.65	4	19.000	Working	0	0	0	0	0	0	0	0	0	0	0	0	0	0
141001901215241	141001901	2018-11-30		0			0	0	0	0	0	12.15	1	19.000	Working	0	0	0	0	0	0	0	0	0	0	0	0	0	0
141001901215243	141001901	2018-11-30		0			0	0	0	0	0	12.15	3	19.000	Working	0	0	0	0	0	0	0	0	0	0	0	0	0	0
141001901215244	141001901	2018-11-30		0			0	0	0	0	0	12.15	4	19.000	Working	0	0	0	0	0	0	0	0	0	0	0	0	0	0
141001901215381	141001901	2018-12-14		0			0	0	0	0	0	12.17	1	19.000	Working	0	0	0	0	0	0	0	0	0	0	0	0	0	0
141001901215383	141001901	2018-12-14		0			0	0	0	0	0	12.17	3	19.000	Working	0	0	0	0	0	0	0	0	0	0	0	0	0	0
141001901215384	141001901	2018-12-14		0			0	0	0	0	0	12.17	4	19.000	Working	0	0	0	0	0	0	0	0	0	0	0	0	0	0
141001901215531	141001901	2018-12-29	1	0	1	0	0	0	0	0	0	12.23	1	19.000	Working	0	0	0	0	0	0	0	0	0	0	0	0	0	0
141001901215533	141001901	2018-12-29		0			0	0	0	0	0	12.23	3	19.000	Working	0	0	0	0	0	0	0	0	0	0	0	0	0	0
141001901215534	141001901	2018-12-29		0			0	0	0	1	0	12.23	4	19.000	Working	0	1	0	1	0	0	0	0	0	0	0	0	0	0
141001901215661	141001901	2019-01-11		0			0	0	0	0	0	12.07	1	19.000	Working	0	0	0	0	0	0	0	0	0	0	0	0	0	0
141001901215663	141001901	2019-01-11		0			0	0	0	0	0	12.07	3	19.000	Working	0	0	0	0	0	0	0	0	0	0	0	0	0	0
141001901215664	141001901	2019-01-11		0			0	0	0	0	0	12.07	4	19.000	Working	0	0	0	0	0	0	0	0	0	0	0	0	0	0
141001901215801	141001901	2019-01-25		0			0	0	0	0	0	12.23	1	19.000	Working	0	0	0	0	0	0	0	0	0	0	0	0	0	0
141001901215803	141001901	2019-01-25		0			0	0	0	0	0	12.23	3	19.000	Working	0	0	0	0	0	0	0	0	0	0	0	0	0	0
141001901215804	141001901	2019-01-25		0			0	0	0	0	0	12.23	4	19.000	Working	0	0	0	0	0	0	0	0	0	0	0	0	0	0
141001901215941	141001901	2019-02-08		0			0	0	0	0	0	12.22	1	19.000	Working	0	0	0	0	0	0	0	0	0	0	0	0	0	0
141001901215943	141001901	2019-02-08		0			0	0	0	0	0	12.22	3	19.000	Working	0	0	0	0	0	0	0	0	0	0	0	0	0	0
141001901215944	141001901	2019-02-08		0			0	0	0	0	0	12.22	4	19.000	Working	0	0	0	0	0	0	0	0	0	0	0	0	0	0
141001901216081	141001901	2019-02-22		0			0	0	0	0	0	12.17	1	19.000	Working	0	0	0	0	0	0	0	0	0	0	0	0	0	0
141001901216083	141001901	2019-02-22		0			0	0	0	0	0	12.17	3	19.000	Working	0	0	0	0	0	0	0	0	0	0	0	0	0	0
141001901216084	141001901	2019-02-22		0			0	0	0	0	0	12.17	4	19.000	Working	0	0	0	0	0	0	0	0	0	0	0	0	0	0
141001901216221	141001901	2019-03-08		0			0	0	0	0	0	12.57	1	19.000	Working	0	0	0	0	0	0	0	0	0	0	0	0	0	0
141001901216223	141001901	2019-03-08		0			0	0	0	0	0	12.57	3	19.000	Working	0	0	0	0	0	0	0	0	0	0	0	0	0	0
141001901216224	141001901	2019-03-08		0			0	0	0	0	0	12.57	4	19.000	Working	0	0	0	0	0	0	0	0	0	0	0	0	0	0
141001901216361	141001901	2019-03-22		0			0	0	0	0	0	13.65	1	19.000	Working	0	0	0	0	0	0	0	0	0	0	0	0	0	0
141001901216362	141001901	2019-03-22		0			0	0	0	0	0	13.65	2	19.000		0	0	0	0	0	0	0	0	0	0	0	0	0	0
141001901216363	141001901	2019-03-22		0			0	0	0	0	0	13.65	3	19.000	Working	0	0	0	0	0	0	0	0	0	0	0	0	0	0
141001901216364	141001901	2019-03-22										13.65	4	19.000	Working														
141001901216501	141001901	2019-04-05		0			0	0	0	0	0	12.05	1	19.000	Working	0	0	0	0	0	0	0	0	0	0	0	0	0	0
141001901216503	141001901	2019-04-05		0			0	0	0	0	0	12.05	3	19.000	Working	0	0	0	0	0	0	0	0	0	0	0	0	0	0
141001901216504	141001901	2019-04-05		0			0	0	0	0	0	12.05	4	19.000	Working	0	0	0	0	0	0	0	0	0	0	0	0	0	0
141001901216641	141001901	2019-04-19		0			0	0	0	0	0	12.60	1	19.000	Working	0	0	0	0	0	0	0	0	0	0	0	0	0	0
141001901216643	141001901	2019-04-19		0			0	0	0	0	0	12.60	3	19.000	Working	0	0	0	0	0	0	0	0	0	0	0	0	0	0
141001901216644	141001901	2019-04-19		0			0	0	0	0	0	12.60	4	19.000	Working	0	0	0	0	0	0	0	0	0	0	0	0	0	0
141001901216781	141001901	2019-05-03		0			0	0	0	0	0	12.65	1	19.000	Working	0	0	0	0	0	0	0	0	0	0	0	0	0	0
141001901216783	141001901	2019-05-03		0			0	0	0	0	0	12.65	3	19.000	Working	0	0	0	0	0	0	0	0	0	0	0	0	0	0
141001901216784	141001901	2019-05-03		0			0	0	0	0	0	12.65	4	19.000	Working	0	0	0	0	0	0	0	0	0	0	0	0	0	0
141001901216921	141001901	2019-05-17		1			0	1	0	0	0	12.45	1	19.000	Working	0	1	0	1	0	0	0	0	0	0	0	0	1	0
141001901216923	141001901	2019-05-17		3			0	3	0	0	0	12.45	3	19.000	Working	0	9	0	9	0	6	0	0	0	0	0	0	3	0
141001901216924	141001901	2019-05-17		0			0	0	0	0	0	12.45	4	19.000	Working	0	0	0	0	0	0	0	0	0	0	0	0	0	0
141001901217061	141001901	2019-05-31		2			0	2	0	0	0	12.18	1	19.000	Working	0	2	0	2	0	0	0	0	0	0	0	0	2	0
141001901217063	141001901	2019-05-31		20			7	13	0	0	0	12.18	3	19.000	Working	0	28	0	28	0	8	0	0	0	0	0	0	20	0
141001901217064	141001901	2019-05-31		17			5	12	0	0	0	12.18	4	19.000	Working	0	18	0	18	0	1	0	0	0	0	0	0	17	0
141001901217201	141001901	2019-06-14	1	3	1	0	0	3	0	0	0	12.47	1	19.000	Working	0	3	0	3	0	0	0	0	0	0	0	0	3	0
141001901217203	141001901	2019-06-14		4			2	2	0	8	0	12.47	3	19.000	Working	0	14	0	14	0	0	0	0	0	2	0	0	4	0
141001901217204	141001901	2019-06-14		0			0	0	0	0	0	12.47	4	19.000	Working	0	0	0	0	0	0	0	0	0	0	0	0	0	0
141001901217341	141001901	2019-06-28		3			1	2	0	0	0	12.42	1	19.000	Working	0	3	0	3	0	0	0	0	0	0	0	0	3	0
141001901217343	141001901	2019-06-28		8			5	3	0	0	0	12.42	3	19.000	Working	0	10	0	10	0	2	0	0	0	0	0	0	8	0
141001901217344	141001901	2019-06-28		0			0	0	0	0	0	12.42	4	19.000	Working	0	0	0	0	0	0	0	0	0	0	0	0	0	0
141001901217481	141001901	2019-07-12		2			0	2	0	0	0	12.57	1	19.000	Working	0	2	0	2	0	0	0	0	0	0	0	0	2	0
141001901217483	141001901	2019-07-12		10			6	4	0	0	0	12.57	3	19.000	Working	0	10	0	10	0	0	0	0	0	0	0	0	10	0
141001901217484	141001901	2019-07-12		0			0	0	0	0	0	12.57	4	19.000	Working	0	0	0	0	0	0	0	0	0	0	0	0	0	0
141001901217621	141001901	2019-07-26	1	0	1	0	0	0	0	0	0	12.48	1	19.000	Working	0	0	0	0	0	0	0	0	0	0	0	0	0	0
141001901217623	141001901	2019-07-26		0			0	0	0	0	0	12.48	3	19.000	Working	0	1	0	1	0	1	0	0	0	0	0	0	0	0
141001901217624	141001901	2019-07-26		0			0	0	0	0	0	12.48	4	19.000	Working	0	0	0	0	0	0	0	0	0	0	0	0	0	0
141001901217761	141001901	2019-08-09		0			0	0	0	0	0	12.07	1	19.000	Working	0	0	0	0	0	0	0	0	0	0	0	0	0	0
141001901217763	141001901	2019-08-09		0			0	0	0	0	0	12.07	3	19.000	Working	0	0	0	0	0	0	0	0	0	0	0	0	0	0
141001901217764	141001901	2019-08-09		0			0	0	0	0	0	12.07	4	19.000	Working	0	0	0	0	0	0	0	0	0	0	0	0	0	0
141001901217901	141001901	2019-08-23		1			0	1	0	0	0	12.32	1	19.000	Working	0	1	0	1	0	0	0	0	0	0	0	0	1	0
141001901217903	141001901	2019-08-23		0			0	0	0	0	0	12.32	3	19.000	Working	0	0	0	0	0	0	0	0	0	0	0	0	0	0
141001901217904	141001901	2019-08-23		0			0	0	0	0	0	12.32	4	19.000	Working	0	0	0	0	0	0	0	0	0	0	0	0	0	0
141001901218041	141001901	2019-09-06		0			0	0	0	0	0	12.53	1	19.000	Working	0	0	0	0	0	0	0	0	0	0	0	0	0	0
141001901218043	141001901	2019-09-06		0			0	0	0	0	0	12.53	3	19.000	Working	0	0	0	0	0	0	0	0	0	0	0	0	0	0
141001901218044	141001901	2019-09-06		0			0	0	0	0	0	12.53	4	19.000	Working	0	0	0	0	0	0	0	0	0	0	0	0	0	0
141001901218181	141001901	2019-09-20		0			0	0	0	0	0	13.52	1	19.000	Working	0	0	0	0	0	0	0	0	0	0	0	0	0	0
141001901218183	141001901	2019-09-20		0			0	0	0	0	0	13.52	3	19.000	Working	0	0	0	0	0	0	0	0	0	0	0	0	0	0
141001901218184	141001901	2019-09-20		0			0	0	0	0	0	13.52	4	19.000	Working	0	0	0	0	0	0	0	0	0	0	0	0	0	0
141001901218321	141001901	2019-10-04		0			0	0	0	0	0	12.60	1	19.000	Working	0	0	0	0	0	0	0	0	0	0	0	0	0	0
141001901218323	141001901	2019-10-04		0			0	0	0	0	0	12.60	3	19.000	Working	0	0	0	0	0	0	0	0	0	0	0	0	0	0
141001901218324	141001901	2019-10-04		0			0	0	0	0	0	12.60	4	19.000	Working	0	0	0	0	0	0	0	0	0	0	0	0	0	0
141017101211311	141017101	2017-11-12		0			0	0	0	0	0	12.25	1	19.000	Working	0	0	0	0	0	0	0	0	0	0	0	0	0	0
141017101211312	141017101	2017-11-12		1			1	0	0	0	0	12.25	2	19.000	Working	0	1	0	1	0	0	0	0	0	0	0	0	1	0
141017101211461	141017101	2017-11-27		0			0	0	0	0	0	12.53	1	19.000	Working	0	0	0	0	0	0	0	0	0	0	0	0	0	0
141017101211462	141017101	2017-11-27		0			0	0	0	0	0	12.53	2	19.000	Working	0	0	0	0	0	0	0	0	0	0	0	0	0	0
141017101211601	141017101	2017-12-11		0			0	0	0	0	0	11.85	1	19.000	Working	0	0	0	0	0	0	0	0	0	0	0	0	0	0
141017101211602	141017101	2017-12-11		0			0	0	0	0	0	11.85	2	19.000	Working	0	0	0	0	0	0	0	0	0	0	0	0	0	0
141017101211741	141017101	2017-12-25		0			0	0	0	0	0	13.65	1	19.000	Working	0	0	0	0	0	0	0	0	0	0	0	0	0	0
141017101211742	141017101	2017-12-25		0			0	0	0	0	0	13.65	2	19.000	Working	0	0	0	0	0	0	0	0	0	0	0	0	0	0
141017101211891	141017101	2018-01-09		0			0	0	0	0	0	12.45	1	19.000	Working	0	0	0	0	0	0	0	0	0	0	0	0	0	0
141017101211892	141017101	2018-01-09		0			0	0	0	0	0	12.45	2	19.000	Working	0	0	0	0	0	0	0	0	0	0	0	0	0	0
141017101212031	141017101	2018-01-23		0			0	0	0	0	0	12.25	1	19.000	Working	0	0	0	0	0	0	0	0	0	0	0	0	0	0
141017101212032	141017101	2018-01-23		0			0	0	0	0	0	12.25	2	19.000	Working	0	0	0	0	0	0	0	0	0	0	0	0	0	0
141017101212161	141017101	2018-02-05		0			0	0	0	0	0	12.00	1	19.000	Working	0	0	0	0	0	0	0	0	0	0	0	0	0	0
141017101212162	141017101	2018-02-05		0			0	0	0	0	0	12.00	2	19.000	Working	0	0	0	0	0	0	0	0	0	0	0	0	0	0
141017101212301	141017101	2018-02-19		0			0	0	0	0	0	12.07	1	19.000	Working	0	0	0	0	0	0	0	0	0	0	0	0	0	0
141017101212302	141017101	2018-02-19		0			0	0	0	0	0	12.07	2	19.000	Working	0	0	0	0	0	0	0	0	0	0	0	0	0	0
141017101212441	141017101	2018-03-05		0			0	0	0	0	0	12.30	1	19.000	Working	0	0	0	0	0	0	0	0	0	0	0	0	0	0
141017101212442	141017101	2018-03-05		0			0	0	0	0	0	12.30	2	19.000	Working	0	0	0	0	0	0	0	0	0	0	0	0	0	0
141017101212581	141017101	2018-03-19		0			0	0	0	0	0	12.60	1	19.000	Working	0	0	0	0	0	0	0	0	0	0	0	0	0	0
141017101212582	141017101	2018-03-19		0			0	0	0	0	0	12.60	2	19.000	Working	0	0	0	0	0	0	0	0	0	0	0	0	0	0
141017101212721	141017101	2018-04-02	1	0	1	0	0	0	0	0	0	13.70	1	19.000	Working	0	1	0	1	0	1	0	0	0	0	0	0	0	0
141017101212722	141017101	2018-04-02		0			0	0	0	0	0	13.70	2	19.000	Working	0	0	0	0	0	0	0	0	0	0	0	0	0	0
141017101212861	141017101	2018-04-16		0			0	0	0	1	0	13.77	1	19.000	Working	0	1	0	1	0	0	0	0	0	0	0	0	0	0
141017101212862	141017101	2018-04-16		3			0	3	0	0	0	13.77	2	19.000	Working	0	3	0	3	0	0	0	0	0	0	0	0	3	0
141017101213001	141017101	2018-04-30		0			0	0	0	0	0	14.13	1	19.000	Working	0	0	0	0	0	0	0	0	0	0	0	0	0	0
141017101213002	141017101	2018-04-30		1			0	1	0	0	0	14.13	2	19.000	Working	0	1	0	1	0	0	0	0	0	0	0	0	1	0
141017101213141	141017101	2018-05-14		8			3	5	0	1	0	14.03	1	19.000	Working	0	9	0	9	0	0	0	0	0	0	0	0	8	0
141017101213142	141017101	2018-05-14		2			2	0	0	0	0	14.03	2	19.000	Working	0	2	0	2	0	0	0	0	0	0	0	0	2	0
141017101213281	141017101	2018-05-28	2	11	2	0	4	7	0	1	0	13.63	1	19.000	Working	0	15	0	15	0	2	0	0	0	1	0	0	11	0
141017101213282	141017101	2018-05-28		13			3	10	0	0	0	13.63	2	19.000	Working	0	21	0	21	0	2	0	0	0	6	0	0	13	0
141017101213421	141017101	2018-06-11		3			2	1	0	0	0	12.58	1	19.000	Working	0	3	0	3	0	0	0	0	0	0	0	0	3	0
141017101213423	141017101	2018-06-11		7			5	2	0	0	0	12.58	3	19.000	Working	0	9	0	9	0	2	0	0	0	0	0	0	7	0
141017101213561	141017101	2018-06-25		0			0	0	0	0	0	12.35	1	19.000	Working	0	0	0	0	0	0	0	0	0	0	0	0	0	0
141017101213563	141017101	2018-06-25		4			1	3	0	0	0	12.35	3	19.000	Working	0	5	0	5	0	1	0	0	0	0	0	0	4	0
141017101213701	141017101	2018-07-09		1			0	1	0	0	0	13.48	1	19.000	Working	0	1	0	1	0	0	0	0	0	0	0	0	1	0
141017101213702	141017101	2018-07-09		0			0	0	0	0	0	13.48	2	19.000	Working	0	0	0	0	0	0	0	0	0	0	0	0	0	0
141017101213841	141017101	2018-07-23		1			0	1	0	0	0	12.53	1	19.000	Working	0	1	0	1	0	0	0	0	0	0	0	0	1	0
141017101213843	141017101	2018-07-23		0			0	0	0	0	0	12.53	3	19.000	Working	0	0	0	0	0	0	0	0	0	0	0	0	0	0
141017101213981	141017101	2018-08-06		0			0	0	0	0	0	12.43	1	19.000	Working	0	0	0	0	0	0	0	0	0	0	0	0	0	0
141017101213982	141017101	2018-08-06		0			0	0	0	0	0	12.43	2	19.000	Working	0	1	0	1	0	1	0	0	0	0	0	0	0	0
141017101214121	141017101	2018-08-20		0			0	0	0	0	0	12.42	1	19.000	Working	0	0	0	0	0	0	0	0	0	0	0	0	0	0
141017101214123	141017101	2018-08-20		0			0	0	0	0	0	12.42	3	19.000	Working	0	0	0	0	0	0	0	0	0	0	0	0	0	0
141017101214261	141017101	2018-09-03		1			0	1	0	0	0	12.42	1	19.000	Working	0	1	0	1	0	0	0	0	0	0	0	0	1	0
141017101214262	141017101	2018-09-03		1			0	1	0	0	0	12.42	2	19.000	Working	0	1	0	1	0	0	0	0	0	0	0	0	1	0
141017101214401	141017101	2018-09-17		0			0	0	0	0	0	11.95	1	19.000	Working	0	0	0	0	0	0	0	0	0	0	0	0	0	0
141017101214402	141017101	2018-09-17		0			0	0	0	0	0	11.95	2	19.000	Working	0	0	0	0	0	0	0	0	0	0	0	0	0	0
141017101214561	141017101	2018-10-03		0			0	0	0	0	0	13.42	1	19.000	Working	0	0	0	0	0	0	0	0	0	0	0	0	0	0
141017101214562	141017101	2018-10-03		0			0	0	0	0	0	13.42	2	19.000	Working	0	0	0	0	0	0	0	0	0	0	0	0	0	0
141017101214681	141017101	2018-10-15		1			0	1	0	0	0	12.33	1	19.000	Working	0	1	0	1	0	0	0	0	0	0	0	0	1	0
141017101214683	141017101	2018-10-15		0			0	0	0	0	0	12.33	3	19.000	Working	0	0	0	0	0	0	0	0	0	0	0	0	0	0
141017101214821	141017101	2018-10-29		0			0	0	0	0	0	12.63	1	19.000	Working	0	0	0	0	0	0	0	0	0	0	0	0	0	0
141017101214823	141017101	2018-10-29		0			0	0	0	0	0	12.63	3	19.000	Working	0	0	0	0	0	0	0	0	0	0	0	0	0	0
141017101214961	141017101	2018-11-12		0			0	0	0	0	0	12.17	1	19.000	Working	0	0	0	0	0	0	0	0	0	0	0	0	0	0
141017101214962	141017101	2018-11-12		0			0	0	0	0	0	12.17	2	19.000	Working	0	2	0	2	0	0	0	0	0	2	0	0	0	0
141017101215101	141017101	2018-11-26		0			0	0	0	0	0	13.82	1	19.000	Working	0	0	0	0	0	0	0	0	0	0	0	0	0	0
141017101215102	141017101	2018-11-26		0			0	0	0	0	0	13.82	2	19.000		0	0	0	0	0	0	0	0	0	0	0	0	0	0
141017101215103	141017101	2018-11-26										13.82	3	19.000	Working														
141017101215241	141017101	2018-12-10		0			0	0	0	0	0	11.95	1	19.000	Working	0	0	0	0	0	0	0	0	0	0	0	0	0	0
141017101215243	141017101	2018-12-10		0			0	0	0	0	0	11.95	3	19.000	Working	0	0	0	0	0	0	0	0	0	0	0	0	0	0
141017101215381	141017101	2018-12-24		0			0	0	0	0	0	12.33	1	19.000	Working	0	0	0	0	0	0	0	0	0	0	0	0	0	0
141017101215383	141017101	2018-12-24		0			0	0	0	0	0	12.33	3	19.000	Working	0	0	0	0	0	0	0	0	0	0	0	0	0	0
141017101215531	141017101	2019-01-08		0			0	0	0	0	0	12.05	1	19.000	Working	0	0	0	0	0	0	0	0	0	0	0	0	0	0
141017101215533	141017101	2019-01-08		0			0	0	0	0	0	12.05	3	19.000	Working	0	0	0	0	0	0	0	0	0	0	0	0	0	0
141017101215661	141017101	2019-01-21		0			0	0	0	0	0	12.25	1	19.000	Working	0	0	0	0	0	0	0	0	0	0	0	0	0	0
141017101215663	141017101	2019-01-21		0			0	0	0	0	0	12.25	3	19.000	Working	0	0	0	0	0	0	0	0	0	0	0	0	0	0
141017101215801	141017101	2019-02-04		0			0	0	0	0	0	12.57	1	19.000	Working	0	0	0	0	0	0	0	0	0	0	0	0	0	0
141017101215803	141017101	2019-02-04		0			0	0	0	0	0	12.57	3	19.000	Working	0	0	0	0	0	0	0	0	0	0	0	0	0	0
141017101215941	141017101	2019-02-18		0			0	0	0	0	0	12.08	1	19.000	Working	0	0	0	0	0	0	0	0	0	0	0	0	0	0
141017101215943	141017101	2019-02-18		0			0	0	0	0	0	12.08	3	19.000	Working	0	0	0	0	0	0	0	0	0	0	0	0	0	0
141017101216081	141017101	2019-03-04	1	0	1	0	0	0	0	0	0	12.33	1	19.000	Working	0	0	0	0	0	0	0	0	0	0	0	0	0	0
141017101216083	141017101	2019-03-04		1			0	1	0	0	0	12.33	3	19.000	Working	0	1	0	1	0	0	0	0	0	0	0	0	1	0
141017101216221	141017101	2019-03-18	1	0	1	0	0	0	0	0	0	13.52	1	19.000	Working	0	0	0	0	0	0	0	0	0	0	0	0	0	0
141017101216223	141017101	2019-03-18		0			0	0	0	0	0	13.52	3	19.000	Working	0	1	0	1	0	1	0	0	0	0	0	0	0	0
141017101216361	141017101	2019-04-01		0			0	0	0	0	0	12.23	1	19.000	Working	0	0	0	0	0	0	0	0	0	0	0	0	0	0
141017101216363	141017101	2019-04-01		0			0	0	0	0	0	12.23	3	19.000	Working	0	0	0	0	0	0	0	0	0	0	0	0	0	0
141017101216501	141017101	2019-04-15		0			0	0	0	0	0	12.23	1	19.000	Working	0	0	0	0	0	0	0	0	0	0	0	0	0	0
141017101216503	141017101	2019-04-15		0			0	0	0	0	0	12.23	3	19.000	Working	0	0	0	0	0	0	0	0	0	0	0	0	0	0
141017101216641	141017101	2019-04-29		0			0	0	0	0	0	13.47	1	19.000	Working	0	0	0	0	0	0	0	0	0	0	0	0	0	0
141017101216643	141017101	2019-04-29		0			0	0	0	0	0	13.47	3	19.000	Working	0	0	0	0	0	0	0	0	0	0	0	0	0	0
141017101216781	141017101	2019-05-13		0			0	0	0	0	0	12.45	1	19.000	Working	0	0	0	0	0	0	0	0	0	0	0	0	0	0
141017101216782	141017101	2019-05-13		0			0	0	0	0	0	12.45	2	19.000	Working	0	0	0	0	0	0	0	0	0	0	0	0	0	0
141017101216921	141017101	2019-05-27		4			0	4	0	0	0	12.60	1	19.000	Working	0	7	0	7	0	3	0	0	0	0	0	0	4	0
141017101216923	141017101	2019-05-27		1			1	0	0	0	0	12.60	3	19.000	Working	0	1	0	1	0	0	0	0	0	0	0	0	1	0
141017101217061	141017101	2019-06-10	0	13	1	1	4	9	0	0	0	12.38	1	19.000	Working	0	15	0	15	0	2	0	0	0	0	0	0	13	0
141017101217063	141017101	2019-06-10		10			6	4	0	0	0	12.38	3	19.000	Working	0	10	0	10	0	0	0	0	0	0	0	0	10	0
141017101217201	141017101	2019-06-24		8			3	5	0	0	0	12.63	1	19.000	Working	0	9	0	9	0	1	0	0	0	0	0	0	8	0
141017101217202	141017101	2019-06-24		6			4	2	0	0	0	12.63	2	19.000	Working	0	6	0	6	0	0	0	0	0	0	0	0	6	0
141017101217341	141017101	2019-07-08		2			0	2	0	0	0	12.60	1	19.000	Working	0	2	0	2	0	0	0	0	0	0	0	0	2	0
141017101217343	141017101	2019-07-08		1			0	1	0	0	0	12.60	3	19.000	Working	0	1	0	1	0	0	0	0	0	0	0	0	1	0
141017101217481	141017101	2019-07-22		2			1	1	0	3	0	13.47	1	19.000	Working	0	5	0	5	0	0	0	0	0	0	0	0	2	0
141017101217483	141017101	2019-07-22		3			1	2	0	0	0	13.47	3	19.000	Working	0	3	0	3	0	0	0	0	0	0	0	0	3	0
141017101217621	141017101	2019-08-05	1	3	1	0	0	3	0	0	0	12.63	1	19.000	Working	0	3	0	3	0	0	0	0	0	0	0	0	3	0
141017101217623	141017101	2019-08-05		0			0	0	0	0	0	12.63	3	19.000	Working	0	0	0	0	0	0	0	0	0	0	0	0	0	0
141017101217761	141017101	2019-08-19		0			0	0	0	0	0	11.97	1	19.000	Working	0	0	0	0	0	0	0	0	0	0	0	0	0	0
141017101217762	141017101	2019-08-19		0			0	0	0	0	0	11.97	2	19.000	Working	0	0	0	0	0	0	0	0	0	0	0	0	0	0
141017101217901	141017101	2019-09-02		1			0	1	0	0	0	12.32	1	19.000	Working	0	1	0	1	0	0	0	0	0	0	0	0	1	0
141017101217903	141017101	2019-09-02		0			0	0	0	0	0	12.32	3	19.000	Working	0	0	0	0	0	0	0	0	0	0	0	0	0	0
141017101218041	141017101	2019-09-16		0			0	0	0	0	0	13.65	1	19.000	Working	0	0	0	0	0	0	0	0	0	0	0	0	0	0
141017101218042	141017101	2019-09-16		0			0	0	0	0	0	13.65	2	19.000		0	0	0	0	0	0	0	0	0	0	0	0	0	0
141017101218043	141017101	2019-09-16										13.65	3	19.000	Working														
141017101218181	141017101	2019-09-30		0			0	0	0	0	0	13.95	1	19.000	Working	0	0	0	0	0	0	0	0	0	0	0	0	0	0
141017101218183	141017101	2019-09-30		0			0	0	0	0	0	13.95	3	19.000	Working	0	0	0	0	0	0	0	0	0	0	0	0	0	0
141017101218321	141017101	2019-10-14	1	3	1	0	2	1	0	0	0	13.45	1	19.000	Working	0	3	0	3	0	0	0	0	0	0	0	0	3	0
141017101218323	141017101	2019-10-14		0			0	0	0	0	0	13.45	3	19.000	Working	0	0	0	0	0	0	0	0	0	0	0	0	0	0
141017201211311	141017201	2017-11-01		0			0	0	0	0	0	12.00	1	19.000	Working	0	0	0	0	0	0	0	0	0	0	0	0	0	0
141017201211312	141017201	2017-11-01		0			0	0	0	0	0	12.00	2	19.000	Working	0	0	0	0	0	0	0	0	0	0	0	0	0	0
141017201211461	141017201	2017-11-16		1			0	1	0	0	0	13.62	1	19.000	Working	0	1	0	1	0	0	0	0	0	0	0	0	1	0
141017201211462	141017201	2017-11-16		0			0	0	0	0	0	13.62	2	19.000	Working	0	0	0	0	0	0	0	0	0	0	0	0	0	0
141017201211601	141017201	2017-11-30		0			0	0	0	0	0	11.73	1	19.000	Working	0	0	0	0	0	0	0	0	0	0	0	0	0	0
141017201211602	141017201	2017-11-30		0			0	0	0	0	0	11.73	2	19.000	Working	0	0	0	0	0	0	0	0	0	0	0	0	0	0
141017201211741	141017201	2017-12-14		0			0	0	0	0	0	12.62	1	19.000	Working	0	0	0	0	0	0	0	0	0	0	0	0	0	0
141017201211742	141017201	2017-12-14		0			0	0	0	0	0	12.62	2	19.000	Working	0	0	0	0	0	0	0	0	0	0	0	0	0	0
141017201211891	141017201	2017-12-29		0			0	0	0	0	0	12.63	1	19.000	Working	0	0	0	0	0	0	0	0	0	0	0	0	0	0
141017201211892	141017201	2017-12-29		0			0	0	0	0	0	12.63	2	19.000	Working	0	0	0	0	0	0	0	0	0	0	0	0	0	0
141017201212031	141017201	2018-01-12		0			0	0	0	0	0	12.17	1	19.000	Working	0	0	0	0	0	0	0	0	0	0	0	0	0	0
141017201212032	141017201	2018-01-12		0			0	0	0	0	0	12.17	2	19.000	Working	0	0	0	0	0	0	0	0	0	0	0	0	0	0
141017201212161	141017201	2018-01-25		0			0	0	0	0	0	11.92	1	19.000	Working	0	0	0	0	0	0	0	0	0	0	0	0	0	0
141017201212162	141017201	2018-01-25		0			0	0	0	0	0	11.92	2	19.000	Working	0	0	0	0	0	0	0	0	0	0	0	0	0	0
141017201212301	141017201	2018-02-08		0			0	0	0	0	0	13.73	1	19.000	Working	0	0	0	0	0	0	0	0	0	0	0	0	0	0
141017201212302	141017201	2018-02-08		0			0	0	0	0	0	13.73	2	19.000	Working	0	0	0	0	0	0	0	0	0	0	0	0	0	0
141017201212441	141017201	2018-02-22		0			0	0	0	0	0	12.40	1	19.000	Working	0	0	0	0	0	0	0	0	0	0	0	0	0	0
141017201212442	141017201	2018-02-22		0			0	0	0	0	0	12.40	2	19.000	Working	0	0	0	0	0	0	0	0	0	0	0	0	0	0
141017201212581	141017201	2018-03-08		0			0	0	0	0	0	12.65	1	19.000	Working	0	0	0	0	0	0	0	0	0	0	0	0	0	0
141017201212582	141017201	2018-03-08		0			0	0	0	0	0	12.65	2	19.000	Working	0	0	0	0	0	0	0	0	0	0	0	0	0	0
141017201212721	141017201	2018-03-22		0			0	0	0	0	0	13.53	1	19.000	Working	0	1	0	1	0	1	0	0	0	0	0	0	0	0
141017201212722	141017201	2018-03-22		0			0	0	0	0	0	13.53	2	19.000	Working	0	1	0	1	0	1	0	0	0	0	0	0	0	0
141017201212861	141017201	2018-04-05		0			0	0	0	0	0	13.63	1	19.000	Working	0	0	0	0	0	0	0	0	0	0	0	0	0	0
141017201212862	141017201	2018-04-05		4			2	2	0	0	0	13.63	2	19.000	Working	0	4	0	4	0	0	0	0	0	0	0	0	4	0
141017201213001	141017201	2018-04-19	1	2	1	0	0	2	0	1	0	14.32	1	19.000	Working	0	3	0	3	0	0	0	0	0	0	0	0	2	0
141017201213002	141017201	2018-04-19		1			1	0	0	0	0	14.32	2	19.000	Working	0	1	0	1	0	0	0	0	0	0	0	0	1	0
141017201213141	141017201	2018-05-03		22			5	17	0	0	0	14.02	1	19.000	Working	0	22	0	22	0	0	0	0	0	0	0	0	22	0
141017201213142	141017201	2018-05-03		16			9	7	0	0	0	14.02	2	19.000	Working	0	16	0	16	0	0	0	0	0	0	0	0	16	0
141017201213281	141017201	2018-05-17		4			3	1	0	0	0	13.52	1	19.000	Working	0	7	0	7	0	0	0	0	0	3	0	0	4	0
141017201213282	141017201	2018-05-17		12			4	8	0	0	0	13.52	2	19.000	Working	0	12	0	12	0	0	0	0	0	0	0	0	12	0
141017201213421	141017201	2018-05-31		4			1	3	0	0	0	12.50	1	19.000	Working	0	4	0	4	0	0	0	0	0	0	0	0	4	0
141017201213422	141017201	2018-05-31		8			3	5	0	0	0	12.50	2	19.000	Working	0	12	0	12	0	2	0	0	0	2	0	0	8	0
141017201213561	141017201	2018-06-14		0			0	0	0	0	0	12.53	1	19.000	Working	0	0	0	0	0	0	0	0	0	0	0	0	0	0
141017201213562	141017201	2018-06-14		0			0	0	0	0	0	12.53	2	19.000	Working	0	0	0	0	0	0	0	0	0	0	0	0	0	0
141017201213701	141017201	2018-06-28		0			0	0	0	0	0	13.62	1	19.000	Working	0	1	0	1	0	0	0	0	0	1	0	0	0	0
141017201213702	141017201	2018-06-28		0			0	0	0	0	0	13.62	2	19.000	Working	0	0	0	0	0	0	0	0	0	0	0	0	0	0
141017201213841	141017201	2018-07-12		0			0	0	0	0	0	12.62	1	19.000	Working	0	0	0	0	0	0	0	0	0	0	0	0	0	0
141017201213842	141017201	2018-07-12		0			0	0	0	0	0	12.62	2	19.000	Working	0	0	0	0	0	0	0	0	0	0	0	0	0	0
141017201213981	141017201	2018-07-26		0			0	0	0	0	0	12.55	1	19.000	Working	0	0	0	0	0	0	0	0	0	0	0	0	0	0
141017201213982	141017201	2018-07-26		0			0	0	0	0	0	12.55	2	19.000	Working	0	0	0	0	0	0	0	0	0	0	0	0	0	0
141017201214121	141017201	2018-08-09		0			0	0	0	0	0	12.58	1	19.000	Working	0	0	0	0	0	0	0	0	0	0	0	0	0	0
141017201214122	141017201	2018-08-09		0			0	0	0	0	0	12.58	2	19.000	Working	0	0	0	0	0	0	0	0	0	0	0	0	0	0
141017201214261	141017201	2018-08-23		0			0	0	0	0	0	12.60	1	19.000	Working	0	0	0	0	0	0	0	0	0	0	0	0	0	0
141017201214262	141017201	2018-08-23		0			0	0	0	0	0	12.60	2	19.000	Working	0	1	0	1	0	0	0	0	0	1	0	0	0	0
141017201214401	141017201	2018-09-06		0			0	0	0	0	0	12.00	1	19.000	Working	0	0	0	0	0	0	0	0	0	0	0	0	0	0
141017201214402	141017201	2018-09-06		0			0	0	0	0	0	12.00	2	19.000	Working	0	0	0	0	0	0	0	0	0	0	0	0	0	0
141017201214561	141017201	2018-09-22		0			0	0	0	0	0	12.65	1	19.000	Working	0	0	0	0	0	0	0	0	0	0	0	0	0	0
141017201214562	141017201	2018-09-22		0			0	0	0	0	0	12.65	2	19.000	Working	0	0	0	0	0	0	0	0	0	0	0	0	0	0
141017201214681	141017201	2018-10-04		0			0	0	0	0	0	12.28	1	19.000	Working	0	0	0	0	0	0	0	0	0	0	0	0	0	0
141017201214682	141017201	2018-10-04		1			1	0	0	0	0	12.28	2	19.000	Working	0	1	0	1	0	0	0	0	0	0	0	0	1	0
141017201214821	141017201	2018-10-18		0			0	0	0	1	0	13.52	1	19.000	Working	0	1	0	1	0	0	0	0	0	0	0	0	0	0
141017201214822	141017201	2018-10-18		0			0	0	0	0	0	13.52	2	19.000	Working	0	0	0	0	0	0	0	0	0	0	0	0	0	0
141017201214961	141017201	2018-11-01		0			0	0	0	0	0	12.12	1	19.000	Working	0	0	0	0	0	0	0	0	0	0	0	0	0	0
141017201214962	141017201	2018-11-01		1			1	0	0	0	0	12.12	2	19.000	Working	0	4	0	4	0	3	0	0	0	0	0	0	1	0
141017201215101	141017201	2018-11-15		0			0	0	0	0	0	13.98	1	19.000	Working	0	0	0	0	0	0	0	0	0	0	0	0	0	0
141017201215102	141017201	2018-11-15		0			0	0	0	0	0	13.98	2	19.000	Working	0	0	0	0	0	0	0	0	0	0	0	0	0	0
141017201215241	141017201	2018-11-29		0			0	0	0	0	0	12.03	1	19.000	Working	0	0	0	0	0	0	0	0	0	0	0	0	0	0
141017201215242	141017201	2018-11-29		0			0	0	0	0	0	12.03	2	19.000	Working	0	0	0	0	0	0	0	0	0	0	0	0	0	0
141017201215381	141017201	2018-12-13		0			0	0	0	0	0	12.42	1	19.000	Working	0	0	0	0	0	0	0	0	0	0	0	0	0	0
141017201215382	141017201	2018-12-13		0			0	0	0	0	0	12.42	2	19.000	Working	0	0	0	0	0	0	0	0	0	0	0	0	0	0
141017201215531	141017201	2018-12-28		0			0	0	0	0	0	12.00	1	19.000	Working	1	0	0	0	0	0	0	0	0	0	0	0	0	0
141017201215532	141017201	2018-12-28		0			0	0	0	0	0	12.00	2	19.000	Working	0	0	0	0	0	0	0	0	0	0	0	0	0	0
141017201215661	141017201	2019-01-10		0			0	0	0	0	0	12.43	1	19.000	Working	0	0	0	0	0	0	0	0	0	0	0	0	0	0
141017201215662	141017201	2019-01-10		0			0	0	0	0	0	12.43	2	19.000	Working	0	0	0	0	0	0	0	0	0	0	0	0	0	0
141017201215801	141017201	2019-01-24		0			0	0	0	0	0	12.65	1	19.000	Working	0	0	0	0	0	0	0	0	0	0	0	0	0	0
141017201215802	141017201	2019-01-24		0			0	0	0	0	0	12.65	2	19.000	Working	0	0	0	0	0	0	0	0	0	0	0	0	0	0
141017201215941	141017201	2019-02-07		0			0	0	0	0	0	12.03	1	19.000	Working	0	0	0	0	0	0	0	0	0	0	0	0	0	0
141017201215942	141017201	2019-02-07		0			0	0	0	0	0	12.03	2	19.000	Working	0	0	0	0	0	0	0	0	0	0	0	0	0	0
141017201216081	141017201	2019-02-21		0			0	0	0	0	0	12.52	1	19.000	Working	0	0	0	0	0	0	0	0	0	0	0	0	0	0
141017201216082	141017201	2019-02-21		0			0	0	0	0	0	12.52	2	19.000	Working	0	0	0	0	0	0	0	0	0	0	0	0	0	0
141017201216221	141017201	2019-03-07		0			0	0	0	0	0	13.73	1	19.000	Working	0	0	0	0	0	0	0	0	0	0	0	0	0	0
141017201216222	141017201	2019-03-07		0			0	0	0	0	0	13.73	2	19.000	Working	0	0	0	0	0	0	0	0	0	0	0	0	0	0
141017201216361	141017201	2019-03-21		0			0	0	0	0	0	12.38	1	19.000	Working	0	0	0	0	0	0	0	0	0	0	0	0	0	0
141017201216362	141017201	2019-03-21		0			0	0	0	0	0	12.38	2	19.000	Working	0	0	0	0	0	0	0	0	0	0	0	0	0	0
141017201216501	141017201	2019-04-04		0			0	0	0	0	0	12.33	1	19.000	Working	0	0	0	0	0	0	0	0	0	0	0	0	0	0
141017201216502	141017201	2019-04-04		0			0	0	0	0	0	12.33	2	19.000	Working	0	0	0	0	0	0	0	0	0	0	0	0	0	0
141017201216641	141017201	2019-04-18		0			0	0	0	0	0	13.60	1	19.000	Working	0	0	0	0	0	0	0	0	0	0	0	0	0	0
141017201216642	141017201	2019-04-18		0			0	0	0	0	0	13.60	2	19.000	Working	0	0	0	0	0	0	0	0	0	0	0	0	0	0
141017201216781	141017201	2019-05-02		0			0	0	0	0	0	12.43	1	19.000	Working	0	0	0	0	0	0	0	0	0	0	0	0	0	0
141017201216782	141017201	2019-05-02		0			0	0	0	0	0	12.43	2	19.000	Working	0	0	0	0	0	0	0	0	0	0	0	0	0	0
141017201216921	141017201	2019-05-16		1			1	0	0	0	0	13.38	1	19.000	Working	0	2	0	2	0	1	0	0	0	0	0	0	1	0
141017201216922	141017201	2019-05-16		0			0	0	0	0	0	13.38	2	19.000	Working	0	0	0	0	0	0	0	0	0	0	0	0	0	0
141017201217061	141017201	2019-05-30	1	10	1	0	4	6	0	0	0	12.52	1	19.000	Working	0	12	0	12	0	2	0	0	0	0	0	0	10	0
141017201217062	141017201	2019-05-30		13			4	9	0	0	0	12.52	2	19.000	Working	0	16	0	16	0	3	0	0	0	0	0	0	13	0
141017201217201	141017201	2019-06-13	1	25	1	0	16	9	0	0	0	13.52	1	19.000	Working	0	37	0	37	0	12	0	0	0	0	0	0	25	0
141017201217202	141017201	2019-06-13		2			1	1	0	2	0	13.52	2	19.000	Working	0	6	0	6	0	2	0	0	0	0	0	0	2	0
141017201217341	141017201	2019-06-27		8			6	2	0	0	0	13.45	1	19.000	Working	0	10	0	10	0	2	0	0	0	0	0	0	8	0
141017201217342	141017201	2019-06-27		2			1	1	0	0	0	13.45	2	19.000	Working	0	2	0	2	0	0	0	0	0	0	0	0	2	0
141017201217481	141017201	2019-07-11		0			0	0	0	2	0	13.62	1	19.000	Working	0	2	0	2	0	0	0	0	0	0	0	0	0	0
141017201217482	141017201	2019-07-11		2			2	0	0	3	0	13.62	2	19.000	Working	0	6	0	6	0	0	0	0	0	1	0	0	2	0
141017201217621	141017201	2019-07-25		0			0	0	0	0	0	13.52	1	19.000	Working	0	0	0	0	0	0	0	0	0	0	0	0	0	0
141017201217622	141017201	2019-07-25		0			0	0	0	0	0	13.52	2	19.000	Working	0	2	0	2	0	0	0	0	0	2	0	0	0	0
141017201217761	141017201	2019-08-08		0			0	0	0	0	0	11.92	1	19.000	Working	0	0	0	0	0	0	0	0	0	0	0	0	0	0
141017201217762	141017201	2019-08-08		0			0	0	0	0	0	11.92	2	19.000	Working	0	0	0	0	0	0	0	0	0	0	0	0	0	0
141017201217901	141017201	2019-08-22		0			0	0	0	0	0	12.27	1	19.000	Working	0	0	0	0	0	0	0	0	0	0	0	0	0	0
141017201217902	141017201	2019-08-22		0			0	0	0	0	0	12.27	2	19.000	Working	0	0	0	0	0	0	0	0	0	0	0	0	0	0
141017201218041	141017201	2019-09-05		0			0	0	0	0	0	13.45	1	19.000	Working	0	0	0	0	0	0	0	0	0	0	0	0	0	0
141017201218042	141017201	2019-09-05		0			0	0	0	0	0	13.45	2	19.000	Working	0	0	0	0	0	0	0	0	0	0	0	0	0	0
141017201218181	141017201	2019-09-19	1	0	1	0	0	0	0	0	0	13.72	1	19.000	Working	0	0	0	0	0	0	0	0	0	0	0	0	0	0
141017201218182	141017201	2019-09-19		1			0	1	0	0	0	13.72	2	19.000	Working	0	2	0	2	0	1	0	0	0	0	0	0	1	0
141017201218321	141017201	2019-10-03		1			0	1	0	0	0	13.65	1	19.000	Working	0	1	0	1	0	0	0	0	0	0	0	0	1	0
141017201218322	141017201	2019-10-03		0			0	0	0	0	0	13.65	2	19.000	Working	0	0	0	0	0	0	0	0	0	0	0	0	0	0
143000601211311	143000601	2017-11-07		1			0	1	0	0	0	12.48	1	19.000	Working	0	2	0	1	0	0	0	1	0	0	0	0	1	1
143000601211312	143000601	2017-11-07		1			1	0	0	0	0	12.48	2	19.000	Working	0	1	0	0	0	0	0	1	0	0	0	0	0	1
143000601211313	143000601	2017-11-07		0			0	0	0	0	0	12.48	3	19.000	Working	0	1	0	0	0	0	0	1	0	0	1	0	0	0
143000601211461	143000601	2017-11-22		0			0	0	0	0	0	11.97	1	19.000	Working	0	0	0	0	0	0	0	0	0	0	0	0	0	0
143000601211462	143000601	2017-11-22		0			0	0	0	0	0	11.97	2	19.000	Working	0	0	0	0	0	0	0	0	0	0	0	0	0	0
143000601211463	143000601	2017-11-22		1			1	0	0	1	0	11.97	3	19.000	Working	0	3	0	2	0	0	0	1	0	0	0	0	1	1
143000601211601	143000601	2017-12-06		0			0	0	0	1	0	11.92	1	19.000	Working	0	1	0	1	0	0	0	0	0	0	0	0	0	0
143000601211602	143000601	2017-12-06		0			0	0	0	0	0	11.92	2	19.000	Working	0	0	0	0	0	0	0	0	0	0	0	0	0	0
143000601211603	143000601	2017-12-06		0			0	0	0	0	0	11.92	3	19.000	Working	0	0	0	0	0	0	0	0	0	0	0	0	0	0
143000601211741	143000601	2017-12-20		0			0	0	0	0	0	11.95	1	19.000	Working	0	0	0	0	0	0	0	0	0	0	0	0	0	0
143000601211742	143000601	2017-12-20		0			0	0	0	0	0	11.95	2	19.000	Working	0	0	0	0	0	0	0	0	0	0	0	0	0	0
143000601211743	143000601	2017-12-20		0			0	0	0	0	0	11.95	3	19.000	Working	0	0	0	0	0	0	0	0	0	0	0	0	0	0
143000601211891	143000601	2018-01-04		0			0	0	0	0	0	12.37	1	19.000	Working	0	0	0	0	0	0	0	0	0	0	0	0	0	0
143000601211892	143000601	2018-01-04		0			0	0	0	0	0	12.37	2	19.000	Working	0	0	0	0	0	0	0	0	0	0	0	0	0	0
143000601211893	143000601	2018-01-04		0			0	0	0	0	0	12.37	3	19.000	Working	0	0	0	0	0	0	0	0	0	0	0	0	0	0
143000601212031	143000601	2018-01-18		0			0	0	0	0	0	12.03	1	19.000	Working	0	0	0	0	0	0	0	0	0	0	0	0	0	0
143000601212032	143000601	2018-01-18		0			0	0	0	0	0	12.03	2	19.000	Working	0	0	0	0	0	0	0	0	0	0	0	0	0	0
143000601212033	143000601	2018-01-18		0			0	0	0	0	0	12.03	3	19.000	Working	0	0	0	0	0	0	0	0	0	0	0	0	0	0
143000601212161	143000601	2018-01-31		0			0	0	0	0	0	12.08	1	19.000	Working	0	0	0	0	0	0	0	0	0	0	0	0	0	0
143000601212162	143000601	2018-01-31		0			0	0	0	0	0	12.08	2	19.000	Working	0	0	0	0	0	0	0	0	0	0	0	0	0	0
143000601212163	143000601	2018-01-31		0			0	0	0	0	0	12.08	3	19.000	Working	0	0	0	0	0	0	0	0	0	0	0	0	0	0
143000601212301	143000601	2018-02-14		0			0	0	0	0	0	11.90	1	19.000	Working	0	0	0	0	0	0	0	0	0	0	0	0	0	0
143000601212302	143000601	2018-02-14		0			0	0	0	0	0	11.90	2	19.000	Working	0	0	0	0	0	0	0	0	0	0	0	0	0	0
143000601212303	143000601	2018-02-14		0			0	0	0	0	0	11.90	3	19.000	Working	0	0	0	0	0	0	0	0	0	0	0	0	0	0
143000601212441	143000601	2018-02-28		0			0	0	0	0	0	11.88	1	19.000	Working	0	0	0	0	0	0	0	0	0	0	0	0	0	0
143000601212442	143000601	2018-02-28		0			0	0	0	0	0	11.88	2	19.000	Working	0	0	0	0	0	0	0	0	0	0	0	0	0	0
143000601212443	143000601	2018-02-28		0			0	0	0	0	0	11.88	3	19.000	Working	0	0	0	0	0	0	0	0	0	0	0	0	0	0
143000601212581	143000601	2018-03-14	1	0	1	0	0	0	0	1	0	11.83	1	19.000	Working	0	1	0	1	0	0	0	0	0	0	0	0	0	0
143000601212582	143000601	2018-03-14		0			0	0	0	0	0	11.83	2	19.000	Working	0	0	0	0	0	0	0	0	0	0	0	0	0	0
143000601212583	143000601	2018-03-14		0			0	0	0	0	0	11.83	3	19.000	Working	0	0	0	0	0	0	0	0	0	0	0	0	0	0
143000601212721	143000601	2018-03-28		0			0	0	0	0	0	12.50	1	19.000	Working	0	0	0	0	0	0	0	0	0	0	0	0	0	0
143000601212722	143000601	2018-03-28		0			0	0	0	0	0	12.50	2	19.000	Working	0	0	0	0	0	0	0	0	0	0	0	0	0	0
143000601212723	143000601	2018-03-28		2			1	1	0	1	0	12.50	3	19.000	Working	0	3	0	3	0	0	0	0	0	0	0	0	2	0
143000601212861	143000601	2018-04-11	3	14	3	0	4	10	0	0	0	14.08	1	19.000	Working	0	15	0	15	0	1	0	0	0	0	0	0	14	0
143000601212862	143000601	2018-04-11		0			0	0	0	0	0	14.08	2	19.000	Working	0	0	0	0	0	0	0	0	0	0	0	0	0	0
143000601212863	143000601	2018-04-11		16			7	9	0	0	0	14.08	3	19.000	Working	0	19	0	19	0	3	0	0	0	0	0	0	16	0
143000601213001	143000601	2018-04-25	1	3	1	0	2	1	0	1	0	14.13	1	19.000	Working	0	4	0	4	0	0	0	0	0	0	0	0	3	0
143000601213002	143000601	2018-04-25		2			0	2	0	0	0	14.13	2	19.000	Working	0	2	0	2	0	0	0	0	0	0	0	0	2	0
143000601213003	143000601	2018-04-25		8			4	4	0	2	0	14.13	3	19.000	Working	0	12	0	12	0	0	0	0	0	2	0	0	8	0
143000601213141	143000601	2018-05-09	1	7	1	0	2	5	0	0	0	12.00	1	19.000	Working	0	7	0	7	0	0	0	0	0	0	0	0	7	0
143000601213142	143000601	2018-05-09		11			6	5	0	0	0	12.00	2	19.000	Working	0	11	0	11	0	0	0	0	0	0	0	0	11	0
143000601213143	143000601	2018-05-09		35			20	15	0	0	0	12.00	3	19.000	Working	0	35	0	35	0	0	0	0	0	0	0	0	35	0
143000601213281	143000601	2018-05-23	2	6	2	0	2	4	0	1	0	12.23	1	19.000	Working	0	10	0	10	0	2	0	0	0	1	0	0	6	0
143000601213282	143000601	2018-05-23		12			5	7	0	1	0	12.23	2	19.000	Working	0	15	0	14	0	1	0	1	0	0	1	0	12	0
143000601213283	143000601	2018-05-23		27			9	18	0	0	0	12.23	3	19.000	Working	0	40	0	40	0	5	0	0	0	8	0	0	27	0
143000601213421	143000601	2018-06-06	1	15	1	0	10	5	0	0	2	12.25	1	19.000	Working	0	22	0	20	0	2	0	2	0	3	0	0	15	0
143000601213422	143000601	2018-06-06		6			2	4	0	0	0	12.25	2	19.000	Working	0	10	0	10	0	4	0	0	0	0	0	0	6	0
143000601213423	143000601	2018-06-06		9			5	4	0	0	0	12.25	3	19.000	Working	0	14	0	12	0	1	0	2	0	2	0	0	9	2
143000601213561	143000601	2018-06-20		7			2	5	0	0	0	12.15	1	19.000	Working	0	7	0	7	0	0	0	0	0	0	0	0	7	0
143000601213562	143000601	2018-06-20		2			0	2	0	0	0	12.15	2	19.000	Working	0	3	0	3	0	1	0	0	0	0	0	0	2	0
143000601213563	143000601	2018-06-20		13			4	9	0	0	0	12.15	3	19.000	Working	0	15	0	15	0	2	0	0	0	0	0	0	13	0
143000601213701	143000601	2018-07-04		0			0	0	0	0	0	12.30	1	19.000	Working	0	2	0	0	0	0	0	2	0	0	0	0	0	2
143000601213702	143000601	2018-07-04		0			0	0	0	0	0	12.30	2	19.000	Working	0	2	0	0	0	0	0	2	0	0	0	0	0	2
143000601213703	143000601	2018-07-04		1			0	1	0	0	2	12.30	3	19.000	Working	0	3	0	0	0	0	0	3	0	0	0	0	0	1
143000601213841	143000601	2018-07-18	2	0	2	0	0	0	0	0	0	11.93	1	19.000	Working	0	0	0	0	0	0	0	0	0	0	0	0	0	0
143000601213842	143000601	2018-07-18		2			0	2	0	0	0	11.93	2	19.000	Working	0	4	0	2	0	0	0	2	0	0	0	0	2	2
143000601213843	143000601	2018-07-18		2			1	1	0	0	0	11.93	3	19.000	Working	0	6	0	2	0	0	1	4	0	0	0	0	2	3
143000601213981	143000601	2018-08-01	1	0	1	0	0	0	0	0	0	11.98	1	19.000	Working	0	2	0	2	0	2	0	0	0	0	0	0	0	0
143000601213982	143000601	2018-08-01		2			0	2	0	0	0	11.98	2	19.000	Working	0	3	0	3	0	1	0	0	0	0	0	0	2	0
143000601213983	143000601	2018-08-01		2			1	1	0	0	0	11.98	3	19.000	Working	0	3	0	3	0	1	0	0	0	0	0	0	2	0
143000601214121	143000601	2018-08-15		0			0	0	0	0	0	12.05	1	19.000	Working	0	0	0	0	0	0	0	0	0	0	0	0	0	0
143000601214122	143000601	2018-08-15		0			0	0	0	0	0	12.05	2	19.000	Working	0	0	0	0	0	0	0	0	0	0	0	0	0	0
143000601214123	143000601	2018-08-15		0			0	0	0	0	0	12.05	3	19.000	Working	0	0	0	0	0	0	0	0	0	0	0	0	0	0
143000601214261	143000601	2018-08-29	1	3	1	0	0	3	0	3	0	12.08	1	19.000	Working	0	7	0	6	0	0	0	1	0	0	0	0	3	1
143000601214262	143000601	2018-08-29		1			1	0	0	0	0	12.08	2	19.000	Working	0	1	0	1	0	0	0	0	0	0	0	0	1	0
143000601214263	143000601	2018-08-29		9			6	3	0	0	0	12.08	3	19.000	Working	0	9	0	9	0	0	0	0	0	0	0	0	9	0
143000601214401	143000601	2018-09-12		0			0	0	0	0	0	11.75	1	19.000	Working	0	0	0	0	0	0	0	0	0	0	0	0	0	0
143000601214402	143000601	2018-09-12		0			0	0	0	0	0	11.75	2	19.000	Working	0	0	0	0	0	0	0	0	0	0	0	0	0	0
143000601214403	143000601	2018-09-12		0			0	0	0	0	0	11.75	3	19.000	Working	0	0	0	0	0	0	0	0	0	0	0	0	0	0
143000601214561	143000601	2018-09-28		0			0	0	0	0	0	12.12	1	19.000	Working	0	0	0	0	0	0	0	0	0	0	0	0	0	0
143000601214562	143000601	2018-09-28		0			0	0	0	0	0	12.12	2	19.000	Working	0	0	0	0	0	0	0	0	0	0	0	0	0	0
143000601214563	143000601	2018-09-28		0			0	0	0	0	0	12.12	3	19.000	Working	0	0	0	0	0	0	0	0	0	0	0	0	0	0
143000601214681	143000601	2018-10-10		0			0	0	0	0	0	13.83	1	19.000	Working	0	0	0	0	0	0	0	0	0	0	0	0	0	0
143000601214682	143000601	2018-10-10		2			0	2	0	0	0	13.83	2	19.000	Working	0	2	0	2	0	0	0	0	0	0	0	0	2	0
143000601214683	143000601	2018-10-10		0			0	0	0	0	0	13.83	3	19.000	Working	0	1	0	1	0	0	0	0	0	1	0	0	0	0
143000601214821	143000601	2018-10-24		5			2	3	0	0	0	13.77	1	19.000	Working	0	5	0	5	0	0	0	0	0	0	0	0	5	0
143000601214822	143000601	2018-10-24		2			0	2	0	0	0	13.77	2	19.000	Working	0	2	0	2	0	0	0	0	0	0	0	0	2	0
143000601214823	143000601	2018-10-24		3			1	2	0	0	0	13.77	3	19.000	Working	0	3	0	3	0	0	0	0	0	0	0	0	3	0
143000601214961	143000601	2018-11-07	1	4	2	1	0	4	0	3	0	12.12	1	19.000	Working	0	7	0	7	0	0	0	0	0	0	0	0	4	0
143000601214962	143000601	2018-11-07		9			2	7	0	0	0	12.12	2	19.000	Working	0	9	0	9	0	0	0	0	0	0	0	0	9	0
143000601214963	143000601	2018-11-07		6			3	3	0	0	0	12.12	3	19.000	Working	0	6	0	6	0	0	0	0	0	0	0	0	6	0
143000601215101	143000601	2018-11-21		0			0	0	0	0	0	12.02	1	19.000	Working	0	0	0	0	0	0	0	0	0	0	0	0	0	0
143000601215102	143000601	2018-11-21		0			0	0	0	0	0	12.02	2	19.000	Working	0	0	0	0	0	0	0	0	0	0	0	0	0	0
143000601215103	143000601	2018-11-21		0			0	0	0	0	0	12.02	3	19.000	Working	0	0	0	0	0	0	0	0	0	0	0	0	0	0
143000601215241	143000601	2018-12-05	2	0	2	0	0	0	0	0	0	13.48	1	19.000	Working	0	0	0	0	0	0	0	0	0	0	0	0	0	0
143000601215242	143000601	2018-12-05		2			0	2	0	0	0	13.48	2	19.000	Working	0	2	0	2	0	0	0	0	0	0	0	0	2	0
143000601215243	143000601	2018-12-05		0			0	0	0	0	0	13.48	3	19.000	Working	0	0	0	0	0	0	0	0	0	0	0	0	0	0
143000601215381	143000601	2018-12-19		0			0	0	0	0	0	11.75	1	19.000	Working	0	0	0	0	0	0	0	0	0	0	0	0	0	0
143000601215382	143000601	2018-12-19		0			0	0	0	0	0	11.75	2	19.000	Working	0	0	0	0	0	0	0	0	0	0	0	0	0	0
143000601215383	143000601	2018-12-19		0			0	0	0	0	0	11.75	3	19.000	Working	0	0	0	0	0	0	0	0	0	0	0	0	0	0
143000601215531	143000601	2019-01-03	1	0	1	0	0	0	0	0	0	11.75	1	19.000	Working	0	0	0	0	0	0	0	0	0	0	0	0	0	0
143000601215532	143000601	2019-01-03		0			0	0	0	0	0	11.75	2	19.000	Working	0	0	0	0	0	0	0	0	0	0	0	0	0	0
143000601215533	143000601	2019-01-03		1			0	1	0	0	0	11.75	3	19.000	Working	0	1	0	1	0	0	0	0	0	0	0	0	1	0
143000601215661	143000601	2019-01-16	1	0	1	0	0	0	0	0	0	11.67	1	19.000	Working	0	1	0	1	0	0	0	0	0	1	0	0	0	0
143000601215662	143000601	2019-01-16		0			0	0	0	0	0	11.67	2	19.000	Working	0	0	0	0	0	0	0	0	0	0	0	0	0	0
143000601215663	143000601	2019-01-16		0			0	0	0	0	0	11.67	3	19.000	Working	0	0	0	0	0	0	0	0	0	0	0	0	0	0
143000601215801	143000601	2019-01-30		0			0	0	0	0	0	11.80	1	19.000	Working	0	0	0	0	0	0	0	0	0	0	0	0	0	0
143000601215802	143000601	2019-01-30		0			0	0	0	0	0	11.80	2	19.000	Working	0	0	0	0	0	0	0	0	0	0	0	0	0	0
143000601215803	143000601	2019-01-30		0			0	0	0	0	0	11.80	3	19.000	Working	0	0	0	0	0	0	0	0	0	0	0	0	0	0
143000601215941	143000601	2019-02-13		0			0	0	0	0	0	13.53	1	19.000	Working	0	0	0	0	0	0	0	0	0	0	0	0	0	0
143000601215942	143000601	2019-02-13		0			0	0	0	0	0	13.53	2	19.000	Working	0	0	0	0	0	0	0	0	0	0	0	0	0	0
143000601215943	143000601	2019-02-13		0			0	0	0	0	0	13.53	3	19.000	Working	0	0	0	0	0	0	0	0	0	0	0	0	0	0
143000601216081	143000601	2019-02-27	3	0	3	0	0	0	0	0	0	11.93	1	19.000	Working	0	0	0	0	0	0	0	0	0	0	0	0	0	0
143000601216082	143000601	2019-02-27		1			0	1	0	0	0	11.93	2	19.000	Working	0	1	0	1	0	0	0	0	0	0	0	0	1	0
143000601216083	143000601	2019-02-27		1			0	1	0	1	0	11.93	3	19.000	Working	0	3	0	3	0	0	0	0	0	1	0	0	1	0
143000601216221	143000601	2019-03-13	2	2	2	0	0	2	0	0	0	13.90	1	19.000	Working	0	2	0	2	0	0	0	0	0	0	0	0	2	0
143000601216222	143000601	2019-03-13		0			0	0	0	0	0	13.90	2	19.000	Working	0	0	0	0	0	0	0	0	0	0	0	0	0	0
143000601216223	143000601	2019-03-13		0			0	0	0	0	0	13.90	3	19.000	Working	0	0	0	0	0	0	0	0	0	0	0	0	0	0
143000601216361	143000601	2019-03-27	1	1	1	0	0	1	0	0	0	12.47	1	19.000	Working	0	1	0	1	0	0	0	0	0	0	0	0	1	0
143000601216362	143000601	2019-03-27		0			0	0	0	0	0	12.47	2	19.000	Working	0	0	0	0	0	0	0	0	0	0	0	0	0	0
143000601216363	143000601	2019-03-27		0			0	0	0	0	0	12.47	3	19.000	Working	0	0	0	0	0	0	0	0	0	0	0	0	0	0
143000601216501	143000601	2019-04-10		0			0	0	0	0	0	12.20	1	19.000	Working	0	0	0	0	0	0	0	0	0	0	0	0	0	0
143000601216502	143000601	2019-04-10		0			0	0	0	0	0	12.20	2	19.000	Working	0	0	0	0	0	0	0	0	0	0	0	0	0	0
143000601216503	143000601	2019-04-10		0			0	0	0	0	0	12.20	3	19.000	Working	0	0	0	0	0	0	0	0	0	0	0	0	0	0
143000601216641	143000601	2019-04-24	8	0	8	0	0	0	0	0	0	13.80	1	19.000	Working	0	0	0	0	0	0	0	0	0	0	0	0	0	0
143000601216642	143000601	2019-04-24		0			0	0	0	0	0	13.80	2	19.000	Working	0	0	0	0	0	0	0	0	0	0	0	0	0	0
143000601216643	143000601	2019-04-24		8			2	6	0	0	0	13.80	3	19.000	Working	0	14	0	14	0	3	0	0	0	3	0	0	8	0
143000601216781	143000601	2019-05-08		0			0	0	0	0	0	12.23	1	19.000	Working	0	0	0	0	0	0	0	0	0	0	0	0	0	0
143000601216782	143000601	2019-05-08		0			0	0	0	0	0	12.23	2	19.000	Working	0	0	0	0	0	0	0	0	0	0	0	0	0	0
143000601216783	143000601	2019-05-08		0			0	0	0	0	0	12.23	3	19.000	Working	0	0	0	0	0	0	0	0	0	0	0	0	0	0
143000601216921	143000601	2019-05-22		0			0	0	0	0	0	11.67	1	19.000	Working	0	0	0	0	0	0	0	0	0	0	0	0	0	0
143000601216922	143000601	2019-05-22		3			1	2	0	0	0	11.67	2	19.000	Working	0	3	0	3	0	0	0	0	0	0	0	0	3	0
143000601216923	143000601	2019-05-22		0			0	0	0	0	0	11.67	3	19.000	Working	0	0	0	0	0	0	0	0	0	0	0	0	0	0
143000601217061	143000601	2019-06-05	2	3	2	0	0	3	0	0	0	12.08	1	19.000	Working	0	3	0	3	0	0	0	0	0	0	0	0	3	0
143000601217062	143000601	2019-06-05		13			5	8	0	3	0	12.08	2	19.000	Working	0	16	0	16	0	0	0	0	0	0	0	0	13	0
143000601217063	143000601	2019-06-05		26			15	11	0	2	0	12.08	3	19.000	Working	0	32	0	32	0	4	0	0	0	0	0	0	26	0
143000601217201	143000601	2019-06-19	4	16	4	0	5	11	0	3	0	12.03	1	19.000	Working	8	23	0	23	0	4	0	0	0	0	0	0	16	0
143000601217202	143000601	2019-06-19		14			2	12	0	0	0	12.03	2	19.000	Working	5	18	0	18	0	4	0	0	0	0	0	0	14	0
143000601217203	143000601	2019-06-19		55			31	24	0	0	0	12.03	3	19.000	Working	11	66	0	66	0	6	0	0	0	5	0	0	55	0
143000601217341	143000601	2019-07-03	1	7	1	0	3	4	0	0	0	12.28	1	19.000	Working	0	9	0	9	0	2	0	0	0	0	0	0	7	0
143000601217342	143000601	2019-07-03		2			1	1	0	0	0	12.28	2	19.000	Working	0	2	0	2	0	0	0	0	0	0	0	0	2	0
143000601217343	143000601	2019-07-03		14			9	5	0	0	0	12.28	3	19.000	Working	0	18	0	18	0	4	0	0	0	0	0	0	14	0
143000601217481	143000601	2019-07-17	1	9	1	0	6	3	0	2	0	11.67	1	19.000	Working	0	11	0	11	0	0	0	0	0	0	0	0	9	0
143000601217482	143000601	2019-07-17		11			7	4	0	0	0	11.67	2	19.000	Working	0	11	0	11	0	0	0	0	0	0	0	0	11	0
143000601217483	143000601	2019-07-17		3			3	0	0	1	0	11.67	3	19.000	Working	0	4	0	4	0	0	0	0	0	0	0	0	3	0
143000601217621	143000601	2019-07-31	2	3	2	0	2	1	0	0	0	11.67	1	19.000	Working	0	4	0	4	0	1	0	0	0	0	0	0	3	0
143000601217622	143000601	2019-07-31		2			0	2	0	0	0	11.67	2	19.000	Working	0	2	0	2	0	0	0	0	0	0	0	0	2	0
143000601217623	143000601	2019-07-31		2			1	1	0	0	0	11.67	3	19.000	Working	0	5	0	5	0	1	0	0	0	2	0	0	2	0
143000601217761	143000601	2019-08-14	3	3	3	0	1	2	0	0	0	12.13	1	19.000	Working	0	3	0	1	0	0	0	2	0	0	0	0	1	2
143000601217762	143000601	2019-08-14		3			0	3	0	0	0	12.13	2	19.000	Working	0	3	0	3	0	0	0	0	0	0	0	0	3	0
143000601217763	143000601	2019-08-14		2			0	2	0	1	0	12.13	3	19.000	Working	0	4	0	3	0	0	1	1	0	0	0	0	2	0
143000601217901	143000601	2019-08-28	3	3	3	0	1	2	0	0	0	11.90	1	19.000	Working	0	4	0	4	0	1	0	0	0	0	0	0	3	0
143000601217902	143000601	2019-08-28		0			0	0	0	0	0	11.90	2	19.000	Working	0	0	0	0	0	0	0	0	0	0	0	0	0	0
143000601217903	143000601	2019-08-28		2			0	2	0	0	0	11.90	3	19.000	Working	0	4	0	4	0	1	0	0	0	1	0	0	2	0
143000601218041	143000601	2019-09-11	5	0	5	0	0	0	0	0	0	12.35	1	19.000	Working	0	1	1	0	0	0	0	0	1	0	0	0	0	0
143000601218042	143000601	2019-09-11		4			1	3	0	0	0	12.35	2	19.000	Working	0	6	0	4	0	0	2	2	0	0	0	0	4	0
143000601218043	143000601	2019-09-11		2			2	0	0	0	0	12.35	3	19.000	Working	0	6	0	5	0	0	0	1	0	3	1	0	2	0
143000601218181	143000601	2019-09-25	2	0	2	0	0	0	0	0	0	12.53	1	19.000	Working	0	0	0	0	0	0	0	0	0	0	0	0	0	0
143000601218182	143000601	2019-09-25		0			0	0	0	0	0	12.53	2	19.000	Working	0	0	0	0	0	0	0	0	0	0	0	0	0	0
143000601218183	143000601	2019-09-25		1			0	1	0	0	0	12.53	3	19.000	Working	0	2	0	2	0	0	0	0	0	0	0	0	2	0
143000601218321	143000601	2019-10-09	1	1	1	0	0	1	0	0	0	12.45	1	19.000	Working	0	5	0	5	0	0	0	0	0	4	0	0	1	0
143000601218322	143000601	2019-10-09		1			0	1	0	0	0	12.45	2	19.000	Working	0	1	0	1	0	0	0	0	0	0	0	0	1	0
143000601218323	143000601	2019-10-09		0			0	0	0	0	0	12.45	3	19.000	Working	0	5	0	5	0	4	0	0	0	1	0	0	0	0
143001101211311	143001101	2017-11-12		1			0	1	0	0	0	12.22	1	19.000	Working	0	1	0	1	0	0	0	0	0	0	0	0	1	0
143001101211461	143001101	2017-11-27		0			0	0	0	0	0	11.70	1	19.000	Working	0	0	0	0	0	0	0	0	0	0	0	0	0	0
143001101211601	143001101	2017-12-11		0			0	0	0	0	0	11.80	1	19.000	Working	0	0	0	0	0	0	0	0	0	0	0	0	0	0
143001101211741	143001101	2017-12-25		0			0	0	0	0	0	11.85	1	19.000	Working	0	0	0	0	0	0	0	0	0	0	0	0	0	0
143001101211891	143001101	2018-01-09		0			0	0	0	0	0	12.48	1	19.000	Working	0	0	0	0	0	0	0	0	0	0	0	0	0	0
143001101212031	143001101	2018-01-23		0			0	0	0	0	0	11.90	1	19.000	Working	0	0	0	0	0	0	0	0	0	0	0	0	0	0
143001101212161	143001101	2018-02-05		0			0	0	0	0	0	12.00	1	19.000	Working	0	0	0	0	0	0	0	0	0	0	0	0	0	0
143001101212301	143001101	2018-02-19		0			0	0	0	0	0	11.83	1	19.000	Working	0	0	0	0	0	0	0	0	0	0	0	0	0	0
143001101212441	143001101	2018-03-05		0			0	0	0	0	0	11.97	1	19.000	Working	0	0	0	0	0	0	0	0	0	0	0	0	0	0
143001101212581	143001101	2018-03-19		0			0	0	0	0	0	11.83	1	19.000	Working	0	0	0	0	0	0	0	0	0	0	0	0	0	0
143001101212721	143001101	2018-04-02		0			0	0	0	0	0	11.73	1	19.000	Working	0	0	0	0	0	0	0	0	0	0	0	0	0	0
143001101212861	143001101	2018-04-16		7			1	6	0	0	0	13.88	1	19.000	Working	0	7	0	7	0	0	0	0	0	0	0	0	7	0
143001101213001	143001101	2018-04-30		2			0	2	0	0	0	13.75	1	19.000	Working	0	2	0	2	0	0	0	0	0	0	0	0	2	0
143001101213141	143001101	2018-05-14		15			11	4	0	0	0	12.13	1	19.000	Working	0	15	0	15	0	0	0	0	0	0	0	0	15	0
143001101213281	143001101	2018-05-28		5			1	4	0	0	0	12.00	1	19.000	Working	0	5	0	5	0	0	0	0	0	0	0	0	5	0
143001101213421	143001101	2018-06-11		5			1	4	0	0	0	11.97	1	19.000	Working	0	10	0	9	0	2	0	1	0	2	0	0	5	1
143001101213561	143001101	2018-06-25		1			0	1	0	0	0	12.00	1	19.000	Working	0	1	0	1	0	0	0	0	0	0	0	0	1	0
143001101213701	143001101	2018-07-09		1			0	1	0	0	0	12.25	1	19.000	Working	0	1	0	1	0	0	0	0	0	0	0	0	1	0
143001101213841	143001101	2018-07-23		0			0	0	0	0	0	12.00	1	19.000	Working	0	1	0	1	0	0	0	0	0	1	0	0	0	0
143001101213981	143001101	2018-08-06		1			0	1	0	0	0	12.12	1	19.000	Working	0	1	0	1	0	0	0	0	0	0	0	0	1	0
143001101214121	143001101	2018-08-20		0			0	0	0	0	0	11.72	1	19.000	Working	0	1	0	0	0	0	1	1	0	0	0	0	0	0
143001101214261	143001101	2018-09-03		2			1	1	0	0	0	12.27	1	19.000	Working	0	5	0	5	0	3	0	0	0	0	0	0	2	0
143001101214401	143001101	2018-09-17		0			0	0	0	0	0	12.60	1	19.000	Working	0	0	0	0	0	0	0	0	0	0	0	0	0	0
143001101214561	143001101	2018-10-03		0			0	0	0	0	0	12.00	1	19.000	Working	0	0	0	0	0	0	0	0	0	0	0	0	0	0
143001101214681	143001101	2018-10-15		1			0	1	0	0	0	13.75	1	19.000	Working	0	1	0	1	0	0	0	0	0	0	0	0	1	0
143001101214821	143001101	2018-10-29		0			0	0	0	1	0	13.92	1	19.000	Working	0	1	0	1	0	0	0	0	0	0	0	0	0	0
143001101214961	143001101	2018-11-12	2	4	2	0	2	2	0	0	0	11.98	1	19.000	Working	0	4	0	4	0	0	0	0	0	0	0	0	4	0
143001101215101	143001101	2018-11-26		0			0	0	0	0	0	12.18	1	19.000	Working	0	0	0	0	0	0	0	0	0	0	0	0	0	0
143001101215241	143001101	2018-12-10		0			0	0	0	0	0	13.35	1	19.000	Working	0	0	0	0	0	0	0	0	0	0	0	0	0	0
143001101215381	143001101	2018-12-24		0			0	0	0	0	0	11.83	1	19.000	Working	0	0	0	0	0	0	0	0	0	0	0	0	0	0
143001101215531	143001101	2019-01-08	1	1	1	0	0	1	0	0	0	11.85	1	19.000	Working	0	1	0	1	0	0	0	0	0	0	0	0	1	0
143001101215661	143001101	2019-01-21		0			0	0	0	0	0	11.88	1	19.000	Working	0	0	0	0	0	0	0	0	0	0	0	0	0	0
143001101215801	143001101	2019-02-04		0			0	0	0	0	0	11.95	1	19.000	Working	0	0	0	0	0	0	0	0	0	0	0	0	0	0
143001101215802	143001101	2019-02-04		0			0	0	0	0	0	11.95	2	19.000	Working	0	0	0	0	0	0	0	0	0	0	0	0	0	0
143001101215941	143001101	2019-02-18		0			0	0	0	0	0	11.98	1	19.000	Working	0	0	0	0	0	0	0	0	0	0	0	0	0	0
143001101215942	143001101	2019-02-18		0			0	0	0	0	0	11.98	2	19.000	Working	0	0	0	0	0	0	0	0	0	0	0	0	0	0
143001101216081	143001101	2019-03-04		0			0	0	0	0	0	11.72	1	19.000	Working	0	0	0	0	0	0	0	0	0	0	0	0	0	0
143001101216082	143001101	2019-03-04		0			0	0	0	0	0	11.72	2	19.000	Working	0	0	0	0	0	0	0	0	0	0	0	0	0	0
143001101216221	143001101	2019-03-18		0			0	0	0	0	0	14.15	1	19.000	Working	0	0	0	0	0	0	0	0	0	0	0	0	0	0
143001101216222	143001101	2019-03-18		0			0	0	0	0	0	14.15	2	19.000	Working	0	0	0	0	0	0	0	0	0	0	0	0	0	0
143001101216361	143001101	2019-04-01		0			0	0	0	0	0	12.28	1	19.000	Working	0	0	0	0	0	0	0	0	0	0	0	0	0	0
143001101216362	143001101	2019-04-01		0			0	0	0	0	0	12.28	2	19.000	Working	0	0	0	0	0	0	0	0	0	0	0	0	0	0
143001101216501	143001101	2019-04-15		0			0	0	0	0	0	11.95	1	19.000	Working	0	0	0	0	0	0	0	0	0	0	0	0	0	0
143001101216502	143001101	2019-04-15		0			0	0	0	0	0	11.95	2	19.000	Working	0	0	0	0	0	0	0	0	0	0	0	0	0	0
143001101216641	143001101	2019-04-29		0			0	0	0	0	0	13.95	1	19.000	Working	0	0	0	0	0	0	0	0	0	0	0	0	0	0
143001101216642	143001101	2019-04-29		0			0	0	0	0	0	13.95	2	19.000	Working	0	0	0	0	0	0	0	0	0	0	0	0	0	0
143001101216781	143001101	2019-05-13		0			0	0	0	0	0	12.42	1	19.000	Working	0	0	0	0	0	0	0	0	0	0	0	0	0	0
143001101216782	143001101	2019-05-13		0			0	0	0	0	0	12.42	2	19.000	Working	0	0	0	0	0	0	0	0	0	0	0	0	0	0
143001101216921	143001101	2019-05-27		0			0	0	0	0	0	11.88	1	19.000	Working	0	0	0	0	0	0	0	0	0	0	0	0	0	0
143001101216922	143001101	2019-05-27		0			0	0	0	0	0	11.88	2	19.000	Working	0	0	0	0	0	0	0	0	0	0	0	0	0	0
143001101217061	143001101	2019-06-10	1	15	1	0	2	13	0	0	0	11.82	1	19.000	Working	0	15	0	15	0	0	0	0	0	0	0	0	15	0
143001101217062	143001101	2019-06-10		0			0	0	0	0	0	11.82	2	19.000	Working	0	0	0	0	0	0	0	0	0	0	0	0	0	0
143001101217201	143001101	2019-06-24		3			1	2	0	0	0	12.23	1	19.000	Working	0	3	0	3	0	0	0	0	0	0	0	0	3	0
143001101217202	143001101	2019-06-24		6			3	3	0	0	0	12.23	2	19.000	Working	0	6	0	6	0	0	0	0	0	0	0	0	6	0
143001101217341	143001101	2019-07-08	1	5	1	0	3	2	0	0	0	12.18	1	19.000	Working	0	5	0	5	0	0	0	0	0	0	0	0	5	0
143001101217342	143001101	2019-07-08		3			3	0	0	0	0	12.18	2	19.000	Working	0	4	0	4	0	1	0	0	0	0	0	0	3	0
143001101217481	143001101	2019-07-22		6			4	2	0	0	0	11.85	1	19.000	Working	0	7	0	5	0	0	1	2	0	0	0	0	5	1
143001101217482	143001101	2019-07-22		0			0	0	0	0	0	11.85	2	19.000	Working	0	0	0	0	0	0	0	0	0	0	0	0	0	0
143001101217621	143001101	2019-08-05		3			3	0	0	0	0	11.88	1	19.000	Working	0	3	0	3	0	0	0	0	0	0	0	0	3	0
143001101217622	143001101	2019-08-05		0			0	0	0	0	0	11.88	2	19.000	Working	0	0	0	0	0	0	0	0	0	0	0	0	0	0
143001101217761	143001101	2019-08-19		0			0	0	0	0	0	12.03	1	19.000	Working	0	0	0	0	0	0	0	0	0	0	0	0	0	0
143001101217762	143001101	2019-08-19		0			0	0	0	0	0	12.03	2	19.000	Working	0	0	0	0	0	0	0	0	0	0	0	0	0	0
143001101217901	143001101	2019-09-02	2	2	2	0	1	1	0	0	0	11.72	1	19.000	Working	0	2	0	2	0	0	0	0	0	0	0	0	2	0
143001101217902	143001101	2019-09-02		0			0	0	0	0	0	11.72	2	19.000	Working	0	0	0	0	0	0	0	0	0	0	0	0	0	0
143001101218041	143001101	2019-09-16		2			1	1	0	0	1	12.15	1	19.000	Working	0	3	0	1	0	0	0	2	0	0	0	0	1	1
143001101218042	143001101	2019-09-16		0			0	0	0	0	0	12.15	2	19.000	Working	0	0	0	0	0	0	0	0	0	0	0	0	0	0
143001101218181	143001101	2019-09-30		0			0	0	0	0	0	12.33	1	19.000	Working	0	0	0	0	0	0	0	0	0	0	0	0	0	0
143001101218182	143001101	2019-09-30		0			0	0	0	0	0	12.33	2	19.000	Working	0	0	0	0	0	0	0	0	0	0	0	0	0	0
143001101218321	143001101	2019-10-14		2			0	2	0	0	0	12.37	1	19.000	Working	0	2	0	2	0	0	0	0	0	0	0	0	2	0
143001101218322	143001101	2019-10-14		0			0	0	0	0	0	12.37	2	19.000	Working	0	0	0	0	0	0	0	0	0	0	0	0	0	0
143006701211311	143006701	2017-11-01	2	3	2	0	0	3	0	0	0	11.70	1	19.000	Working	0	3	0	3	0	0	0	0	0	0	0	0	3	0
143006701211461	143006701	2017-11-16		1			0	1	0	0	0	12.17	1	19.000	Working	0	3	0	2	0	1	0	1	0	0	0	0	1	1
143006701211601	143006701	2017-11-30		0			0	0	0	1	0	11.70	1	19.000	Working	0	1	0	1	0	0	0	0	0	0	0	0	0	0
143006701211742	143006701	2017-12-14		3			1	2	0	0	0	11.73	2	19.000	Working	0	3	0	3	0	0	0	0	0	0	0	0	3	0
143006701211891	143006701	2017-12-29		0			0	0	0	0	0	12.38	1	19.000	Working	0	0	0	0	0	0	0	0	0	0	0	0	0	0
143006701212031	143006701	2018-01-12		0			0	0	0	0	0	11.83	1	19.000	Working	0	0	0	0	0	0	0	0	0	0	0	0	0	0
143006701212162	143006701	2018-01-25		0			0	0	0	0	0	12.17	2	19.000	Working	0	0	0	0	0	0	0	0	0	0	0	0	0	0
143006701212302	143006701	2018-02-08		0			0	0	0	0	0	11.75	2	19.000	Working	0	0	0	0	0	0	0	0	0	0	0	0	0	0
143006701212442	143006701	2018-02-22	1	1	1	0	0	1	0	0	0	11.70	2	19.000	Working	0	1	0	1	0	0	0	0	0	0	0	0	1	0
143006701212582	143006701	2018-03-08		0			0	0	0	0	0	12.07	2	19.000	Working	0	0	0	0	0	0	0	0	0	0	0	0	0	0
143006701212722	143006701	2018-03-22	3	1	3	0	0	1	0	3	0	12.18	2	19.000	Working	0	4	0	4	0	0	0	0	0	0	0	0	1	0
143006701212861	143006701	2018-04-05		13			3	10	0	0	0	13.62	1	19.000		0	17	0	17	0	4	0	0	0	0	0	0	13	0
143006701212862	143006701	2018-04-05	1		1	0						13.62	2	19.000	Working														
143006701213002	143006701	2018-04-19	1	26	1	0	8	18	0	39	0	13.58	2	19.000	Working	0	87	0	87	0	3	0	0	0	19	0	0	26	0
143006701213142	143006701	2018-05-03	2	50	2	0	32	18	0	20	0	12.17	2	19.000	Working	0	95	0	95	0	0	0	0	0	0	0	0	75	0
143006701213282	143006701	2018-05-17		10			3	7	0	4	0	11.67	2	19.000	Working	0	19	0	19	0	1	0	0	0	4	0	0	10	0
143006701213422	143006701	2018-05-31	2	25	2	0	17	8	0	11	0	11.67	2	19.000	Working	0	49	0	49	0	5	0	0	0	8	0	0	25	0
143006701213562	143006701	2018-06-14		12			4	8	0	6	0	11.92	2	19.000	Working	0	22	0	22	0	4	0	0	0	0	0	0	12	0
143006701213702	143006701	2018-06-28	1	6	1	0	2	4	0	0	0	12.15	2	19.000	Working	0	6	0	6	0	0	0	0	0	0	0	0	6	0
143006701213842	143006701	2018-07-12	2	3	2	0	1	2	0	0	0	12.53	2	19.000	Working	0	4	0	4	0	0	0	0	0	1	0	0	3	0
143006701213982	143006701	2018-07-26	2	3	2	0	0	3	0	0	0	12.30	2	19.000	Working	0	6	0	6	0	3	0	0	0	0	0	0	3	0
143006701214122	143006701	2018-08-09	3	2	3	0	0	2	0	2	0	11.90	2	19.000	Working	0	4	0	4	0	0	0	0	0	0	0	0	2	0
143006701214262	143006701	2018-08-23	6	28	6	0	11	17	0	12	0	11.88	2	19.000	Working	0	59	0	59	0	11	0	0	0	8	0	0	28	0
143006701214401	143006701	2018-09-06	1		1	0						12.50	1	19.000	Working														
143006701214402	143006701	2018-09-06		1			0	1	0	0	0	12.50	2	19.000		0	1	0	1	0	0	0	0	0	0	0	0	1	0
143006701214562	143006701	2018-09-22	1	2	1	0	0	2	0	0	0	11.83	2	19.000	Working	0	2	0	2	0	0	0	0	0	0	0	0	2	0
143006701214682	143006701	2018-10-04		3			0	3	0	0	0	13.95	2	19.000	Working	0	5	0	5	0	2	0	0	0	0	0	0	3	0
143006701214822	143006701	2018-10-18	1	5	1	0	0	5	0	4	0	14.12	2	19.000	Working	0	13	0	13	0	4	0	0	0	0	0	0	5	0
143006701214962	143006701	2018-11-01	2	20	2	0	7	13	0	0	0	11.67	2	19.000	Working	0	23	0	23	0	3	0	0	0	0	0	0	20	0
143006701215102	143006701	2018-11-15		3			1	2	0	0	0	11.67	2	19.000	Working	0	4	0	4	0	1	0	0	0	0	0	0	3	0
143006701215242	143006701	2018-11-29		0			0	0	0	0	0	13.67	2	19.000	Working	0	0	0	0	0	0	0	0	0	0	0	0	0	0
143006701215382	143006701	2018-12-13		0			0	0	0	0	0	12.02	2	19.000	Working	0	0	0	0	0	0	0	0	0	0	0	0	0	0
143006701215532	143006701	2018-12-28		0			0	0	0	0	0	12.00	2	19.000	Working	0	0	0	0	0	0	0	0	0	0	0	0	0	0
143006701215662	143006701	2019-01-10	3	1	3	0	0	1	0	0	0	12.12	2	19.000	Working	0	3	0	3	0	2	0	0	0	0	0	0	1	0
143006701215802	143006701	2019-01-24		0			0	0	0	0	0	12.18	2	19.000	Working	0	0	0	0	0	0	0	0	0	0	0	0	0	0
143006701215941	143006701	2019-02-07		0			0	0	0	0	0	13.77	1	19.000	Working	0	0	0	0	0	0	0	0	0	0	0	0	0	0
143006701215942	143006701	2019-02-07		0			0	0	0	0	0	13.77	2	19.000	Working	0	0	0	0	0	0	0	0	0	0	0	0	0	0
143006701216081	143006701	2019-02-21	1	0	2	1	0	0	0	0	0	12.08	1	19.000	Working	0	0	0	0	0	0	0	0	0	0	0	0	0	0
143006701216082	143006701	2019-02-21		2			2	0	0	0	0	12.08	2	19.000	Working	0	2	0	2	0	0	0	0	0	0	0	0	2	0
143006701216221	143006701	2019-03-07		0			0	0	0	0	0	14.27	1	19.000	Working	0	0	0	0	0	0	0	0	0	0	0	0	0	0
143006701216222	143006701	2019-03-07		0			0	0	0	0	0	14.27	2	19.000	Working	0	0	0	0	0	0	0	0	0	0	0	0	0	0
143006701216361	143006701	2019-03-21	1	0	1	0	0	0	0	0	0	12.17	1	19.000	Working	0	0	0	0	0	0	0	0	0	0	0	0	0	0
143006701216362	143006701	2019-03-21		0			0	0	0	0	0	12.17	2	19.000	Working	0	1	0	1	0	1	0	0	0	0	0	0	0	0
143006701216501	143006701	2019-04-04		0			0	0	0	0	0	11.67	1	19.000	Working	0	0	0	0	0	0	0	0	0	0	0	0	0	0
143006701216502	143006701	2019-04-04		0			0	0	0	0	0	11.67	2	19.000	Working	0	0	0	0	0	0	0	0	0	0	0	0	0	0
143006701216641	143006701	2019-04-18	4	3	4	0	0	3	0	2	0	14.15	1	19.000	Working	0	5	0	5	0	0	0	0	0	0	0	0	3	0
143006701216642	143006701	2019-04-18		2			0	2	0	0	0	14.15	2	19.000	Working	0	2	0	2	0	0	0	0	0	0	0	0	2	0
143006701216781	143006701	2019-05-02	7	10	7	0	2	8	0	3	0	12.08	1	19.000	Working	0	13	0	13	0	0	0	0	0	0	0	0	10	0
143006701216782	143006701	2019-05-02		0			0	0	0	0	0	12.08	2	19.000	Working	0	0	0	0	0	0	0	0	0	0	0	0	0	0
143006701216921	143006701	2019-05-16		11			7	4	0	2	0	12.02	1	19.000	Working	0	20	0	20	0	3	0	0	0	4	0	0	11	0
143006701216922	143006701	2019-05-16		8			6	2	0	0	0	12.02	2	19.000	Working	0	13	0	13	0	4	0	0	0	1	0	0	8	0
143006701217061	143006701	2019-05-30	6	50	6	0	27	23	0	8	0	11.87	1	19.000	Working	0	102	0	102	0	10	0	0	0	17	0	0	67	0
143006701217062	143006701	2019-05-30		50			12	38	0	0	0	11.87	2	19.000	Working	0	143	0	143	0	22	0	0	0	7	0	0	114	0
143006701217201	143006701	2019-06-13	3	50	3	0	32	18	0	0	0	12.35	1	19.000	Working	0	113	0	113	0	13	0	0	0	9	0	0	91	0
143006701217202	143006701	2019-06-13		50			28	22	0	0	0	12.35	2	19.000	Working	0	161	0	161	0	0	0	0	0	0	0	0	161	0
143006701217341	143006701	2019-06-27	6	28	6	0	12	16	0	0	0	12.03	1	19.000	Working	0	39	0	39	0	6	0	0	0	5	0	0	28	0
143006701217342	143006701	2019-06-27		62			48	14	0	0	0	12.03	2	19.000	Working	0	65	0	62	0	0	0	3	0	0	0	0	62	3
143006701217481	143006701	2019-07-11	4	13	4	0	8	5	0	2	0	12.07	1	19.000	Working	0	20	0	20	0	5	0	0	0	0	0	0	13	0
143006701217482	143006701	2019-07-11		14			9	5	0	7	0	12.07	2	19.000	Working	0	21	0	21	0	0	0	0	0	0	0	0	14	0
143006701217621	143006701	2019-07-25	2	3	2	0	1	2	0	3	0	12.03	1	19.000	Working	0	9	0	9	0	3	0	0	0	0	0	0	3	0
143006701217622	143006701	2019-07-25		2			0	2	0	1	0	12.03	2	19.000	Working	0	6	0	6	0	2	0	0	0	1	0	0	2	0
143006701217761	143006701	2019-08-08	4	5	4	0	1	4	0	0	0	11.93	1	19.000	Working	0	5	0	5	0	0	0	0	0	0	0	0	5	0
143006701217762	143006701	2019-08-08		4			3	1	0	1	1	11.93	2	19.000	Working	0	6	0	4	0	0	0	2	0	0	0	0	3	1
143006701217901	143006701	2019-08-22		1			0	1	0	0	0	12.12	1	19.000	Working	0	1	0	1	0	0	0	0	0	0	0	0	1	0
143006701217902	143006701	2019-08-22		5			2	3	0	0	0	12.12	2	19.000	Working	0	7	0	7	0	2	0	0	0	0	0	0	5	0
143006701218041	143006701	2019-09-05	1	1	1	0	0	1	0	0	0	11.97	1	19.000	Working	0	2	0	2	0	0	0	0	0	1	0	0	1	0
143006701218042	143006701	2019-09-05		1			0	1	0	0	0	11.97	2	19.000	Working	0	1	0	1	0	0	0	0	0	0	0	0	1	0
143006701218181	143006701	2019-09-19		0			0	0	0	0	0	12.03	1	19.000	Working	0	0	0	0	0	0	0	0	0	0	0	0	0	0
143006701218182	143006701	2019-09-19		1			0	1	0	0	0	12.03	2	19.000	Working	0	1	0	1	0	0	0	0	0	0	0	0	1	0
143006701218321	143006701	2019-10-03	6	28	7	1	19	9	0	0	0	12.25	1	19.000	Working	0	34	0	34	0	6	0	0	0	0	0	0	28	0
143006701218322	143006701	2019-10-03		13			10	3	0	0	0	12.25	2	19.000	Working	0	16	0	16	0	3	0	0	0	0	0	0	13	0
145001301211251	145001301	2017-10-30	1	2	1	0	0	2	0	0	0	13.65	1	19.000	Working	0	2	0	2	0	0	0	0	0	0	0	0	2	0
145001301211252	145001301	2017-10-30		0			0	0	0	0	0	13.65	2	19.000	Working	0	1	0	1	0	0	0	0	0	1	0	0	0	0
145001301211253	145001301	2017-10-30		1			0	1	0	0	0	13.65	3	19.000	Working	0	1	0	1	0	0	0	0	0	0	0	0	1	0
145001301211401	145001301	2017-11-14	1	1	1	0	0	1	0	0	0	13.50	1	19.000	Working	0	1	0	1	0	0	0	0	0	0	0	0	1	0
145001301211402	145001301	2017-11-14		2			0	2	0	0	0	13.50	2	19.000	Working	0	2	0	2	0	0	0	0	0	0	0	0	2	0
145001301211403	145001301	2017-11-14		0			0	0	0	0	0	13.50	3	19.000	Working	0	0	0	0	0	0	0	0	0	0	0	0	0	0
145001301211571	145001301	2017-12-01		0			0	0	0	0	0	10.97	1	19.000	Working	0	0	0	0	0	0	0	0	0	0	0	0	0	0
145001301211572	145001301	2017-12-01		0			0	0	0	0	0	10.97	2	19.000	Working	0	0	0	0	0	0	0	0	0	0	0	0	0	0
145001301211573	145001301	2017-12-01		0			0	0	0	0	0	10.97	3	19.000	Working	0	0	0	0	0	0	0	0	0	0	0	0	0	0
145001301211711	145001301	2017-12-15		0			0	0	0	0	0	12.53	1	19.000	Working	0	0	0	0	0	0	0	0	0	0	0	0	0	0
145001301211712	145001301	2017-12-15		0			0	0	0	0	0	12.53	2	19.000	Working	0	0	0	0	0	0	0	0	0	0	0	0	0	0
145001301211713	145001301	2017-12-15		0			0	0	0	0	0	12.53	3	19.000	Working	0	0	0	0	0	0	0	0	0	0	0	0	0	0
145001301211861	145001301	2017-12-30		0			0	0	0	0	0	13.33	1	19.000	Working	0	0	0	0	0	0	0	0	0	0	0	0	0	0
145001301211862	145001301	2017-12-30		0			0	0	0	0	0	13.33	2	19.000	Working	0	0	0	0	0	0	0	0	0	0	0	0	0	0
145001301211863	145001301	2017-12-30		0			0	0	0	0	0	13.33	3	19.000	Working	0	0	0	0	0	0	0	0	0	0	0	0	0	0
145001301212001	145001301	2018-01-13		0			0	0	0	0	0	12.47	1	19.000	Working	0	0	0	0	0	0	0	0	0	0	0	0	0	0
145001301212002	145001301	2018-01-13		0			0	0	0	0	0	12.47	2	19.000	Working	0	0	0	0	0	0	0	0	0	0	0	0	0	0
145001301212003	145001301	2018-01-13		0			0	0	0	0	0	12.47	3	19.000	Working	0	0	0	0	0	0	0	0	0	0	0	0	0	0
145001301212131	145001301	2018-01-26		0			0	0	0	0	0	13.92	1	19.000	Working	0	0	0	0	0	0	0	0	0	0	0	0	0	0
145001301212132	145001301	2018-01-26		0			0	0	0	0	0	13.92	2	19.000	Working	0	0	0	0	0	0	0	0	0	0	0	0	0	0
145001301212133	145001301	2018-01-26		0			0	0	0	0	0	13.92	3	19.000	Working	0	0	0	0	0	0	0	0	0	0	0	0	0	0
145001301212271	145001301	2018-02-09		0			0	0	0	0	0	13.58	1	19.000	Working	0	0	0	0	0	0	0	0	0	0	0	0	0	0
145001301212272	145001301	2018-02-09		0			0	0	0	0	0	13.58	2	19.000	Working	0	0	0	0	0	0	0	0	0	0	0	0	0	0
145001301212273	145001301	2018-02-09		0			0	0	0	0	0	13.58	3	19.000	Working	0	0	0	0	0	0	0	0	0	0	0	0	0	0
145001301212411	145001301	2018-02-23		0			0	0	0	0	0	12.47	1	19.000	Working	0	0	0	0	0	0	0	0	0	0	0	0	0	0
145001301212412	145001301	2018-02-23		0			0	0	0	0	0	12.47	2	19.000	Working	0	0	0	0	0	0	0	0	0	0	0	0	0	0
145001301212413	145001301	2018-02-23		0			0	0	0	0	0	12.47	3	19.000	Working	0	0	0	0	0	0	0	0	0	0	0	0	0	0
145001301212551	145001301	2018-03-09		0			0	0	0	0	0	12.33	1	19.000	Working	0	0	0	0	0	0	0	0	0	0	0	0	0	0
145001301212552	145001301	2018-03-09		0			0	0	0	0	0	12.33	2	19.000	Working	0	0	0	0	0	0	0	0	0	0	0	0	0	0
145001301212553	145001301	2018-03-09		0			0	0	0	0	0	12.33	3	19.000	Working	0	0	0	0	0	0	0	0	0	0	0	0	0	0
145001301212691	145001301	2018-03-23		0			0	0	0	0	0	13.98	1	19.000	Working	0	0	0	0	0	0	0	0	0	0	0	0	0	0
145001301212692	145001301	2018-03-23		0			0	0	0	0	0	13.98	2	19.000	Working	0	0	0	0	0	0	0	0	0	0	0	0	0	0
145001301212693	145001301	2018-03-23		0			0	0	0	0	0	13.98	3	19.000	Working	0	0	0	0	0	0	0	0	0	0	0	0	0	0
145001301212831	145001301	2018-04-06		0			0	0	0	0	0	12.58	1	19.000	Working	0	0	0	0	0	0	0	0	0	0	0	0	0	0
145001301212832	145001301	2018-04-06		0			0	0	0	0	0	12.58	2	19.000	Working	0	0	0	0	0	0	0	0	0	0	0	0	0	0
145001301212833	145001301	2018-04-06		0			0	0	0	0	0	12.58	3	19.000	Working	0	0	0	0	0	0	0	0	0	0	0	0	0	0
145001301212971	145001301	2018-04-20		7			5	2	0	0	0	13.97	1	19.000	Working	0	10	0	10	0	1	0	0	0	2	0	0	7	0
145001301212972	145001301	2018-04-20		0			0	0	0	0	0	13.97	2	19.000	Working	0	0	0	0	0	0	0	0	0	0	0	0	0	0
145001301212973	145001301	2018-04-20		4			1	3	0	0	0	13.97	3	19.000	Working	0	6	0	6	0	0	0	0	0	2	0	0	4	0
145001301213111	145001301	2018-05-04		9			0	9	0	0	0	13.53	1	19.000	Working	0	9	0	9	0	0	0	0	0	0	0	0	9	0
145001301213112	145001301	2018-05-04		0			0	0	0	0	0	13.53	2	19.000	Working	0	0	0	0	0	0	0	0	0	0	0	0	0	0
145001301213113	145001301	2018-05-04		0			0	0	0	0	0	13.53	3	19.000	Working	0	0	0	0	0	0	0	0	0	0	0	0	0	0
145001301213251	145001301	2018-05-18		0			0	0	0	0	0	13.75	1	19.000	Working	0	0	0	0	0	0	0	0	0	0	0	0	0	0
145001301213252	145001301	2018-05-18		0			0	0	0	0	0	13.75	2	19.000	Working	0	0	0	0	0	0	0	0	0	0	0	0	0	0
145001301213253	145001301	2018-05-18		14			4	10	0	3	0	13.75	3	19.000	Working	0	20	0	20	0	2	0	0	0	1	0	0	14	0
145001301213391	145001301	2018-06-01		0			0	0	0	0	0	12.00	1	19.000	Working	0	1	0	1	0	0	0	0	0	1	0	0	0	0
145001301213392	145001301	2018-06-01		0			0	0	0	0	0	12.00	2	19.000	Working	0	0	0	0	0	0	0	0	0	0	0	0	0	0
145001301213393	145001301	2018-06-01		12			5	7	0	0	0	12.00	3	19.000	Working	0	12	0	12	0	0	0	0	0	0	0	0	12	0
145001301213531	145001301	2018-06-15	2	2	2	0	0	2	0	4	0	12.25	1	19.000	Working	0	6	0	6	0	0	0	0	0	0	0	0	2	0
145001301213532	145001301	2018-06-15		2			1	1	0	0	0	12.25	2	19.000	Working	0	2	0	2	0	0	0	0	0	0	0	0	2	0
145001301213533	145001301	2018-06-15		1			1	0	0	0	0	12.25	3	19.000	Working	0	1	0	1	0	0	0	0	0	0	0	0	1	0
145001301213671	145001301	2018-06-29		0			0	0	0	0	0	14.00	1	19.000	Working	0	0	0	0	0	0	0	0	0	0	0	0	0	0
145001301213672	145001301	2018-06-29		4			1	3	0	0	0	14.00	2	19.000	Working	0	4	0	4	0	0	0	0	0	0	0	0	4	0
145001301213673	145001301	2018-06-29		0			0	0	0	0	0	14.00	3	19.000	Working	0	0	0	0	0	0	0	0	0	0	0	0	0	0
145001301213811	145001301	2018-07-13	1	0	1	0	0	0	0	0	0	13.50	1	19.000	Working	0	0	0	0	0	0	0	0	0	0	0	0	0	0
145001301213812	145001301	2018-07-13		0			0	0	0	0	0	13.50	2	19.000	Working	0	0	0	0	0	0	0	0	0	0	0	0	0	0
145001301213813	145001301	2018-07-13		1			0	1	0	0	0	13.50	3	19.000	Working	0	2	0	1	0	0	0	1	0	0	0	0	1	1
145001301213951	145001301	2018-07-27		0			0	0	0	0	0	12.55	1	19.000	Working	0	1	0	1	0	1	0	0	0	0	0	0	0	0
145001301213952	145001301	2018-07-27		0			0	0	0	0	0	12.55	2	19.000	Working	0	0	0	0	0	0	0	0	0	0	0	0	0	0
145001301213953	145001301	2018-07-27		1			1	0	0	0	0	12.55	3	19.000	Working	0	1	0	1	0	0	0	0	0	0	0	0	1	0
145001301214091	145001301	2018-08-10		0			0	0	0	0	0	12.50	1	19.000	Working	0	0	0	0	0	0	0	0	0	0	0	0	0	0
145001301214092	145001301	2018-08-10		0			0	0	0	0	0	12.50	2	19.000	Working	0	0	0	0	0	0	0	0	0	0	0	0	0	0
145001301214093	145001301	2018-08-10		0			0	0	0	0	0	12.50	3	19.000	Working	0	1	0	1	0	0	0	0	0	1	0	0	0	0
145001301214231	145001301	2018-08-24		0			0	0	0	0	0	12.65	1	19.000	Working	0	0	0	0	0	0	0	0	0	0	0	0	0	0
145001301214232	145001301	2018-08-24		0			0	0	0	0	0	12.65	2	19.000	Working	0	0	0	0	0	0	0	0	0	0	0	0	0	0
145001301214233	145001301	2018-08-24		0			0	0	0	0	0	12.65	3	19.000	Working	0	0	0	0	0	0	0	0	0	0	0	0	0	0
145001301214371	145001301	2018-09-07		0			0	0	0	0	0	12.15	1	19.000	Working	0	0	0	0	0	0	0	0	0	0	0	0	0	0
145001301214372	145001301	2018-09-07		0			0	0	0	0	0	12.15	2	19.000	Working	0	1	0	1	0	0	0	0	0	1	0	0	0	0
145001301214373	145001301	2018-09-07		0			0	0	0	0	0	12.15	3	19.000	Working	0	0	0	0	0	0	0	0	0	0	0	0	0	0
145001301214531	145001301	2018-09-23		0			0	0	0	0	0	12.25	1	19.000	Working	0	0	0	0	0	0	0	0	0	0	0	0	0	0
145001301214532	145001301	2018-09-23		0			0	0	0	0	0	12.25	2	19.000	Working	0	0	0	0	0	0	0	0	0	0	0	0	0	0
145001301214533	145001301	2018-09-23		0			0	0	0	0	0	12.25	3	19.000		0	0	0	0	0	0	0	0	0	0	0	0	0	0
145001301214651	145001301	2018-10-05		0			0	0	0	0	0	12.52	1	19.000	Working	0	0	0	0	0	0	0	0	0	0	0	0	0	0
145001301214652	145001301	2018-10-05		0			0	0	0	0	0	12.52	2	19.000	Working	0	0	0	0	0	0	0	0	0	0	0	0	0	0
145001301214653	145001301	2018-10-05		0			0	0	0	0	0	12.52	3	19.000	Working	0	0	0	0	0	0	0	0	0	0	0	0	0	0
145001301214791	145001301	2018-10-19	1	0	1	0	0	0	0	0	0	11.73	1	19.000	Working	0	0	0	0	0	0	0	0	0	0	0	0	0	0
145001301214792	145001301	2018-10-19		1			0	1	0	0	0	11.73	2	19.000	Working	0	1	0	1	0	0	0	0	0	0	0	0	1	0
145001301214793	145001301	2018-10-19		1			0	1	0	0	0	11.73	3	19.000	Working	0	1	0	1	0	0	0	0	0	0	0	0	1	0
145001301214931	145001301	2018-11-02	1	0	1	0	0	0	0	0	0	13.65	1	19.000	Working	0	0	0	0	0	0	0	0	0	0	0	0	0	0
145001301214932	145001301	2018-11-02		2			0	2	0	0	0	13.65	2	19.000	Working	0	2	0	2	0	0	0	0	0	0	0	0	2	0
145001301214933	145001301	2018-11-02		0			0	0	0	0	0	13.65	3	19.000	Working	0	0	0	0	0	0	0	0	0	0	0	0	0	0
145001301215071	145001301	2018-11-16		0			0	0	0	0	0	13.33	1	19.000	Working	0	0	0	0	0	0	0	0	0	0	0	0	0	0
145001301215072	145001301	2018-11-16		0			0	0	0	0	0	13.33	2	19.000	Working	0	0	0	0	0	0	0	0	0	0	0	0	0	0
145001301215073	145001301	2018-11-16		0			0	0	0	0	0	13.33	3	19.000	Working	0	0	0	0	0	0	0	0	0	0	0	0	0	0
145001301215211	145001301	2018-11-30		0			0	0	0	0	0	13.67	1	19.000	Working	0	0	0	0	0	0	0	0	0	0	0	0	0	0
145001301215212	145001301	2018-11-30		0			0	0	0	0	0	13.67	2	19.000	Working	0	0	0	0	0	0	0	0	0	0	0	0	0	0
145001301215213	145001301	2018-11-30		0			0	0	0	0	0	13.67	3	19.000	Working	0	0	0	0	0	0	0	0	0	0	0	0	0	0
145001301215351	145001301	2018-12-14		0			0	0	0	0	0	13.33	1	19.000	Working	0	0	0	0	0	0	0	0	0	0	0	0	0	0
145001301215352	145001301	2018-12-14		0			0	0	0	0	0	13.33	2	19.000	Working	0	0	0	0	0	0	0	0	0	0	0	0	0	0
145001301215353	145001301	2018-12-14		0			0	0	0	0	0	13.33	3	19.000	Working	0	0	0	0	0	0	0	0	0	0	0	0	0	0
145001301215491	145001301	2018-12-28	1	0	1	0	0	0	0	0	0	13.97	1	19.000	Working	0	0	0	0	0	0	0	0	0	0	0	0	0	0
145001301215492	145001301	2018-12-28		0			0	0	0	0	0	13.97	2	19.000	Working	0	0	0	0	0	0	0	0	0	0	0	0	0	0
145001301215493	145001301	2018-12-28		1			0	1	0	0	0	13.97	3	19.000	Working	0	1	0	1	0	0	0	0	0	0	0	0	1	0
145001301215631	145001301	2019-01-11		0			0	0	0	0	0	12.48	1	19.000	Working	0	0	0	0	0	0	0	0	0	0	0	0	0	0
145001301215632	145001301	2019-01-11		0			0	0	0	0	0	12.48	2	19.000	Working	4	0	0	0	0	0	0	0	0	0	0	0	0	0
145001301215633	145001301	2019-01-11		0			0	0	0	0	0	12.48	3	19.000	Working	0	0	0	0	0	0	0	0	0	0	0	0	0	0
145001301215771	145001301	2019-01-25		0			0	0	0	0	0	12.65	1	19.000	Working	0	0	0	0	0	0	0	0	0	0	0	0	0	0
145001301215772	145001301	2019-01-25		0			0	0	0	0	0	12.65	2	19.000	Working	0	0	0	0	0	0	0	0	0	0	0	0	0	0
145001301215773	145001301	2019-01-25		0			0	0	0	0	0	12.65	3	19.000	Working	0	0	0	0	0	0	0	0	0	0	0	0	0	0
145001301215911	145001301	2019-02-08		0			0	0	0	0	0	12.58	1	19.000	Working	0	0	0	0	0	0	0	0	0	0	0	0	0	0
145001301215912	145001301	2019-02-08		0			0	0	0	0	0	12.58	2	19.000	Working	0	0	0	0	0	0	0	0	0	0	0	0	0	0
145001301215913	145001301	2019-02-08		0			0	0	0	0	0	12.58	3	19.000	Working	0	0	0	0	0	0	0	0	0	0	0	0	0	0
145001301216051	145001301	2019-02-22		0			0	0	0	0	0	13.53	1	19.000	Working	0	0	0	0	0	0	0	0	0	0	0	0	0	0
145001301216052	145001301	2019-02-22		0			0	0	0	0	0	13.53	2	19.000	Working	0	0	0	0	0	0	0	0	0	0	0	0	0	0
145001301216053	145001301	2019-02-22		0			0	0	0	0	0	13.53	3	19.000	Working	0	0	0	0	0	0	0	0	0	0	0	0	0	0
145001301216201	145001301	2019-03-09		0			0	0	0	0	0	12.10	1	19.000	Working	0	0	0	0	0	0	0	0	0	0	0	0	0	0
145001301216202	145001301	2019-03-09		0			0	0	0	0	0	12.10	2	19.000	Working	0	0	0	0	0	0	0	0	0	0	0	0	0	0
145001301216203	145001301	2019-03-09		0			0	0	0	0	0	12.10	3	19.000	Working	0	0	0	0	0	0	0	0	0	0	0	0	0	0
145001301216331	145001301	2019-03-22		0			0	0	0	0	0	12.50	1	19.000	Working	0	0	0	0	0	0	0	0	0	0	0	0	0	0
145001301216332	145001301	2019-03-22		0			0	0	0	0	0	12.50	2	19.000	Working	0	0	0	0	0	0	0	0	0	0	0	0	0	0
145001301216333	145001301	2019-03-22		0			0	0	0	0	0	12.50	3	19.000	Working	0	0	0	0	0	0	0	0	0	0	0	0	0	0
145001301216471	145001301	2019-04-05		0			0	0	0	0	0	13.78	1	19.000	Working	0	0	0	0	0	0	0	0	0	0	0	0	0	0
145001301216472	145001301	2019-04-05		0			0	0	0	0	0	13.78	2	19.000	Working	0	0	0	0	0	0	0	0	0	0	0	0	0	0
145001301216473	145001301	2019-04-05		0			0	0	0	0	0	13.78	3	19.000	Working	0	0	0	0	0	0	0	0	0	0	0	0	0	0
145001301216611	145001301	2019-04-19	1	0	1	0	0	0	0	0	0	12.33	1	19.000	Working	0	0	0	0	0	0	0	0	0	0	0	0	0	0
145001301216612	145001301	2019-04-19		0			0	0	0	1	0	12.33	2	19.000	Working	0	1	0	1	0	0	0	0	0	0	0	0	0	0
145001301216613	145001301	2019-04-19		0			0	0	0	0	0	12.33	3	19.000	Working	0	0	0	0	0	0	0	0	0	0	0	0	0	0
145001301216751	145001301	2019-05-03	1	0	1	0	0	0	0	0	0	12.50	1	19.000	Working	0	0	0	0	0	0	0	0	0	0	0	0	0	0
145001301216752	145001301	2019-05-03		0			0	0	0	0	0	12.50	2	19.000	Working	0	0	0	0	0	0	0	0	0	0	0	0	0	0
145001301216753	145001301	2019-05-03		0			0	0	0	0	0	12.50	3	19.000	Working	0	1	0	1	0	0	0	0	0	1	0	0	0	0
145001301216891	145001301	2019-05-17		0			0	0	0	0	0	12.43	1	19.000	Working	0	0	0	0	0	0	0	0	0	0	0	0	0	0
145001301216892	145001301	2019-05-17		0			0	0	0	0	0	12.43	2	19.000	Working	0	0	0	0	0	0	0	0	0	0	0	0	0	0
145001301216893	145001301	2019-05-17		0			0	0	0	0	0	12.43	3	19.000	Working	0	2	0	2	0	2	0	0	0	0	0	0	0	0
145001301217031	145001301	2019-05-31		3			1	2	0	0	0	13.33	1	19.000	Working	0	3	0	3	0	0	0	0	0	0	0	0	3	0
145001301217032	145001301	2019-05-31		0			0	0	0	0	0	13.33	2	19.000	Working	0	0	0	0	0	0	0	0	0	0	0	0	0	0
145001301217033	145001301	2019-05-31		0			0	0	0	0	0	13.33	3	19.000	Working	0	0	0	0	0	0	0	0	0	0	0	0	0	0
145001301217171	145001301	2019-06-14		0			0	0	0	0	0	13.70	1	19.000	Working	0	0	0	0	0	0	0	0	0	0	0	0	0	0
145001301217172	145001301	2019-06-14		6			2	4	0	0	0	13.70	2	19.000	Working	0	6	0	6	0	0	0	0	0	0	0	0	6	0
145001301217173	145001301	2019-06-14		12			3	9	0	1	0	13.70	3	19.000	Working	0	13	0	13	0	0	0	0	0	0	0	0	12	0
145001301217311	145001301	2019-06-28		0			0	0	0	0	0	13.58	1	19.000	Working	0	0	0	0	0	0	0	0	0	0	0	0	0	0
145001301217312	145001301	2019-06-28		0			0	0	0	0	0	13.58	2	19.000	Working	0	0	0	0	0	0	0	0	0	0	0	0	0	0
145001301217313	145001301	2019-06-28		0			0	0	0	0	0	13.58	3	19.000	Working	0	0	0	0	0	0	0	0	0	0	0	0	0	0
145001301217452	145001301	2019-07-12		1			1	0	0	1	0	13.62	2	19.000	Working	0	2	0	2	0	0	0	0	0	0	0	0	1	0
145001301217453	145001301	2019-07-12		1			1	0	0	0	0	13.62	3	19.000	Working	0	1	0	1	0	0	0	0	0	0	0	0	1	0
145001301217592	145001301	2019-07-26		1			0	1	0	0	0	13.35	2	19.000	Working	0	1	0	1	0	0	0	0	0	0	0	0	1	0
145001301217593	145001301	2019-07-26		0			0	0	0	0	0	13.35	3	19.000	Working	0	0	0	0	0	0	0	0	0	0	0	0	0	0
145001301217731	145001301	2019-08-09	1	0	1	0	0	0	0	0	0	12.38	1	19.000	Working	0	0	0	0	0	0	0	0	0	0	0	0	0	0
145001301217732	145001301	2019-08-09		0			0	0	0	0	0	12.38	2	19.000	Working	0	0	0	0	0	0	0	0	0	0	0	0	0	0
145001301217733	145001301	2019-08-09		1			1	0	0	0	0	12.38	3	19.000	Working	0	2	0	2	0	1	0	0	0	0	0	0	1	0
145001301217872	145001301	2019-08-23		0			0	0	0	0	0	12.17	2	19.000	Working	0	0	0	0	0	0	0	0	0	0	0	0	0	0
145001301217873	145001301	2019-08-23		0			0	0	0	0	0	12.17	3	19.000	Working	0	0	0	0	0	0	0	0	0	0	0	0	0	0
145001301218011	145001301	2019-09-06		0			0	0	0	0	0	12.25	1	19.000		0	0	0	0	0	0	0	0	0	0	0	0	0	0
145001301218012	145001301	2019-09-06		0			0	0	0	0	0	12.25	2	19.000	Working	0	0	0	0	0	0	0	0	0	0	0	0	0	0
145001301218013	145001301	2019-09-06										12.25	3	19.000	Working														
145001301218152	145001301	2019-09-20		0			0	0	0	0	0	13.33	2	19.000	Working	0	0	0	0	0	0	0	0	0	0	0	0	0	0
145001301218153	145001301	2019-09-20		0			0	0	0	0	0	13.33	3	19.000	Working	0	0	0	0	0	0	0	0	0	0	0	0	0	0
145001301218292	145001301	2019-10-04		0			0	0	0	0	0	13.48	2	19.000	Working	0	0	0	0	0	0	0	0	0	0	0	0	0	0
145001301218293	145001301	2019-10-04		0			0	0	0	0	0	13.48	3	19.000	Working	0	0	0	0	0	0	0	0	0	0	0	0	0	0
145001701211261	145001701	2017-11-01	1	1	1	0	0	1	0	0	0	15.00	1	19.000	Working	0	1	0	1	0	0	0	0	0	0	0	0	1	0
145001701211262	145001701	2017-11-01		1			1	0	0	0	0	15.00	2	19.000	Working	0	1	0	1	0	0	0	0	0	0	0	0	1	0
145001701211441	145001701	2017-11-19	1	0	1	0	0	0	0	1	0	11.80	1	19.000	Working	0	2	0	2	0	0	0	0	0	1	0	0	0	0
145001701211442	145001701	2017-11-19		1			0	1	0	1	0	11.80	2	19.000	Working	0	2	0	2	0	0	0	0	0	0	0	0	1	0
145001701211581	145001701	2017-12-03		1			0	1	0	0	0	11.67	1	19.000	Working	0	1	0	1	0	0	0	0	0	0	0	0	1	0
145001701211582	145001701	2017-12-03		1			0	1	0	0	0	11.67	2	19.000	Working	0	1	0	1	0	0	0	0	0	0	0	0	1	0
145001701211721	145001701	2017-12-17		0			0	0	0	0	0	12.38	1	19.000	Working	0	0	0	0	0	0	0	0	0	0	0	0	0	0
145001701211722	145001701	2017-12-17		0			0	0	0	0	0	12.38	2	19.000	Working	0	0	0	0	0	0	0	0	0	0	0	0	0	0
145001701211871	145001701	2018-01-01		0			0	0	0	0	0	12.63	1	19.000	Working	0	0	0	0	0	0	0	0	0	0	0	0	0	0
145001701211872	145001701	2018-01-01		0			0	0	0	0	0	12.63	2	19.000	Working	0	0	0	0	0	0	0	0	0	0	0	0	0	0
145001701212011	145001701	2018-01-15		0			0	0	0	0	0	12.33	1	19.000	Working	0	0	0	0	0	0	0	0	0	0	0	0	0	0
145001701212012	145001701	2018-01-15		0			0	0	0	0	0	12.33	2	19.000	Working	0	0	0	0	0	0	0	0	0	0	0	0	0	0
145001701212141	145001701	2018-01-28		0			0	0	0	0	0	13.75	1	19.000	Working	0	0	0	0	0	0	0	0	0	0	0	0	0	0
145001701212142	145001701	2018-01-28		0			0	0	0	0	0	13.75	2	19.000	Working	0	0	0	0	0	0	0	0	0	0	0	0	0	0
145001701212281	145001701	2018-02-11		0			0	0	0	0	0	12.65	1	19.000	Working	0	0	0	0	0	0	0	0	0	0	0	0	0	0
145001701212282	145001701	2018-02-11		0			0	0	0	0	0	12.65	2	19.000	Working	0	0	0	0	0	0	0	0	0	0	0	0	0	0
145001701212421	145001701	2018-02-25		0			0	0	0	0	0	12.32	1	19.000	Working	0	0	0	0	0	0	0	0	0	0	0	0	0	0
145001701212422	145001701	2018-02-25		0			0	0	0	0	0	12.32	2	19.000	Working	0	0	0	0	0	0	0	0	0	0	0	0	0	0
145001701212561	145001701	2018-03-11		0			0	0	0	0	0	12.27	1	19.000	Working	0	0	0	0	0	0	0	0	0	0	0	0	0	0
145001701212562	145001701	2018-03-11		0			0	0	0	0	0	12.27	2	19.000	Working	0	0	0	0	0	0	0	0	0	0	0	0	0	0
145001701212701	145001701	2018-03-25		0			0	0	0	0	0	13.82	1	19.000	Working	0	0	0	0	0	0	0	0	0	0	0	0	0	0
145001701212702	145001701	2018-03-25		0			0	0	0	0	0	13.82	2	19.000	Working	0	0	0	0	0	0	0	0	0	0	0	0	0	0
145001701212841	145001701	2018-04-08		0			0	0	0	0	0	12.52	1	19.000	Working	0	0	0	0	0	0	0	0	0	0	0	0	0	0
145001701212842	145001701	2018-04-08		0			0	0	0	0	0	12.52	2	19.000	Working	0	0	0	0	0	0	0	0	0	0	0	0	0	0
145001701212981	145001701	2018-04-22	1	2	1	0	2	0	0	0	0	13.58	1	19.000	Working	0	2	0	2	0	0	0	0	0	0	0	0	2	0
145001701212982	145001701	2018-04-22		4			2	2	0	0	0	13.58	2	19.000	Working	0	4	0	4	0	0	0	0	0	0	0	0	4	0
145001701213121	145001701	2018-05-06		5			2	3	0	0	0	13.55	1	19.000	Working	0	5	0	5	0	0	0	0	0	0	0	0	5	0
145001701213122	145001701	2018-05-06		7			5	2	0	0	0	13.55	2	19.000	Working	0	7	0	7	0	0	0	0	0	0	0	0	7	0
145001701213261	145001701	2018-05-20	3	33	3	0	20	13	0	2	0	13.42	1	19.000	Working	0	45	0	45	0	4	0	0	0	6	0	0	33	0
145001701213262	145001701	2018-05-20		20			8	12	0	0	0	13.42	2	19.000	Working	0	23	0	23	0	2	0	0	0	1	0	0	20	0
145001701213401	145001701	2018-06-03	1	12	1	0	5	7	0	3	0	12.60	1	19.000	Working	0	25	0	25	0	4	0	0	0	6	0	0	12	0
145001701213402	145001701	2018-06-03		12			6	6	0	1	0	12.60	2	19.000	Working	0	17	0	17	0	3	0	0	0	1	0	0	12	0
145001701213541	145001701	2018-06-17		1			0	1	0	0	0	13.40	1	19.000	Working	0	1	0	1	0	0	0	0	0	0	0	0	1	0
145001701213542	145001701	2018-06-17		0			0	0	0	0	0	13.40	2	19.000	Working	0	0	0	0	0	0	0	0	0	0	0	0	0	0
145001701213681	145001701	2018-07-01		3			1	2	0	0	0	13.83	1	19.000	Working	0	3	0	3	0	0	0	0	0	0	0	0	3	0
145001701213682	145001701	2018-07-01		0			0	0	0	0	0	13.83	2	19.000	Working	0	0	0	0	0	0	0	0	0	0	0	0	0	0
145001701213821	145001701	2018-07-15		0			0	0	0	0	0	13.53	1	19.000	Working	0	0	0	0	0	0	0	0	0	0	0	0	0	0
145001701213822	145001701	2018-07-15		0			0	0	0	0	0	13.53	2	19.000	Working	0	0	0	0	0	0	0	0	0	0	0	0	0	0
145001701213961	145001701	2018-07-29		0			0	0	0	0	0	12.38	1	19.000	Working	0	0	0	0	0	0	0	0	0	0	0	0	0	0
145001701213962	145001701	2018-07-29		0			0	0	0	0	0	12.38	2	19.000	Working	0	0	0	0	0	0	0	0	0	0	0	0	0	0
145001701214101	145001701	2018-08-12		0			0	0	0	0	0	12.38	1	19.000	Working	0	1	0	0	0	0	1	1	0	0	0	0	0	0
145001701214102	145001701	2018-08-12		0			0	0	0	0	0	12.38	2	19.000	Working	0	0	0	0	0	0	0	0	0	0	0	0	0	0
145001701214241	145001701	2018-08-26		0			0	0	0	0	0	12.45	1	19.000	Working	0	0	0	0	0	0	0	0	0	0	0	0	0	0
145001701214242	145001701	2018-08-26		0			0	0	0	0	0	12.45	2	19.000	Working	0	0	0	0	0	0	0	0	0	0	0	0	0	0
145001701214381	145001701	2018-09-09		0			0	0	0	0	0	12.03	1	19.000	Working	0	0	0	0	0	0	0	0	0	0	0	0	0	0
145001701214382	145001701	2018-09-09		0			0	0	0	0	0	12.03	2	19.000	Working	0	0	0	0	0	0	0	0	0	0	0	0	0	0
145001701214541	145001701	2018-09-25		0			0	0	0	0	0	12.17	1	19.000	Working	0	0	0	0	0	0	0	0	0	0	0	0	0	0
145001701214542	145001701	2018-09-25		0			0	0	0	0	0	12.17	2	19.000	Working	0	0	0	0	0	0	0	0	0	0	0	0	0	0
145001701214661	145001701	2018-10-07		0			0	0	0	0	0	12.37	1	19.000	Working	0	0	0	0	0	0	0	0	0	0	0	0	0	0
145001701214662	145001701	2018-10-07		2			0	2	0	1	0	12.37	2	19.000	Working	0	3	0	3	0	0	0	0	0	0	0	0	2	0
145001701214801	145001701	2018-10-21		0			0	0	0	0	0	11.85	1	19.000	Working	0	0	0	0	0	0	0	0	0	0	0	0	0	0
145001701214802	145001701	2018-10-21		0			0	0	0	0	0	11.85	2	19.000	Working	0	0	0	0	0	0	0	0	0	0	0	0	0	0
145001701214941	145001701	2018-11-04		1			1	0	0	0	0	13.47	1	19.000	Working	0	1	0	1	0	0	0	0	0	0	0	0	1	0
145001701214942	145001701	2018-11-04		0			0	0	0	0	0	13.47	2	19.000	Working	0	0	0	0	0	0	0	0	0	0	0	0	0	0
145001701215081	145001701	2018-11-18		0			0	0	0	0	0	12.57	1	19.000	Working	0	0	0	0	0	0	0	0	0	0	0	0	0	0
145001701215082	145001701	2018-11-18		0			0	0	0	0	0	12.57	2	19.000	Working	0	0	0	0	0	0	0	0	0	0	0	0	0	0
145001701215221	145001701	2018-12-02		0			0	0	0	0	0	12.53	1	19.000	Working	0	0	0	0	0	0	0	0	0	0	0	0	0	0
145001701215222	145001701	2018-12-02		0			0	0	0	0	0	12.53	2	19.000	Working	0	0	0	0	0	0	0	0	0	0	0	0	0	0
145001701215361	145001701	2018-12-16		0			0	0	0	0	0	12.55	1	19.000	Working	0	0	0	0	0	0	0	0	0	0	0	0	0	0
145001701215362	145001701	2018-12-16		0			0	0	0	0	0	12.55	2	19.000	Working	0	0	0	0	0	0	0	0	0	0	0	0	0	0
145001701215511	145001701	2018-12-31		0			0	0	0	0	0	12.58	1	19.000	Working	0	0	0	0	0	0	0	0	0	0	0	0	0	0
145001701215512	145001701	2018-12-31		0			0	0	0	0	0	12.58	2	19.000	Working	0	0	0	0	0	0	0	0	0	0	0	0	0	0
145001701215641	145001701	2019-01-13		0			0	0	0	0	0	12.25	1	19.000	Working	0	0	0	0	0	0	0	0	0	0	0	0	0	0
145001701215642	145001701	2019-01-13		0			0	0	0	0	0	12.25	2	19.000	Working	0	0	0	0	0	0	0	0	0	0	0	0	0	0
145001701215781	145001701	2019-01-27		0			0	0	0	0	0	12.58	1	19.000	Working	0	0	0	0	0	0	0	0	0	0	0	0	0	0
145001701215782	145001701	2019-01-27		0			0	0	0	0	0	12.58	2	19.000	Working	0	0	0	0	0	0	0	0	0	0	0	0	0	0
145001701215921	145001701	2019-02-10		0			0	0	0	0	0	13.42	1	19.000	Working	0	0	0	0	0	0	0	0	0	0	0	0	0	0
145001701215922	145001701	2019-02-10		0			0	0	0	0	0	13.42	2	19.000	Working	0	0	0	0	0	0	0	0	0	0	0	0	0	0
145001701216061	145001701	2019-02-24		0			0	0	0	0	0	13.33	1	19.000	Working	0	0	0	0	0	0	0	0	0	0	0	0	0	0
145001701216062	145001701	2019-02-24		0			0	0	0	0	0	13.33	2	19.000	Working	0	0	0	0	0	0	0	0	0	0	0	0	0	0
145001701216201	145001701	2019-03-10		0			0	0	0	0	0	12.03	1	19.000	Working	0	0	0	0	0	0	0	0	0	0	0	0	0	0
145001701216202	145001701	2019-03-10		0			0	0	0	0	0	12.03	2	19.000	Working	0	0	0	0	0	0	0	0	0	0	0	0	0	0
145001701216341	145001701	2019-03-24	1	0	1	0	0	0	0	0	0	12.32	1	19.000	Working	0	0	0	0	0	0	0	0	0	0	0	0	0	0
145001701216342	145001701	2019-03-24		0			0	0	0	0	0	12.32	2	19.000	Working	0	1	0	1	0	1	0	0	0	0	0	0	0	0
145001701216481	145001701	2019-04-07		0			0	0	0	0	0	12.53	1	19.000	Working	0	0	0	0	0	0	0	0	0	0	0	0	0	0
145001701216482	145001701	2019-04-07		0			0	0	0	0	0	12.53	2	19.000	Working	0	0	0	0	0	0	0	0	0	0	0	0	0	0
145001701216621	145001701	2019-04-21		0			0	0	0	0	0	12.27	1	19.000	Working	0	0	0	0	0	0	0	0	0	0	0	0	0	0
145001701216622	145001701	2019-04-21		0			0	0	0	0	0	12.27	2	19.000	Working	0	0	0	0	0	0	0	0	0	0	0	0	0	0
145001701216761	145001701	2019-05-05		0			0	0	0	0	0	12.42	1	19.000	Working	0	0	0	0	0	0	0	0	0	0	0	0	0	0
145001701216762	145001701	2019-05-05		0			0	0	0	0	0	12.42	2	19.000	Working	0	0	0	0	0	0	0	0	0	0	0	0	0	0
145001701216901	145001701	2019-05-19		0			0	0	0	0	0	12.33	1	19.000	Working	0	1	0	1	0	0	0	0	0	1	0	0	0	0
145001701216902	145001701	2019-05-19		0			0	0	0	0	0	12.33	2	19.000	Working	0	0	0	0	0	0	0	0	0	0	0	0	0	0
145001701217041	145001701	2019-06-02		4			3	1	0	0	0	12.52	1	19.000	Working	0	5	0	5	0	1	0	0	0	0	0	0	4	0
145001701217042	145001701	2019-06-02		1			0	1	0	0	0	12.52	2	19.000	Working	0	2	0	2	0	0	0	0	0	1	0	0	1	0
145001701217181	145001701	2019-06-16		3			0	3	0	3	0	13.40	1	19.000	Working	0	6	0	6	0	0	0	0	0	0	0	0	3	0
145001701217182	145001701	2019-06-16		4			1	3	0	0	0	13.40	2	19.000	Working	0	7	0	7	0	3	0	0	0	0	0	0	4	0
145001701217321	145001701	2019-06-30		2			1	1	0	1	0	12.62	1	19.000	Working	0	4	0	4	0	1	0	0	0	0	0	0	2	0
145001701217322	145001701	2019-06-30		0			0	0	0	2	0	12.62	2	19.000	Working	0	2	0	2	0	0	0	0	0	0	0	0	0	0
145001701217461	145001701	2019-07-14	2	1	2	0	1	0	0	2	0	12.63	1	19.000	Working	0	5	0	5	0	1	0	0	0	1	0	0	1	0
145001701217462	145001701	2019-07-14		0			0	0	0	0	0	12.63	2	19.000	Working	0	0	0	0	0	0	0	0	0	0	0	0	0	0
145001701217601	145001701	2019-07-28	1	1	1	0	1	0	0	0	0	12.60	1	19.000	Working	0	1	0	1	0	0	0	0	0	0	0	0	1	0
145001701217602	145001701	2019-07-28		1			1	0	0	0	0	12.60	2	19.000	Working	0	1	0	1	0	0	0	0	0	0	0	0	1	0
145001701217741	145001701	2019-08-11		0			0	0	0	1	0	12.27	1	19.000	Working	0	1	0	1	0	0	0	0	0	0	0	0	0	0
145001701217742	145001701	2019-08-11		0			0	0	0	0	0	12.27	2	19.000	Working	0	0	0	0	0	0	0	0	0	0	0	0	0	0
145001701217881	145001701	2019-08-25		0			0	0	0	0	0	12.12	1	19.000	Working	0	1	0	1	0	1	0	0	0	0	0	0	0	0
145001701217882	145001701	2019-08-25		0			0	0	0	0	0	12.12	2	19.000	Working	0	1	0	1	0	0	0	0	0	1	0	0	0	0
145001701218021	145001701	2019-09-08	1	1	1	0	0	1	0	0	0	12.25	1	19.000	Working	0	1	0	1	0	0	0	0	0	0	0	0	1	0
145001701218022	145001701	2019-09-08		0			0	0	0	0	0	12.25	2	19.000	Working	0	0	0	0	0	0	0	0	0	0	0	0	0	0
145001701218161	145001701	2019-09-22		0			0	0	0	0	0	12.58	1	19.000	Working	0	0	0	0	0	0	0	0	0	0	0	0	0	0
145001701218162	145001701	2019-09-22		0			0	0	0	0	0	12.58	2	19.000	Working	0	0	0	0	0	0	0	0	0	0	0	0	0	0
145001701218301	145001701	2019-10-06		1			0	1	0	0	0	13.37	1	19.000	Working	0	1	0	1	0	0	0	0	0	0	0	0	1	0
145001701218302	145001701	2019-10-06		0			0	0	0	0	0	13.37	2	19.000	Working	0	0	0	0	0	0	0	0	0	0	0	0	0	0
146001002211251	146001002	2017-10-30		0			0	0	0	0	0	13.92	1	19.000	Working	0	0	0	0	0	0	0	0	0	0	0	0	0	0
146001002211252	146001002	2017-10-30		0			0	0	0	0	0	13.92	2	19.000	Working	0	0	0	0	0	0	0	0	0	0	0	0	0	0
146001002211401	146001002	2017-11-14		0			0	0	0	0	0	13.33	1	19.000	Working	0	0	0	0	0	0	0	0	0	0	0	0	0	0
146001002211402	146001002	2017-11-14		0			0	0	0	0	0	13.33	2	19.000	Working	0	0	0	0	0	0	0	0	0	0	0	0	0	0
146001002211571	146001002	2017-12-01		0			0	0	0	0	0	11.97	1	19.000	Working	0	0	0	0	0	0	0	0	0	0	0	0	0	0
146001002211572	146001002	2017-12-01		0			0	0	0	0	0	11.97	2	19.000	Working	0	0	0	0	0	0	0	0	0	0	0	0	0	0
146001002211711	146001002	2017-12-15		0			0	0	0	0	0	11.83	1	19.000	Working	0	0	0	0	0	0	0	0	0	0	0	0	0	0
146001002211712	146001002	2017-12-15		0			0	0	0	0	0	11.83	2	19.000	Working	0	0	0	0	0	0	0	0	0	0	0	0	0	0
146001002211861	146001002	2017-12-30	1	0	1	0	0	0	0	0	0	11.77	1	19.000	Working	0	0	0	0	0	0	0	0	0	0	0	0	0	0
146001002211862	146001002	2017-12-30		0			0	0	0	0	0	11.77	2	19.000	Working	0	1	0	1	0	1	0	0	0	0	0	0	0	0
146001002212001	146001002	2018-01-13		0			0	0	0	0	0	11.98	1	19.000	Working	0	0	0	0	0	0	0	0	0	0	0	0	0	0
146001002212002	146001002	2018-01-13		0			0	0	0	0	0	11.98	2	19.000	Working	0	0	0	0	0	0	0	0	0	0	0	0	0	0
146001002212131	146001002	2018-01-26		0			0	0	0	0	0	12.33	1	19.000	Working	0	0	0	0	0	0	0	0	0	0	0	0	0	0
146001002212132	146001002	2018-01-26		0			0	0	0	0	0	12.33	2	19.000	Working	0	0	0	0	0	0	0	0	0	0	0	0	0	0
146001002212271	146001002	2018-02-09		0			0	0	0	0	0	12.25	1	19.000	Working	0	0	0	0	0	0	0	0	0	0	0	0	0	0
146001002212272	146001002	2018-02-09		0			0	0	0	0	0	12.25	2	19.000	Working	0	0	0	0	0	0	0	0	0	0	0	0	0	0
146001002212411	146001002	2018-02-23		0			0	0	0	0	0	12.05	1	19.000	Working	0	0	0	0	0	0	0	0	0	0	0	0	0	0
146001002212412	146001002	2018-02-23		0			0	0	0	0	0	12.05	2	19.000	Working	0	0	0	0	0	0	0	0	0	0	0	0	0	0
146001002212551	146001002	2018-03-09		0			0	0	0	0	0	11.80	1	19.000	Working	0	0	0	0	0	0	0	0	0	0	0	0	0	0
146001002212552	146001002	2018-03-09		0			0	0	0	0	0	11.80	2	19.000	Working	0	0	0	0	0	0	0	0	0	0	0	0	0	0
146001002212691	146001002	2018-03-23		1			0	1	0	0	0	11.92	1	19.000	Working	0	1	0	1	0	0	0	0	0	0	0	0	1	0
146001002212692	146001002	2018-03-23		0			0	0	0	0	0	11.92	2	19.000	Working	0	0	0	0	0	0	0	0	0	0	0	0	0	0
146001002212831	146001002	2018-04-06		0			0	0	0	0	0	12.17	1	19.000	Working	0	0	0	0	0	0	0	0	0	0	0	0	0	0
146001002212832	146001002	2018-04-06		0			0	0	0	0	0	12.17	2	19.000	Working	0	0	0	0	0	0	0	0	0	0	0	0	0	0
146001002212971	146001002	2018-04-20		0			0	0	0	0	0	11.67	1	19.000	Working	0	0	0	0	0	0	0	0	0	0	0	0	0	0
146001002212972	146001002	2018-04-20		1			1	0	0	1	0	11.67	2	19.000	Working	0	2	0	2	0	0	0	0	0	0	0	0	1	0
146001002213111	146001002	2018-05-04		0			0	0	0	0	0	11.83	1	19.000	Working	0	0	0	0	0	0	0	0	0	0	0	0	0	0
146001002213112	146001002	2018-05-04		0			0	0	0	0	0	11.83	2	19.000	Working	0	0	0	0	0	0	0	0	0	0	0	0	0	0
146001002213251	146001002	2018-05-18		10			2	8	0	0	1	12.37	1	19.000	Working	0	11	0	10	0	0	0	1	0	0	0	0	10	0
146001002213252	146001002	2018-05-18		4			3	1	0	0	0	12.37	2	19.000	Working	0	4	0	4	0	0	0	0	0	0	0	0	4	0
146001002213391	146001002	2018-06-01		10			5	5	0	0	0	12.37	1	19.000	Working	0	11	0	10	0	0	0	1	0	0	0	0	10	1
146001002213392	146001002	2018-06-01		0			0	0	0	0	0	12.37	2	19.000	Working	0	0	0	0	0	0	0	0	0	0	0	0	0	0
146001002213531	146001002	2018-06-15		1			1	0	0	0	0	11.92	1	19.000	Working	0	1	0	1	0	0	0	0	0	0	0	0	1	0
146001002213532	146001002	2018-06-15		1			0	1	0	0	0	11.92	2	19.000	Working	0	2	0	2	0	1	0	0	0	0	0	0	1	0
146001002213671	146001002	2018-06-29	1	2	1	0	0	2	0	0	0	11.93	1	19.000	Working	0	3	0	3	0	0	0	0	0	1	0	0	2	0
146001002213672	146001002	2018-06-29		1			0	1	0	0	0	11.93	2	19.000	Working	0	1	0	1	0	0	0	0	0	0	0	0	1	0
146001002213811	146001002	2018-07-13		0			0	0	0	0	0	11.93	1	19.000	Working	0	0	0	0	0	0	0	0	0	0	0	0	0	0
146001002213812	146001002	2018-07-13		1			0	1	0	0	0	11.93	2	19.000	Working	0	1	0	1	0	0	0	0	0	0	0	0	1	0
146001002213951	146001002	2018-07-27		0			0	0	0	0	0	12.07	1	19.000	Working	0	0	0	0	0	0	0	0	0	0	0	0	0	0
146001002213952	146001002	2018-07-27		0			0	0	0	0	0	12.07	2	19.000	Working	0	2	0	1	0	1	0	1	0	0	0	0	0	1
146001002214091	146001002	2018-08-10		0			0	0	0	0	0	11.70	1	19.000	Working	0	2	0	0	0	0	0	2	0	0	0	0	0	2
146001002214092	146001002	2018-08-10		0			0	0	0	0	0	11.70	2	19.000	Working	0	0	0	0	0	0	0	0	0	0	0	0	0	0
146001002214231	146001002	2018-08-24		0			0	0	0	0	0	11.90	1	19.000	Working	0	0	0	0	0	0	0	0	0	0	0	0	0	0
146001002214232	146001002	2018-08-24		0			0	0	0	0	0	11.90	2	19.000	Working	0	0	0	0	0	0	0	0	0	0	0	0	0	0
146001002214371	146001002	2018-09-07	1	1	1	0	0	1	0	0	0	11.78	1	19.000	Working	0	1	0	1	0	0	0	0	0	0	0	0	1	0
146001002214372	146001002	2018-09-07		0			0	0	0	0	0	11.78	2	19.000	Working	0	0	0	0	0	0	0	0	0	0	0	0	0	0
146001002214531	146001002	2018-09-23	1	1	1	0	0	1	0	0	0	12.53	1	19.000	Working	0	1	0	1	0	0	0	0	0	0	0	0	1	0
146001002214532	146001002	2018-09-23		0			0	0	0	0	0	12.53	2	19.000	Working	0	0	0	0	0	0	0	0	0	0	0	0	0	0
146001002214651	146001002	2018-10-05		0			0	0	0	0	0	12.18	1	19.000	Working	0	0	0	0	0	0	0	0	0	0	0	0	0	0
146001002214652	146001002	2018-10-05		1			0	1	0	0	0	12.18	2	19.000	Working	0	2	0	2	0	1	0	0	0	0	0	0	1	0
146001002214791	146001002	2018-10-19	1	1	1	0	0	1	0	1	0	11.87	1	19.000	Working	0	2	0	2	0	0	0	0	0	0	0	0	1	0
146001002214792	146001002	2018-10-19		0			0	0	0	0	0	11.87	2	19.000	Working	0	1	0	1	0	0	0	0	0	1	0	0	0	0
146001002214931	146001002	2018-11-02		0			0	0	0	0	0	11.87	1	19.000	Working	0	0	0	0	0	0	0	0	0	0	0	0	0	0
146001002214932	146001002	2018-11-02		3			0	3	0	2	0	11.87	2	19.000	Working	0	5	0	5	0	0	0	0	0	0	0	0	3	0
146001002215071	146001002	2018-11-16		1			0	1	0	0	0	12.02	1	19.000	Working	0	2	0	2	0	1	0	0	0	0	0	0	1	0
146001002215072	146001002	2018-11-16		0			0	0	0	0	0	12.02	2	19.000	Working	0	0	0	0	0	0	0	0	0	0	0	0	0	0
146001002215211	146001002	2018-11-30		0			0	0	0	0	0	12.08	1	19.000	Working	0	0	0	0	0	0	0	0	0	0	0	0	0	0
146001002215212	146001002	2018-11-30		0			0	0	0	0	0	12.08	2	19.000	Working	0	0	0	0	0	0	0	0	0	0	0	0	0	0
146001002215351	146001002	2018-12-14		0			0	0	0	0	0	11.87	1	19.000	Working	0	0	0	0	0	0	0	0	0	0	0	0	0	0
146001002215352	146001002	2018-12-14		0			0	0	0	0	0	11.87	2	19.000	Working	0	0	0	0	0	0	0	0	0	0	0	0	0	0
146001002215491	146001002	2018-12-28	2	0	2	0	0	0	0	1	0	11.72	1	19.000	Working	0	1	0	1	0	0	0	0	0	0	0	0	0	0
146001002215492	146001002	2018-12-28		0			0	0	0	0	0	11.72	2	19.000	Working	0	1	0	1	0	1	0	0	0	0	0	0	0	0
146001002215631	146001002	2019-01-11		0			0	0	0	0	0	12.30	1	19.000	Working	0	0	0	0	0	0	0	0	0	0	0	0	0	0
146001002215632	146001002	2019-01-11		0			0	0	0	0	0	12.30	2	19.000	Working	0	0	0	0	0	0	0	0	0	0	0	0	0	0
146001002215771	146001002	2019-01-25	1	1	1	0	0	1	0	0	0	11.83	1	19.000	Working	0	1	0	1	0	0	0	0	0	0	0	0	1	0
146001002215772	146001002	2019-01-25		0			0	0	0	0	0	11.83	2	19.000	Working	0	0	0	0	0	0	0	0	0	0	0	0	0	0
146001002215912	146001002	2019-02-08		0			0	0	0	0	0	13.50	2	19.000	Working	0	0	0	0	0	0	0	0	0	0	0	0	0	0
146001002216052	146001002	2019-02-22		0			0	0	0	0	0	12.18	2	19.000	Working	0	0	0	0	0	0	0	0	0	0	0	0	0	0
146001002216192	146001002	2019-03-08		0			0	0	0	0	0	11.87	2	19.000	Working	0	0	0	0	0	0	0	0	0	0	0	0	0	0
146001002216332	146001002	2019-03-22		0			0	0	0	0	0	11.87	2	19.000	Working	0	0	0	0	0	0	0	0	0	0	0	0	0	0
146001002216472	146001002	2019-04-05		0			0	0	0	0	0	13.33	2	19.000	Working	0	0	0	0	0	0	0	0	0	0	0	0	0	0
146001002216612	146001002	2019-04-19		0			0	0	0	0	0	11.92	2	19.000	Working	0	1	0	1	0	1	0	0	0	0	0	0	0	0
146001002216752	146001002	2019-05-03		0			0	0	0	0	0	11.68	2	19.000	Working	0	0	0	0	0	0	0	0	0	0	0	0	0	0
146001002216892	146001002	2019-05-17	1	5	1	0	3	2	0	0	0	11.67	2	19.000	Working	0	9	0	9	0	3	0	0	0	1	0	0	5	0
146001002217032	146001002	2019-05-31	1	7	1	0	2	5	0	1	0	12.13	2	19.000	Working	0	9	0	9	0	1	0	0	0	0	0	0	7	0
146001002217172	146001002	2019-06-14		11			6	5	0	0	0	11.87	2	19.000	Working	0	14	0	14	0	3	0	0	0	0	0	0	11	0
146001002217312	146001002	2019-06-28	1	8	1	0	4	4	0	0	0	12.00	2	19.000	Working	0	8	0	8	0	0	0	0	0	0	0	0	8	0
146001002217452	146001002	2019-07-12	1	4	1	0	2	2	0	0	0	11.67	2	19.000	Working	0	4	0	4	0	0	0	0	0	0	0	0	4	0
146001002217592	146001002	2019-07-26		1			0	1	0	0	0	11.85	2	19.000	Working	0	3	0	3	0	1	0	0	0	1	0	0	1	0
146001002217732	146001002	2019-08-09	1	1	1	0	1	0	0	0	0	12.02	2	19.000	Working	0	1	0	1	0	0	0	0	0	0	0	0	1	0
146001002217872	146001002	2019-08-23		0			0	0	0	0	0	12.02	2	19.000	Working	0	0	0	0	0	0	0	0	0	0	0	0	0	0
146001002218012	146001002	2019-09-06	1	1	1	0	0	1	0	0	0	11.90	2	19.000	Working	0	1	0	1	0	0	0	0	0	0	0	0	1	0
146001002218152	146001002	2019-09-20		0			0	0	0	0	0	11.77	2	19.000	Working	0	0	0	0	0	0	0	0	0	0	0	0	0	0
146001002218292	146001002	2019-10-04		0			0	0	0	0	0	11.68	2	19.000	Working	0	0	0	0	0	0	0	0	0	0	0	0	0	0
